起点节点code,起点节点名称,终点节点id,终点节点名称,主体产业链关系,开始时间,结束时间,数据来源
6110229,四川德康农牧食品集团股份有限公司,AGRI006018,生猪养殖,BELONGS_TO_IND_NODE,2026-08-03,,联网搜索
6110229,四川德康农牧食品集团股份有限公司,AGRI006003,家畜养殖,BELONGS_TO_IND_NODE,2026-08-03,,联网搜索
6110229,四川德康农牧食品集团股份有限公司,AGRI000006,农林牧渔生产,BELONGS_TO_IND_NODE,2026-08-03,,联网搜索
6110229,四川德康农牧食品集团股份有限公司,AGRI000001,农林牧渔行业,BELONGS_TO_IND_NODE,2026-08-03,,联网搜索
1126758,贵州川恒化工股份有限公司,AGRI003002,磷肥及磷化工,BELONGS_TO_IND_NODE,2026-08-03,,联网搜索
1126758,贵州川恒化工股份有限公司,AGRI000003,农化与肥料,BELONGS_TO_IND_NODE,2026-08-03,,联网搜索
362177,雏鹰农牧集团股份有限公司,AGRI006018,生猪养殖,BELONGS_TO_IND_NODE,2026-08-03,,联网搜索
362177,雏鹰农牧集团股份有限公司,AGRI006003,家畜养殖,BELONGS_TO_IND_NODE,2026-08-03,,联网搜索
362177,雏鹰农牧集团股份有限公司,AGRI000006,农林牧渔生产,BELONGS_TO_IND_NODE,2026-08-03,,联网搜索
362177,雏鹰农牧集团股份有限公司,AGRI000001,农林牧渔行业,BELONGS_TO_IND_NODE,2026-08-03,,联网搜索
287883,贵州赤天化股份有限公司,AGRI003001,氮肥,BELONGS_TO_IND_NODE,2026-08-03,,联网搜索
287883,贵州赤天化股份有限公司,AGRI000003,农化与肥料,BELONGS_TO_IND_NODE,2026-08-03,,联网搜索
285993,四川泸天化股份有限公司,AGRI003001,氮肥,BELONGS_TO_IND_NODE,2026-08-03,,联网搜索
285993,四川泸天化股份有限公司,AGRI000003,农化与肥料,BELONGS_TO_IND_NODE,2026-08-03,,联网搜索
1579689,四川省国投羌山科技集团股份有限公司,AGRI006018,生猪养殖,BELONGS_TO_IND_NODE,2026-08-03,,联网搜索
1579689,四川省国投羌山科技集团股份有限公司,AGRI006003,家畜养殖,BELONGS_TO_IND_NODE,2026-08-03,,联网搜索
1579689,四川省国投羌山科技集团股份有限公司,AGRI000006,农林牧渔生产,BELONGS_TO_IND_NODE,2026-08-03,,联网搜索
1579689,四川省国投羌山科技集团股份有限公司,AGRI000001,农林牧渔行业,BELONGS_TO_IND_NODE,2026-08-03,,联网搜索
299774,山东好当家海洋发展股份有限公司,AGRI006014,海水水产养殖,BELONGS_TO_IND_NODE,2026-08-03,,联网搜索
299774,山东好当家海洋发展股份有限公司,AGRI006005,水产养殖,BELONGS_TO_IND_NODE,2026-08-03,,联网搜索
299774,山东好当家海洋发展股份有限公司,AGRI000006,农林牧渔生产,BELONGS_TO_IND_NODE,2026-08-03,,联网搜索
299774,山东好当家海洋发展股份有限公司,AGRI000001,农林牧渔行业,BELONGS_TO_IND_NODE,2026-08-03,,联网搜索
2431328,山东路斯宠物食品股份有限公司,AGRI004017,宠物零食,BELONGS_TO_IND_NODE,2026-08-03,,联网搜索
2431328,山东路斯宠物食品股份有限公司,AGRI004004,宠物食品,BELONGS_TO_IND_NODE,2026-08-03,,联网搜索
2431328,山东路斯宠物食品股份有限公司,AGRI000004,饲料工业,BELONGS_TO_IND_NODE,2026-08-03,,联网搜索
2431328,山东路斯宠物食品股份有限公司,AGRI000001,农林牧渔行业,BELONGS_TO_IND_NODE,2026-08-03,,联网搜索
3271530,乐山巨星农牧股份有限公司,AGRI006018,生猪养殖,BELONGS_TO_IND_NODE,2026-08-03,,联网搜索
3271530,乐山巨星农牧股份有限公司,AGRI006003,家畜养殖,BELONGS_TO_IND_NODE,2026-08-03,,联网搜索
3271530,乐山巨星农牧股份有限公司,AGRI000006,农林牧渔生产,BELONGS_TO_IND_NODE,2026-08-03,,联网搜索
3271530,乐山巨星农牧股份有限公司,AGRI000001,农林牧渔行业,BELONGS_TO_IND_NODE,2026-08-03,,联网搜索
863275,牧原食品集团股份有限公司,AGRI006018,生猪养殖,BELONGS_TO_IND_NODE,2026-08-03,,联网搜索
863275,牧原食品集团股份有限公司,AGRI006003,家畜养殖,BELONGS_TO_IND_NODE,2026-08-03,,联网搜索
863275,牧原食品集团股份有限公司,AGRI000006,农林牧渔生产,BELONGS_TO_IND_NODE,2026-08-03,,联网搜索
863275,牧原食品集团股份有限公司,AGRI000001,农林牧渔行业,BELONGS_TO_IND_NODE,2026-08-03,,联网搜索
2843726,江西华亨宠物食品股份有限公司,AGRI004004,宠物食品,BELONGS_TO_IND_NODE,2026-08-03,,联网搜索
2843726,江西华亨宠物食品股份有限公司,AGRI000004,饲料工业,BELONGS_TO_IND_NODE,2026-08-03,,联网搜索
2843726,江西华亨宠物食品股份有限公司,AGRI000001,农林牧渔行业,BELONGS_TO_IND_NODE,2026-08-03,,联网搜索
359180,四川发展龙蟒股份有限公司,AGRI003011,磷酸一铵,BELONGS_TO_IND_NODE,2026-08-03,,联网搜索
359180,四川发展龙蟒股份有限公司,AGRI003002,磷肥及磷化工,BELONGS_TO_IND_NODE,2026-08-03,,联网搜索
359180,四川发展龙蟒股份有限公司,AGRI000003,农化与肥料,BELONGS_TO_IND_NODE,2026-08-03,,联网搜索
4810676,甘肃文祥生态渔业股份有限公司,AGRI006013,淡水水产养殖,BELONGS_TO_IND_NODE,2026-08-03,,联网搜索
4810676,甘肃文祥生态渔业股份有限公司,AGRI006005,水产养殖,BELONGS_TO_IND_NODE,2026-08-03,,联网搜索
4810676,甘肃文祥生态渔业股份有限公司,AGRI000006,农林牧渔生产,BELONGS_TO_IND_NODE,2026-08-03,,联网搜索
4810676,甘肃文祥生态渔业股份有限公司,AGRI000001,农林牧渔行业,BELONGS_TO_IND_NODE,2026-08-03,,联网搜索
287373,四川美丰化工股份有限公司,AGRI003001,氮肥,BELONGS_TO_IND_NODE,2026-08-03,,联网搜索
287373,四川美丰化工股份有限公司,AGRI000003,农化与肥料,BELONGS_TO_IND_NODE,2026-08-03,,联网搜索
2544529,大连鑫玉龙海洋生物种业科技股份有限公司,AGRI006014,海水水产养殖,BELONGS_TO_IND_NODE,2026-08-03,,联网搜索
2544529,大连鑫玉龙海洋生物种业科技股份有限公司,AGRI006005,水产养殖,BELONGS_TO_IND_NODE,2026-08-03,,联网搜索
2544529,大连鑫玉龙海洋生物种业科技股份有限公司,AGRI000006,农林牧渔生产,BELONGS_TO_IND_NODE,2026-08-03,,联网搜索
2544529,大连鑫玉龙海洋生物种业科技股份有限公司,AGRI000001,农林牧渔行业,BELONGS_TO_IND_NODE,2026-08-03,,联网搜索
2973891,四川安达农森科技股份有限公司,AGRI003003,钾肥,BELONGS_TO_IND_NODE,2026-08-03,,联网搜索
2973891,四川安达农森科技股份有限公司,AGRI000003,农化与肥料,BELONGS_TO_IND_NODE,2026-08-03,,联网搜索
9811445,米高集团控股有限公司,AGRI003003,钾肥,BELONGS_TO_IND_NODE,2026-08-03,,联网搜索
9811445,米高集团控股有限公司,AGRI000003,农化与肥料,BELONGS_TO_IND_NODE,2026-08-03,,联网搜索
287469,四川宏达股份有限公司,AGRI003011,磷酸一铵,BELONGS_TO_IND_NODE,2026-08-03,,联网搜索
287469,四川宏达股份有限公司,AGRI003002,磷肥及磷化工,BELONGS_TO_IND_NODE,2026-08-03,,联网搜索
287469,四川宏达股份有限公司,AGRI000003,农化与肥料,BELONGS_TO_IND_NODE,2026-08-03,,联网搜索
2050001,湖北金旭农业发展股份有限公司,AGRI006018,生猪养殖,BELONGS_TO_IND_NODE,2026-08-03,,联网搜索
2050001,湖北金旭农业发展股份有限公司,AGRI006003,家畜养殖,BELONGS_TO_IND_NODE,2026-08-03,,联网搜索
2050001,湖北金旭农业发展股份有限公司,AGRI000006,农林牧渔生产,BELONGS_TO_IND_NODE,2026-08-03,,联网搜索
2050001,湖北金旭农业发展股份有限公司,AGRI000001,农林牧渔行业,BELONGS_TO_IND_NODE,2026-08-03,,联网搜索
285387,湖北宜化化工股份有限公司,AGRI003001,氮肥,BELONGS_TO_IND_NODE,2026-08-03,,联网搜索
285387,湖北宜化化工股份有限公司,AGRI000003,农化与肥料,BELONGS_TO_IND_NODE,2026-08-03,,联网搜索
293853,天邦食品股份有限公司,AGRI006018,生猪养殖,BELONGS_TO_IND_NODE,2026-08-03,,联网搜索
293853,天邦食品股份有限公司,AGRI006003,家畜养殖,BELONGS_TO_IND_NODE,2026-08-03,,联网搜索
293853,天邦食品股份有限公司,AGRI000006,农林牧渔生产,BELONGS_TO_IND_NODE,2026-08-03,,联网搜索
293853,天邦食品股份有限公司,AGRI000001,农林牧渔行业,BELONGS_TO_IND_NODE,2026-08-03,,联网搜索
285506,山西潞安化工科技股份有限公司,AGRI003001,氮肥,BELONGS_TO_IND_NODE,2026-08-03,,联网搜索
285506,山西潞安化工科技股份有限公司,AGRI000003,农化与肥料,BELONGS_TO_IND_NODE,2026-08-03,,联网搜索
285920,湖北武昌鱼股份有限公司,AGRI006005,水产养殖,BELONGS_TO_IND_NODE,2026-08-03,,联网搜索
285920,湖北武昌鱼股份有限公司,AGRI000006,农林牧渔生产,BELONGS_TO_IND_NODE,2026-08-03,,联网搜索
285920,湖北武昌鱼股份有限公司,AGRI000001,农林牧渔行业,BELONGS_TO_IND_NODE,2026-08-03,,联网搜索
612724,深圳市京基智农时代股份有限公司,AGRI006018,生猪养殖,BELONGS_TO_IND_NODE,2026-08-03,,联网搜索
612724,深圳市京基智农时代股份有限公司,AGRI006003,家畜养殖,BELONGS_TO_IND_NODE,2026-08-03,,联网搜索
612724,深圳市京基智农时代股份有限公司,AGRI000006,农林牧渔生产,BELONGS_TO_IND_NODE,2026-08-03,,联网搜索
612724,深圳市京基智农时代股份有限公司,AGRI000001,农林牧渔行业,BELONGS_TO_IND_NODE,2026-08-03,,联网搜索
285965,江苏澄星磷化工股份有限公司,AGRI003016,精细磷化工,BELONGS_TO_IND_NODE,2026-08-03,,联网搜索
285965,江苏澄星磷化工股份有限公司,AGRI003002,磷肥及磷化工,BELONGS_TO_IND_NODE,2026-08-03,,联网搜索
285965,江苏澄星磷化工股份有限公司,AGRI000003,农化与肥料,BELONGS_TO_IND_NODE,2026-08-03,,联网搜索
286423,云南云天化股份有限公司,AGRI003011,磷酸一铵,BELONGS_TO_IND_NODE,2026-08-03,,联网搜索
286423,云南云天化股份有限公司,AGRI003002,磷肥及磷化工,BELONGS_TO_IND_NODE,2026-08-03,,联网搜索
286423,云南云天化股份有限公司,AGRI000003,农化与肥料,BELONGS_TO_IND_NODE,2026-08-03,,联网搜索
286423,云南云天化股份有限公司,AGRI003012,磷酸二铵,BELONGS_TO_IND_NODE,2026-08-03,,联网搜索
309651,安徽六国化工股份有限公司,AGRI003011,磷酸一铵,BELONGS_TO_IND_NODE,2026-08-03,,联网搜索
309651,安徽六国化工股份有限公司,AGRI003002,磷肥及磷化工,BELONGS_TO_IND_NODE,2026-08-03,,联网搜索
309651,安徽六国化工股份有限公司,AGRI000003,农化与肥料,BELONGS_TO_IND_NODE,2026-08-03,,联网搜索
309651,安徽六国化工股份有限公司,AGRI003012,磷酸二铵,BELONGS_TO_IND_NODE,2026-08-03,,联网搜索
286444,湖北兴发化工集团股份有限公司,AGRI003011,磷酸一铵,BELONGS_TO_IND_NODE,2026-08-03,,联网搜索
286444,湖北兴发化工集团股份有限公司,AGRI003002,磷肥及磷化工,BELONGS_TO_IND_NODE,2026-08-03,,联网搜索
286444,湖北兴发化工集团股份有限公司,AGRI000003,农化与肥料,BELONGS_TO_IND_NODE,2026-08-03,,联网搜索
286444,湖北兴发化工集团股份有限公司,AGRI003016,精细磷化工,BELONGS_TO_IND_NODE,2026-08-03,,联网搜索
286441,亚钾国际投资(广州)股份有限公司,AGRI003003,钾肥,BELONGS_TO_IND_NODE,2026-08-03,,联网搜索
286441,亚钾国际投资(广州)股份有限公司,AGRI000003,农化与肥料,BELONGS_TO_IND_NODE,2026-08-03,,联网搜索
2540769,大连壮元海生态苗业股份有限公司,AGRI006014,海水水产养殖,BELONGS_TO_IND_NODE,2026-08-03,,联网搜索
2540769,大连壮元海生态苗业股份有限公司,AGRI006005,水产养殖,BELONGS_TO_IND_NODE,2026-08-03,,联网搜索
2540769,大连壮元海生态苗业股份有限公司,AGRI000006,农林牧渔生产,BELONGS_TO_IND_NODE,2026-08-03,,联网搜索
2540769,大连壮元海生态苗业股份有限公司,AGRI000001,农林牧渔行业,BELONGS_TO_IND_NODE,2026-08-03,,联网搜索
280291,湖南新五丰股份有限公司,AGRI006018,生猪养殖,BELONGS_TO_IND_NODE,2026-08-03,,联网搜索
280291,湖南新五丰股份有限公司,AGRI006003,家畜养殖,BELONGS_TO_IND_NODE,2026-08-03,,联网搜索
280291,湖南新五丰股份有限公司,AGRI000006,农林牧渔生产,BELONGS_TO_IND_NODE,2026-08-03,,联网搜索
280291,湖南新五丰股份有限公司,AGRI000001,农林牧渔行业,BELONGS_TO_IND_NODE,2026-08-03,,联网搜索
3418960,东瑞食品集团股份有限公司,AGRI006018,生猪养殖,BELONGS_TO_IND_NODE,2026-08-03,,联网搜索
3418960,东瑞食品集团股份有限公司,AGRI006003,家畜养殖,BELONGS_TO_IND_NODE,2026-08-03,,联网搜索
3418960,东瑞食品集团股份有限公司,AGRI000006,农林牧渔生产,BELONGS_TO_IND_NODE,2026-08-03,,联网搜索
3418960,东瑞食品集团股份有限公司,AGRI000001,农林牧渔行业,BELONGS_TO_IND_NODE,2026-08-03,,联网搜索
286474,湖北洪湖生态农业股份有限公司,AGRI006005,水产养殖,BELONGS_TO_IND_NODE,2026-08-03,,联网搜索
286474,湖北洪湖生态农业股份有限公司,AGRI000006,农林牧渔生产,BELONGS_TO_IND_NODE,2026-08-03,,联网搜索
286474,湖北洪湖生态农业股份有限公司,AGRI000001,农林牧渔行业,BELONGS_TO_IND_NODE,2026-08-03,,联网搜索
841977,四川和邦生物科技股份有限公司,AGRI003011,磷酸一铵,BELONGS_TO_IND_NODE,2026-08-03,,联网搜索
841977,四川和邦生物科技股份有限公司,AGRI003002,磷肥及磷化工,BELONGS_TO_IND_NODE,2026-08-03,,联网搜索
841977,四川和邦生物科技股份有限公司,AGRI000003,农化与肥料,BELONGS_TO_IND_NODE,2026-08-03,,联网搜索
286154,青海盐湖工业股份有限公司,AGRI003003,钾肥,BELONGS_TO_IND_NODE,2026-08-03,,联网搜索
286154,青海盐湖工业股份有限公司,AGRI000003,农化与肥料,BELONGS_TO_IND_NODE,2026-08-03,,联网搜索
285637,大湖健康产业股份有限公司,AGRI006005,水产养殖,BELONGS_TO_IND_NODE,2026-08-03,,联网搜索
285637,大湖健康产业股份有限公司,AGRI000006,农林牧渔生产,BELONGS_TO_IND_NODE,2026-08-03,,联网搜索
285637,大湖健康产业股份有限公司,AGRI000001,农林牧渔行业,BELONGS_TO_IND_NODE,2026-08-03,,联网搜索
3356224,安徽大自然种猪股份有限公司,AGRI006026,种猪繁育,BELONGS_TO_IND_NODE,2026-08-03,,联网搜索
3356224,安徽大自然种猪股份有限公司,AGRI006018,生猪养殖,BELONGS_TO_IND_NODE,2026-08-03,,联网搜索
3356224,安徽大自然种猪股份有限公司,AGRI006003,家畜养殖,BELONGS_TO_IND_NODE,2026-08-03,,联网搜索
3356224,安徽大自然种猪股份有限公司,AGRI000006,农林牧渔生产,BELONGS_TO_IND_NODE,2026-08-03,,联网搜索
3356224,安徽大自然种猪股份有限公司,AGRI000001,农林牧渔行业,BELONGS_TO_IND_NODE,2026-08-03,,联网搜索
3426268,巴中市巴山牧业股份有限公司,AGRI006018,生猪养殖,BELONGS_TO_IND_NODE,2026-08-03,,联网搜索
3426268,巴中市巴山牧业股份有限公司,AGRI006003,家畜养殖,BELONGS_TO_IND_NODE,2026-08-03,,联网搜索
3426268,巴中市巴山牧业股份有限公司,AGRI000006,农林牧渔生产,BELONGS_TO_IND_NODE,2026-08-03,,联网搜索
3426268,巴中市巴山牧业股份有限公司,AGRI000001,农林牧渔行业,BELONGS_TO_IND_NODE,2026-08-03,,联网搜索
286114,藏格矿业股份有限公司,AGRI003003,钾肥,BELONGS_TO_IND_NODE,2026-08-03,,联网搜索
286114,藏格矿业股份有限公司,AGRI000003,农化与肥料,BELONGS_TO_IND_NODE,2026-08-03,,联网搜索
1181094,昆明川金诺化工股份有限公司,AGRI003016,精细磷化工,BELONGS_TO_IND_NODE,2026-08-03,,联网搜索
1181094,昆明川金诺化工股份有限公司,AGRI003002,磷肥及磷化工,BELONGS_TO_IND_NODE,2026-08-03,,联网搜索
1181094,昆明川金诺化工股份有限公司,AGRI000003,农化与肥料,BELONGS_TO_IND_NODE,2026-08-03,,联网搜索
770549,青岛东方铁塔股份有限公司,AGRI003003,钾肥,BELONGS_TO_IND_NODE,2026-08-03,,联网搜索
770549,青岛东方铁塔股份有限公司,AGRI000003,农化与肥料,BELONGS_TO_IND_NODE,2026-08-03,,联网搜索
286361,山东华鲁恒升化工股份有限公司,AGRI003001,氮肥,BELONGS_TO_IND_NODE,2026-08-03,,联网搜索
286361,山东华鲁恒升化工股份有限公司,AGRI000003,农化与肥料,BELONGS_TO_IND_NODE,2026-08-03,,联网搜索
609760,罗牛山股份有限公司,AGRI006018,生猪养殖,BELONGS_TO_IND_NODE,2026-08-03,,联网搜索
609760,罗牛山股份有限公司,AGRI006003,家畜养殖,BELONGS_TO_IND_NODE,2026-08-03,,联网搜索
609760,罗牛山股份有限公司,AGRI000006,农林牧渔生产,BELONGS_TO_IND_NODE,2026-08-03,,联网搜索
609760,罗牛山股份有限公司,AGRI000001,农林牧渔行业,BELONGS_TO_IND_NODE,2026-08-03,,联网搜索
2416467,天域生物科技股份有限公司,AGRI006018,生猪养殖,BELONGS_TO_IND_NODE,2026-08-03,,联网搜索
2416467,天域生物科技股份有限公司,AGRI006003,家畜养殖,BELONGS_TO_IND_NODE,2026-08-03,,联网搜索
2416467,天域生物科技股份有限公司,AGRI000006,农林牧渔生产,BELONGS_TO_IND_NODE,2026-08-03,,联网搜索
2416467,天域生物科技股份有限公司,AGRI000001,农林牧渔行业,BELONGS_TO_IND_NODE,2026-08-03,,联网搜索
2415880,佩蒂动物营养科技股份有限公司,AGRI004004,宠物食品,BELONGS_TO_IND_NODE,2026-08-03,,联网搜索
2415880,佩蒂动物营养科技股份有限公司,AGRI000004,饲料工业,BELONGS_TO_IND_NODE,2026-08-03,,联网搜索
2415880,佩蒂动物营养科技股份有限公司,AGRI000001,农林牧渔行业,BELONGS_TO_IND_NODE,2026-08-03,,联网搜索
2772930,烟台中宠食品股份有限公司,AGRI004016,宠物主粮,BELONGS_TO_IND_NODE,2026-08-03,,联网搜索
2772930,烟台中宠食品股份有限公司,AGRI004004,宠物食品,BELONGS_TO_IND_NODE,2026-08-03,,联网搜索
2772930,烟台中宠食品股份有限公司,AGRI000004,饲料工业,BELONGS_TO_IND_NODE,2026-08-03,,联网搜索
2772930,烟台中宠食品股份有限公司,AGRI000001,农林牧渔行业,BELONGS_TO_IND_NODE,2026-08-03,,联网搜索
2772930,烟台中宠食品股份有限公司,AGRI004017,宠物零食,BELONGS_TO_IND_NODE,2026-08-03,,联网搜索
3390910,黑龙江省四宝生物科技股份有限公司,AGRI006013,淡水水产养殖,BELONGS_TO_IND_NODE,2026-08-03,,联网搜索
3390910,黑龙江省四宝生物科技股份有限公司,AGRI006005,水产养殖,BELONGS_TO_IND_NODE,2026-08-03,,联网搜索
3390910,黑龙江省四宝生物科技股份有限公司,AGRI000006,农林牧渔生产,BELONGS_TO_IND_NODE,2026-08-03,,联网搜索
3390910,黑龙江省四宝生物科技股份有限公司,AGRI000001,农林牧渔行业,BELONGS_TO_IND_NODE,2026-08-03,,联网搜索
267514,湛江国联水产开发股份有限公司,AGRI006005,水产养殖,BELONGS_TO_IND_NODE,2026-08-03,,联网搜索
267514,湛江国联水产开发股份有限公司,AGRI000006,农林牧渔生产,BELONGS_TO_IND_NODE,2026-08-03,,联网搜索
267514,湛江国联水产开发股份有限公司,AGRI000001,农林牧渔行业,BELONGS_TO_IND_NODE,2026-08-03,,联网搜索
267514,湛江国联水产开发股份有限公司,AGRI007008,水产品加工,BELONGS_TO_IND_NODE,2026-08-03,,联网搜索
267514,湛江国联水产开发股份有限公司,AGRI000007,农产品加工与仓储,BELONGS_TO_IND_NODE,2026-08-03,,联网搜索
308752,温氏食品集团股份有限公司,AGRI006012,黄羽肉鸡养殖,BELONGS_TO_IND_NODE,2026-08-03,,联网搜索
308752,温氏食品集团股份有限公司,AGRI006004,家禽养殖,BELONGS_TO_IND_NODE,2026-08-03,,联网搜索
308752,温氏食品集团股份有限公司,AGRI000006,农林牧渔生产,BELONGS_TO_IND_NODE,2026-08-03,,联网搜索
308752,温氏食品集团股份有限公司,AGRI000001,农林牧渔行业,BELONGS_TO_IND_NODE,2026-08-03,,联网搜索
308752,温氏食品集团股份有限公司,AGRI006018,生猪养殖,BELONGS_TO_IND_NODE,2026-08-03,,联网搜索
308752,温氏食品集团股份有限公司,AGRI006003,家畜养殖,BELONGS_TO_IND_NODE,2026-08-03,,联网搜索
312782,獐子岛集团股份有限公司,AGRI006005,水产养殖,BELONGS_TO_IND_NODE,2026-08-03,,联网搜索
312782,獐子岛集团股份有限公司,AGRI000006,农林牧渔生产,BELONGS_TO_IND_NODE,2026-08-03,,联网搜索
312782,獐子岛集团股份有限公司,AGRI000001,农林牧渔行业,BELONGS_TO_IND_NODE,2026-08-03,,联网搜索
336925,江西正邦科技股份有限公司,AGRI006028,商品猪育肥,BELONGS_TO_IND_NODE,2026-08-03,,联网搜索
336925,江西正邦科技股份有限公司,AGRI006018,生猪养殖,BELONGS_TO_IND_NODE,2026-08-03,,联网搜索
336925,江西正邦科技股份有限公司,AGRI006003,家畜养殖,BELONGS_TO_IND_NODE,2026-08-03,,联网搜索
336925,江西正邦科技股份有限公司,AGRI000006,农林牧渔生产,BELONGS_TO_IND_NODE,2026-08-03,,联网搜索
336925,江西正邦科技股份有限公司,AGRI000001,农林牧渔行业,BELONGS_TO_IND_NODE,2026-08-03,,联网搜索
2607413,河北万森生物科技股份有限公司,AGRI004004,宠物食品,BELONGS_TO_IND_NODE,2026-08-03,,联网搜索
2607413,河北万森生物科技股份有限公司,AGRI000004,饲料工业,BELONGS_TO_IND_NODE,2026-08-03,,联网搜索
2607413,河北万森生物科技股份有限公司,AGRI000001,农林牧渔行业,BELONGS_TO_IND_NODE,2026-08-03,,联网搜索
1154345,云南神农农业产业集团股份有限公司,AGRI006018,生猪养殖,BELONGS_TO_IND_NODE,2026-08-03,,联网搜索
1154345,云南神农农业产业集团股份有限公司,AGRI006003,家畜养殖,BELONGS_TO_IND_NODE,2026-08-03,,联网搜索
1154345,云南神农农业产业集团股份有限公司,AGRI000006,农林牧渔生产,BELONGS_TO_IND_NODE,2026-08-03,,联网搜索
1154345,云南神农农业产业集团股份有限公司,AGRI000001,农林牧渔行业,BELONGS_TO_IND_NODE,2026-08-03,,联网搜索
1250151,福建省星源农牧科技股份有限公司,AGRI006018,生猪养殖,BELONGS_TO_IND_NODE,2026-08-03,,联网搜索
1250151,福建省星源农牧科技股份有限公司,AGRI006003,家畜养殖,BELONGS_TO_IND_NODE,2026-08-03,,联网搜索
1250151,福建省星源农牧科技股份有限公司,AGRI000006,农林牧渔生产,BELONGS_TO_IND_NODE,2026-08-03,,联网搜索
1250151,福建省星源农牧科技股份有限公司,AGRI000001,农林牧渔行业,BELONGS_TO_IND_NODE,2026-08-03,,联网搜索
2612541,广东天合牧科实业股份有限公司,AGRI006018,生猪养殖,BELONGS_TO_IND_NODE,2026-08-03,,联网搜索
2612541,广东天合牧科实业股份有限公司,AGRI006003,家畜养殖,BELONGS_TO_IND_NODE,2026-08-03,,联网搜索
2612541,广东天合牧科实业股份有限公司,AGRI000006,农林牧渔生产,BELONGS_TO_IND_NODE,2026-08-03,,联网搜索
2612541,广东天合牧科实业股份有限公司,AGRI000001,农林牧渔行业,BELONGS_TO_IND_NODE,2026-08-03,,联网搜索
862719,杭州千岛湖鲟龙科技股份有限公司,AGRI006013,淡水水产养殖,BELONGS_TO_IND_NODE,2026-08-03,,联网搜索
862719,杭州千岛湖鲟龙科技股份有限公司,AGRI006005,水产养殖,BELONGS_TO_IND_NODE,2026-08-03,,联网搜索
862719,杭州千岛湖鲟龙科技股份有限公司,AGRI000006,农林牧渔生产,BELONGS_TO_IND_NODE,2026-08-03,,联网搜索
862719,杭州千岛湖鲟龙科技股份有限公司,AGRI000001,农林牧渔行业,BELONGS_TO_IND_NODE,2026-08-03,,联网搜索
3427480,大连御龙生态渔业股份有限公司,AGRI006014,海水水产养殖,BELONGS_TO_IND_NODE,2026-08-03,,联网搜索
3427480,大连御龙生态渔业股份有限公司,AGRI006005,水产养殖,BELONGS_TO_IND_NODE,2026-08-03,,联网搜索
3427480,大连御龙生态渔业股份有限公司,AGRI000006,农林牧渔生产,BELONGS_TO_IND_NODE,2026-08-03,,联网搜索
3427480,大连御龙生态渔业股份有限公司,AGRI000001,农林牧渔行业,BELONGS_TO_IND_NODE,2026-08-03,,联网搜索
3317461,乖宝宠物食品集团股份有限公司,AGRI004004,宠物食品,BELONGS_TO_IND_NODE,2026-08-03,,联网搜索
3317461,乖宝宠物食品集团股份有限公司,AGRI000004,饲料工业,BELONGS_TO_IND_NODE,2026-08-03,,联网搜索
3317461,乖宝宠物食品集团股份有限公司,AGRI000001,农林牧渔行业,BELONGS_TO_IND_NODE,2026-08-03,,联网搜索
7642676,苏州市味知香食品股份有限公司,AGRI007005,肉制品与预制菜加工,BELONGS_TO_IND_NODE,2026-08-03,,联网搜索
7642676,苏州市味知香食品股份有限公司,AGRI000007,农产品加工与仓储,BELONGS_TO_IND_NODE,2026-08-03,,联网搜索
817742,佳沃食品股份有限公司,AGRI007008,水产品加工,BELONGS_TO_IND_NODE,2026-08-03,,联网搜索
817742,佳沃食品股份有限公司,AGRI000007,农产品加工与仓储,BELONGS_TO_IND_NODE,2026-08-03,,联网搜索
286766,中基健康产业股份有限公司,AGRI007002,植物油加工,BELONGS_TO_IND_NODE,2026-08-03,,联网搜索
286766,中基健康产业股份有限公司,AGRI000007,农产品加工与仓储,BELONGS_TO_IND_NODE,2026-08-03,,联网搜索
286421,福建东百集团股份有限公司,AGRI007009,农产品冷链仓储,BELONGS_TO_IND_NODE,2026-08-03,,联网搜索
286421,福建东百集团股份有限公司,AGRI000007,农产品加工与仓储,BELONGS_TO_IND_NODE,2026-08-03,,联网搜索
286679,新希望六和股份有限公司,AGRI004001,配合饲料,BELONGS_TO_IND_NODE,2026-08-03,,联网搜索
286679,新希望六和股份有限公司,AGRI000004,饲料工业,BELONGS_TO_IND_NODE,2026-08-03,,联网搜索
286679,新希望六和股份有限公司,AGRI000001,农林牧渔行业,BELONGS_TO_IND_NODE,2026-08-03,,联网搜索
286535,深圳市农产品集团股份有限公司,AGRI008001,农产品批发市场,BELONGS_TO_IND_NODE,2026-08-03,,联网搜索
286535,深圳市农产品集团股份有限公司,AGRI000008,农产品流通与消费渠道,BELONGS_TO_IND_NODE,2026-08-03,,联网搜索
295191,步步高商业连锁股份有限公司,AGRI008004,生鲜零售终端渠道,BELONGS_TO_IND_NODE,2026-08-03,,联网搜索
295191,步步高商业连锁股份有限公司,AGRI000008,农产品流通与消费渠道,BELONGS_TO_IND_NODE,2026-08-03,,联网搜索
2149064,骏东(控股)有限公司,AGRI006006,林业生产,BELONGS_TO_IND_NODE,2026-08-03,,联网搜索
2149064,骏东(控股)有限公司,AGRI000006,农林牧渔生产,BELONGS_TO_IND_NODE,2026-08-03,,联网搜索
2149064,骏东(控股)有限公司,AGRI000001,农林牧渔行业,BELONGS_TO_IND_NODE,2026-08-03,,联网搜索
361693,顺丰控股股份有限公司,AGRI008002,生鲜冷链物流,BELONGS_TO_IND_NODE,2026-08-03,,联网搜索
361693,顺丰控股股份有限公司,AGRI000008,农产品流通与消费渠道,BELONGS_TO_IND_NODE,2026-08-03,,联网搜索
1069571,祖名豆制品集团股份有限公司,AGRI000007,农产品加工与仓储,BELONGS_TO_IND_NODE,2026-08-03,,联网搜索
1128075,江苏苏北粮油股份有限公司,AGRI007001,粮食加工,BELONGS_TO_IND_NODE,2026-08-03,,联网搜索
1128075,江苏苏北粮油股份有限公司,AGRI000007,农产品加工与仓储,BELONGS_TO_IND_NODE,2026-08-03,,联网搜索
1335618,河南金丹乳酸科技股份有限公司,AGRI004012,饲用氨基酸,BELONGS_TO_IND_NODE,2026-08-03,,联网搜索
1335618,河南金丹乳酸科技股份有限公司,AGRI004003,饲料添加剂,BELONGS_TO_IND_NODE,2026-08-03,,联网搜索
1335618,河南金丹乳酸科技股份有限公司,AGRI000004,饲料工业,BELONGS_TO_IND_NODE,2026-08-03,,联网搜索
1335618,河南金丹乳酸科技股份有限公司,AGRI000001,农林牧渔行业,BELONGS_TO_IND_NODE,2026-08-03,,联网搜索
1700243,武汉科前生物股份有限公司,AGRI005006,猪用疫苗,BELONGS_TO_IND_NODE,2026-08-03,,联网搜索
1700243,武汉科前生物股份有限公司,AGRI005001,兽用疫苗,BELONGS_TO_IND_NODE,2026-08-03,,联网搜索
1700243,武汉科前生物股份有限公司,AGRI000005,动物保健与兽药,BELONGS_TO_IND_NODE,2026-08-03,,联网搜索
1334471,四川国光农化股份有限公司,AGRI003009,植物生长调节剂,BELONGS_TO_IND_NODE,2026-08-03,,联网搜索
1334471,四川国光农化股份有限公司,AGRI000003,农化与肥料,BELONGS_TO_IND_NODE,2026-08-03,,联网搜索
1115014,湖北均瑶大健康饮品股份有限公司,AGRI007006,乳制品加工,BELONGS_TO_IND_NODE,2026-08-03,,联网搜索
1115014,湖北均瑶大健康饮品股份有限公司,AGRI000007,农产品加工与仓储,BELONGS_TO_IND_NODE,2026-08-03,,联网搜索
474215,金字火腿股份有限公司,AGRI007005,肉制品与预制菜加工,BELONGS_TO_IND_NODE,2026-08-03,,联网搜索
474215,金字火腿股份有限公司,AGRI000007,农产品加工与仓储,BELONGS_TO_IND_NODE,2026-08-03,,联网搜索
4944969,金磨坊食品股份有限公司,AGRI007005,肉制品与预制菜加工,BELONGS_TO_IND_NODE,2026-08-03,,联网搜索
4944969,金磨坊食品股份有限公司,AGRI000007,农产品加工与仓储,BELONGS_TO_IND_NODE,2026-08-03,,联网搜索
370506,中木国际控股有限公司,AGRI006006,林业生产,BELONGS_TO_IND_NODE,2026-08-03,,联网搜索
370506,中木国际控股有限公司,AGRI000006,农林牧渔生产,BELONGS_TO_IND_NODE,2026-08-03,,联网搜索
370506,中木国际控股有限公司,AGRI000001,农林牧渔行业,BELONGS_TO_IND_NODE,2026-08-03,,联网搜索
286779,物产中大集团股份有限公司,AGRI008006,农产品进出口贸易,BELONGS_TO_IND_NODE,2026-08-03,,联网搜索
286779,物产中大集团股份有限公司,AGRI000008,农产品流通与消费渠道,BELONGS_TO_IND_NODE,2026-08-03,,联网搜索
4792268,舟山泰和食品股份有限公司,AGRI007008,水产品加工,BELONGS_TO_IND_NODE,2026-08-03,,联网搜索
4792268,舟山泰和食品股份有限公司,AGRI000007,农产品加工与仓储,BELONGS_TO_IND_NODE,2026-08-03,,联网搜索
295576,国投中鲁果汁股份有限公司,AGRI007008,水产品加工,BELONGS_TO_IND_NODE,2026-08-03,,联网搜索
295576,国投中鲁果汁股份有限公司,AGRI000007,农产品加工与仓储,BELONGS_TO_IND_NODE,2026-08-03,,联网搜索
2166912,阿里巴巴集团控股有限公司,AGRI008005,生鲜电商与社区团购,BELONGS_TO_IND_NODE,2026-08-03,,联网搜索
2166912,阿里巴巴集团控股有限公司,AGRI000008,农产品流通与消费渠道,BELONGS_TO_IND_NODE,2026-08-03,,联网搜索
610395,信保环球控股有限公司,AGRI006006,林业生产,BELONGS_TO_IND_NODE,2026-08-03,,联网搜索
610395,信保环球控股有限公司,AGRI000006,农林牧渔生产,BELONGS_TO_IND_NODE,2026-08-03,,联网搜索
610395,信保环球控股有限公司,AGRI000001,农林牧渔行业,BELONGS_TO_IND_NODE,2026-08-03,,联网搜索
308282,深圳诺普信作物科学股份有限公司,AGRI003005,除草剂,BELONGS_TO_IND_NODE,2026-08-03,,联网搜索
308282,深圳诺普信作物科学股份有限公司,AGRI000003,农化与肥料,BELONGS_TO_IND_NODE,2026-08-03,,联网搜索
308282,深圳诺普信作物科学股份有限公司,AGRI003007,杀菌剂,BELONGS_TO_IND_NODE,2026-08-03,,联网搜索
308282,深圳诺普信作物科学股份有限公司,AGRI003010,农资流通与农技服务,BELONGS_TO_IND_NODE,2026-08-03,,联网搜索
9832658,山东天骄生物技术股份有限公司,AGRI004015,饲用微生态制剂,BELONGS_TO_IND_NODE,2026-08-03,,联网搜索
9832658,山东天骄生物技术股份有限公司,AGRI004003,饲料添加剂,BELONGS_TO_IND_NODE,2026-08-03,,联网搜索
9832658,山东天骄生物技术股份有限公司,AGRI000004,饲料工业,BELONGS_TO_IND_NODE,2026-08-03,,联网搜索
9832658,山东天骄生物技术股份有限公司,AGRI000001,农林牧渔行业,BELONGS_TO_IND_NODE,2026-08-03,,联网搜索
342247,海南神农种业科技股份有限公司,AGRI002009,杂交水稻种子,BELONGS_TO_IND_NODE,2026-08-03,,联网搜索
342247,海南神农种业科技股份有限公司,AGRI002001,大田作物种子,BELONGS_TO_IND_NODE,2026-08-03,,联网搜索
342247,海南神农种业科技股份有限公司,AGRI000002,种业与生物技术,BELONGS_TO_IND_NODE,2026-08-03,,联网搜索
832159,广东生和堂健康食品股份有限公司,AGRI007003,淀粉及深加工,BELONGS_TO_IND_NODE,2026-08-03,,联网搜索
832159,广东生和堂健康食品股份有限公司,AGRI000007,农产品加工与仓储,BELONGS_TO_IND_NODE,2026-08-03,,联网搜索
2771179,内蒙古嘉宝仕生物科技股份有限公司,AGRI003005,除草剂,BELONGS_TO_IND_NODE,2026-08-03,,联网搜索
2771179,内蒙古嘉宝仕生物科技股份有限公司,AGRI000003,农化与肥料,BELONGS_TO_IND_NODE,2026-08-03,,联网搜索
2177860,湖南湘佳牧业股份有限公司,AGRI006012,黄羽肉鸡养殖,BELONGS_TO_IND_NODE,2026-08-03,,联网搜索
2177860,湖南湘佳牧业股份有限公司,AGRI006004,家禽养殖,BELONGS_TO_IND_NODE,2026-08-03,,联网搜索
2177860,湖南湘佳牧业股份有限公司,AGRI000006,农林牧渔生产,BELONGS_TO_IND_NODE,2026-08-03,,联网搜索
2177860,湖南湘佳牧业股份有限公司,AGRI000001,农林牧渔行业,BELONGS_TO_IND_NODE,2026-08-03,,联网搜索
2994321,海南希源生态农业股份有限公司,AGRI006002,经济作物种植,BELONGS_TO_IND_NODE,2026-08-03,,联网搜索
2994321,海南希源生态农业股份有限公司,AGRI000006,农林牧渔生产,BELONGS_TO_IND_NODE,2026-08-03,,联网搜索
2994321,海南希源生态农业股份有限公司,AGRI000001,农林牧渔行业,BELONGS_TO_IND_NODE,2026-08-03,,联网搜索
838027,福建雪人集团股份有限公司,AGRI007009,农产品冷链仓储,BELONGS_TO_IND_NODE,2026-08-03,,联网搜索
838027,福建雪人集团股份有限公司,AGRI000007,农产品加工与仓储,BELONGS_TO_IND_NODE,2026-08-03,,联网搜索
6917100,福建省中延菌菇业股份有限公司,AGRI006002,经济作物种植,BELONGS_TO_IND_NODE,2026-08-03,,联网搜索
6917100,福建省中延菌菇业股份有限公司,AGRI000006,农林牧渔生产,BELONGS_TO_IND_NODE,2026-08-03,,联网搜索
6917100,福建省中延菌菇业股份有限公司,AGRI000001,农林牧渔行业,BELONGS_TO_IND_NODE,2026-08-03,,联网搜索
2330336,海航冷链控股股份有限公司,AGRI008010,冷库仓储服务,BELONGS_TO_IND_NODE,2026-08-03,,联网搜索
2330336,海航冷链控股股份有限公司,AGRI008002,生鲜冷链物流,BELONGS_TO_IND_NODE,2026-08-03,,联网搜索
2330336,海航冷链控股股份有限公司,AGRI000008,农产品流通与消费渠道,BELONGS_TO_IND_NODE,2026-08-03,,联网搜索
292716,天津泰达生物医学工程股份有限公司,AGRI003004,复合肥与掺混肥,BELONGS_TO_IND_NODE,2026-08-03,,联网搜索
292716,天津泰达生物医学工程股份有限公司,AGRI000003,农化与肥料,BELONGS_TO_IND_NODE,2026-08-03,,联网搜索
299286,永旺(香港)百货有限公司,AGRI008004,生鲜零售终端渠道,BELONGS_TO_IND_NODE,2026-08-03,,联网搜索
299286,永旺(香港)百货有限公司,AGRI000008,农产品流通与消费渠道,BELONGS_TO_IND_NODE,2026-08-03,,联网搜索
887438,上海雪榕生物科技股份有限公司,AGRI006002,经济作物种植,BELONGS_TO_IND_NODE,2026-08-03,,联网搜索
887438,上海雪榕生物科技股份有限公司,AGRI000006,农林牧渔生产,BELONGS_TO_IND_NODE,2026-08-03,,联网搜索
887438,上海雪榕生物科技股份有限公司,AGRI000001,农林牧渔行业,BELONGS_TO_IND_NODE,2026-08-03,,联网搜索
5111959,亚洲速运物流控股有限公司,AGRI008010,冷库仓储服务,BELONGS_TO_IND_NODE,2026-08-03,,联网搜索
5111959,亚洲速运物流控股有限公司,AGRI008002,生鲜冷链物流,BELONGS_TO_IND_NODE,2026-08-03,,联网搜索
5111959,亚洲速运物流控股有限公司,AGRI000008,农产品流通与消费渠道,BELONGS_TO_IND_NODE,2026-08-03,,联网搜索
562759,新疆友好(集团)股份有限公司,AGRI008004,生鲜零售终端渠道,BELONGS_TO_IND_NODE,2026-08-03,,联网搜索
562759,新疆友好(集团)股份有限公司,AGRI000008,农产品流通与消费渠道,BELONGS_TO_IND_NODE,2026-08-03,,联网搜索
286241,光明乳业股份有限公司,AGRI007011,液态奶,BELONGS_TO_IND_NODE,2026-08-03,,联网搜索
286241,光明乳业股份有限公司,AGRI007006,乳制品加工,BELONGS_TO_IND_NODE,2026-08-03,,联网搜索
286241,光明乳业股份有限公司,AGRI000007,农产品加工与仓储,BELONGS_TO_IND_NODE,2026-08-03,,联网搜索
481466,江苏蓝丰生物化工股份有限公司,AGRI003006,杀虫剂,BELONGS_TO_IND_NODE,2026-08-03,,联网搜索
481466,江苏蓝丰生物化工股份有限公司,AGRI000003,农化与肥料,BELONGS_TO_IND_NODE,2026-08-03,,联网搜索
481466,江苏蓝丰生物化工股份有限公司,AGRI003007,杀菌剂,BELONGS_TO_IND_NODE,2026-08-03,,联网搜索
4227017,江苏宏信超市连锁股份有限公司,AGRI008004,生鲜零售终端渠道,BELONGS_TO_IND_NODE,2026-08-03,,联网搜索
4227017,江苏宏信超市连锁股份有限公司,AGRI000008,农产品流通与消费渠道,BELONGS_TO_IND_NODE,2026-08-03,,联网搜索
299621,浙江华康药业股份有限公司,AGRI007003,淀粉及深加工,BELONGS_TO_IND_NODE,2026-08-03,,联网搜索
299621,浙江华康药业股份有限公司,AGRI000007,农产品加工与仓储,BELONGS_TO_IND_NODE,2026-08-03,,联网搜索
816342,雅本化学股份有限公司,AGRI003006,杀虫剂,BELONGS_TO_IND_NODE,2026-08-03,,联网搜索
816342,雅本化学股份有限公司,AGRI000003,农化与肥料,BELONGS_TO_IND_NODE,2026-08-03,,联网搜索
852477,新疆天山畜牧生物工程股份有限公司,AGRI006003,家畜养殖,BELONGS_TO_IND_NODE,2026-08-03,,联网搜索
852477,新疆天山畜牧生物工程股份有限公司,AGRI000006,农林牧渔生产,BELONGS_TO_IND_NODE,2026-08-03,,联网搜索
852477,新疆天山畜牧生物工程股份有限公司,AGRI000001,农林牧渔行业,BELONGS_TO_IND_NODE,2026-08-03,,联网搜索
6883648,纽曼思健康食品控股有限公司,AGRI004018,宠物保健品,BELONGS_TO_IND_NODE,2026-08-03,,联网搜索
6883648,纽曼思健康食品控股有限公司,AGRI004004,宠物食品,BELONGS_TO_IND_NODE,2026-08-03,,联网搜索
6883648,纽曼思健康食品控股有限公司,AGRI000004,饲料工业,BELONGS_TO_IND_NODE,2026-08-03,,联网搜索
6883648,纽曼思健康食品控股有限公司,AGRI000001,农林牧渔行业,BELONGS_TO_IND_NODE,2026-08-03,,联网搜索
6917105,广东嘉骏森林股份有限公司,AGRI006006,林业生产,BELONGS_TO_IND_NODE,2026-08-03,,联网搜索
6917105,广东嘉骏森林股份有限公司,AGRI000006,农林牧渔生产,BELONGS_TO_IND_NODE,2026-08-03,,联网搜索
6917105,广东嘉骏森林股份有限公司,AGRI000001,农林牧渔行业,BELONGS_TO_IND_NODE,2026-08-03,,联网搜索
1126881,山东潍坊润丰化工股份有限公司,AGRI003005,除草剂,BELONGS_TO_IND_NODE,2026-08-03,,联网搜索
1126881,山东潍坊润丰化工股份有限公司,AGRI000003,农化与肥料,BELONGS_TO_IND_NODE,2026-08-03,,联网搜索
1126881,山东潍坊润丰化工股份有限公司,AGRI003006,杀虫剂,BELONGS_TO_IND_NODE,2026-08-03,,联网搜索
2509430,湖北晨科农牧集团股份有限公司,AGRI004008,水产配合饲料,BELONGS_TO_IND_NODE,2026-08-03,,联网搜索
2509430,湖北晨科农牧集团股份有限公司,AGRI004001,配合饲料,BELONGS_TO_IND_NODE,2026-08-03,,联网搜索
2509430,湖北晨科农牧集团股份有限公司,AGRI000004,饲料工业,BELONGS_TO_IND_NODE,2026-08-03,,联网搜索
2509430,湖北晨科农牧集团股份有限公司,AGRI000001,农林牧渔行业,BELONGS_TO_IND_NODE,2026-08-03,,联网搜索
869089,浙农集团股份有限公司,AGRI003004,复合肥与掺混肥,BELONGS_TO_IND_NODE,2026-08-03,,联网搜索
869089,浙农集团股份有限公司,AGRI000003,农化与肥料,BELONGS_TO_IND_NODE,2026-08-03,,联网搜索
869089,浙农集团股份有限公司,AGRI003010,农资流通与农技服务,BELONGS_TO_IND_NODE,2026-08-03,,联网搜索
6117431,山东爱福地生物股份有限公司,AGRI003004,复合肥与掺混肥,BELONGS_TO_IND_NODE,2026-08-03,,联网搜索
6117431,山东爱福地生物股份有限公司,AGRI000003,农化与肥料,BELONGS_TO_IND_NODE,2026-08-03,,联网搜索
803441,安徽金禾实业股份有限公司,AGRI004012,饲用氨基酸,BELONGS_TO_IND_NODE,2026-08-03,,联网搜索
803441,安徽金禾实业股份有限公司,AGRI004003,饲料添加剂,BELONGS_TO_IND_NODE,2026-08-03,,联网搜索
803441,安徽金禾实业股份有限公司,AGRI000004,饲料工业,BELONGS_TO_IND_NODE,2026-08-03,,联网搜索
803441,安徽金禾实业股份有限公司,AGRI000001,农林牧渔行业,BELONGS_TO_IND_NODE,2026-08-03,,联网搜索
607620,世纪阳光集团控股有限公司,AGRI003004,复合肥与掺混肥,BELONGS_TO_IND_NODE,2026-08-03,,联网搜索
607620,世纪阳光集团控股有限公司,AGRI000003,农化与肥料,BELONGS_TO_IND_NODE,2026-08-03,,联网搜索
1751449,北京国联视讯信息技术股份有限公司,AGRI008003,食材供应链服务,BELONGS_TO_IND_NODE,2026-08-03,,联网搜索
1751449,北京国联视讯信息技术股份有限公司,AGRI000008,农产品流通与消费渠道,BELONGS_TO_IND_NODE,2026-08-03,,联网搜索
525546,浙江新农化工股份有限公司,AGRI003006,杀虫剂,BELONGS_TO_IND_NODE,2026-08-03,,联网搜索
525546,浙江新农化工股份有限公司,AGRI000003,农化与肥料,BELONGS_TO_IND_NODE,2026-08-03,,联网搜索
349567,桂林莱茵生物科技股份有限公司,AGRI004003,饲料添加剂,BELONGS_TO_IND_NODE,2026-08-03,,联网搜索
349567,桂林莱茵生物科技股份有限公司,AGRI000004,饲料工业,BELONGS_TO_IND_NODE,2026-08-03,,联网搜索
349567,桂林莱茵生物科技股份有限公司,AGRI000001,农林牧渔行业,BELONGS_TO_IND_NODE,2026-08-03,,联网搜索
2519774,宁夏皇达生物科技股份有限公司,AGRI006006,林业生产,BELONGS_TO_IND_NODE,2026-08-03,,联网搜索
2519774,宁夏皇达生物科技股份有限公司,AGRI000006,农林牧渔生产,BELONGS_TO_IND_NODE,2026-08-03,,联网搜索
2519774,宁夏皇达生物科技股份有限公司,AGRI000001,农林牧渔行业,BELONGS_TO_IND_NODE,2026-08-03,,联网搜索
2519777,甘肃华瑞农业股份有限公司,AGRI006003,家畜养殖,BELONGS_TO_IND_NODE,2026-08-03,,联网搜索
2519777,甘肃华瑞农业股份有限公司,AGRI000006,农林牧渔生产,BELONGS_TO_IND_NODE,2026-08-03,,联网搜索
2519777,甘肃华瑞农业股份有限公司,AGRI000001,农林牧渔行业,BELONGS_TO_IND_NODE,2026-08-03,,联网搜索
2505160,杭州九新能源科技股份有限公司,AGRI007002,植物油加工,BELONGS_TO_IND_NODE,2026-08-03,,联网搜索
2505160,杭州九新能源科技股份有限公司,AGRI000007,农产品加工与仓储,BELONGS_TO_IND_NODE,2026-08-03,,联网搜索
2429538,华宝科技股份有限公司,AGRI004003,饲料添加剂,BELONGS_TO_IND_NODE,2026-08-03,,联网搜索
2429538,华宝科技股份有限公司,AGRI000004,饲料工业,BELONGS_TO_IND_NODE,2026-08-03,,联网搜索
2429538,华宝科技股份有限公司,AGRI000001,农林牧渔行业,BELONGS_TO_IND_NODE,2026-08-03,,联网搜索
2502528,河南红东方化工股份有限公司,AGRI003005,除草剂,BELONGS_TO_IND_NODE,2026-08-03,,联网搜索
2502528,河南红东方化工股份有限公司,AGRI000003,农化与肥料,BELONGS_TO_IND_NODE,2026-08-03,,联网搜索
2454883,江苏锦达保税仓储股份有限公司,AGRI007009,农产品冷链仓储,BELONGS_TO_IND_NODE,2026-08-03,,联网搜索
2454883,江苏锦达保税仓储股份有限公司,AGRI000007,农产品加工与仓储,BELONGS_TO_IND_NODE,2026-08-03,,联网搜索
2356613,青岛海傲思健康产业发展股份有限公司,AGRI008004,生鲜零售终端渠道,BELONGS_TO_IND_NODE,2026-08-03,,联网搜索
2356613,青岛海傲思健康产业发展股份有限公司,AGRI000008,农产品流通与消费渠道,BELONGS_TO_IND_NODE,2026-08-03,,联网搜索
3424354,江门丽宫侨宝陈皮健康产业发展股份有限公司,AGRI007007,制糖工业,BELONGS_TO_IND_NODE,2026-08-03,,联网搜索
3424354,江门丽宫侨宝陈皮健康产业发展股份有限公司,AGRI000007,农产品加工与仓储,BELONGS_TO_IND_NODE,2026-08-03,,联网搜索
1287931,四方科技集团股份有限公司,AGRI007009,农产品冷链仓储,BELONGS_TO_IND_NODE,2026-08-03,,联网搜索
1287931,四方科技集团股份有限公司,AGRI000007,农产品加工与仓储,BELONGS_TO_IND_NODE,2026-08-03,,联网搜索
880071,湖北九森林业股份有限公司,AGRI006006,林业生产,BELONGS_TO_IND_NODE,2026-08-03,,联网搜索
880071,湖北九森林业股份有限公司,AGRI000006,农林牧渔生产,BELONGS_TO_IND_NODE,2026-08-03,,联网搜索
880071,湖北九森林业股份有限公司,AGRI000001,农林牧渔行业,BELONGS_TO_IND_NODE,2026-08-03,,联网搜索
868641,湖北龙翔药业科技股份有限公司,AGRI005002,兽用化学药品制剂,BELONGS_TO_IND_NODE,2026-08-03,,联网搜索
868641,湖北龙翔药业科技股份有限公司,AGRI000005,动物保健与兽药,BELONGS_TO_IND_NODE,2026-08-03,,联网搜索
2544651,广东宏川智慧物流股份有限公司,AGRI007009,农产品冷链仓储,BELONGS_TO_IND_NODE,2026-08-03,,联网搜索
2544651,广东宏川智慧物流股份有限公司,AGRI000007,农产品加工与仓储,BELONGS_TO_IND_NODE,2026-08-03,,联网搜索
1127376,河南秋乐种业科技股份有限公司,AGRI002001,大田作物种子,BELONGS_TO_IND_NODE,2026-08-03,,联网搜索
1127376,河南秋乐种业科技股份有限公司,AGRI000002,种业与生物技术,BELONGS_TO_IND_NODE,2026-08-03,,联网搜索
2264737,郑州凯雪冷链股份有限公司,AGRI007009,农产品冷链仓储,BELONGS_TO_IND_NODE,2026-08-03,,联网搜索
2264737,郑州凯雪冷链股份有限公司,AGRI000007,农产品加工与仓储,BELONGS_TO_IND_NODE,2026-08-03,,联网搜索
2175983,浙江茶乾坤食品股份有限公司,AGRI000007,农产品加工与仓储,BELONGS_TO_IND_NODE,2026-08-03,,联网搜索
1888876,万洲国际有限公司,AGRI007004,屠宰与肉类分割,BELONGS_TO_IND_NODE,2026-08-03,,联网搜索
1888876,万洲国际有限公司,AGRI000007,农产品加工与仓储,BELONGS_TO_IND_NODE,2026-08-03,,联网搜索
1888876,万洲国际有限公司,AGRI007005,肉制品与预制菜加工,BELONGS_TO_IND_NODE,2026-08-03,,联网搜索
600610,浙江五芳斋实业股份有限公司,AGRI007005,肉制品与预制菜加工,BELONGS_TO_IND_NODE,2026-08-03,,联网搜索
600610,浙江五芳斋实业股份有限公司,AGRI000007,农产品加工与仓储,BELONGS_TO_IND_NODE,2026-08-03,,联网搜索
2957557,广东安捷供应链管理股份有限公司,AGRI008003,食材供应链服务,BELONGS_TO_IND_NODE,2026-08-03,,联网搜索
2957557,广东安捷供应链管理股份有限公司,AGRI000008,农产品流通与消费渠道,BELONGS_TO_IND_NODE,2026-08-03,,联网搜索
286144,广东广弘控股股份有限公司,AGRI007004,屠宰与肉类分割,BELONGS_TO_IND_NODE,2026-08-03,,联网搜索
286144,广东广弘控股股份有限公司,AGRI000007,农产品加工与仓储,BELONGS_TO_IND_NODE,2026-08-03,,联网搜索
286144,广东广弘控股股份有限公司,AGRI007005,肉制品与预制菜加工,BELONGS_TO_IND_NODE,2026-08-03,,联网搜索
8208998,浙江衡美健康科技股份有限公司,AGRI000007,农产品加工与仓储,BELONGS_TO_IND_NODE,2026-08-03,,联网搜索
2978375,安徽中草香料股份有限公司,AGRI004003,饲料添加剂,BELONGS_TO_IND_NODE,2026-08-03,,联网搜索
2978375,安徽中草香料股份有限公司,AGRI000004,饲料工业,BELONGS_TO_IND_NODE,2026-08-03,,联网搜索
2978375,安徽中草香料股份有限公司,AGRI000001,农林牧渔行业,BELONGS_TO_IND_NODE,2026-08-03,,联网搜索
857612,山东宝来利来生物工程股份有限公司,AGRI004003,饲料添加剂,BELONGS_TO_IND_NODE,2026-08-03,,联网搜索
857612,山东宝来利来生物工程股份有限公司,AGRI000004,饲料工业,BELONGS_TO_IND_NODE,2026-08-03,,联网搜索
857612,山东宝来利来生物工程股份有限公司,AGRI000001,农林牧渔行业,BELONGS_TO_IND_NODE,2026-08-03,,联网搜索
2114630,北京雷力海洋生物新产业股份有限公司,AGRI003004,复合肥与掺混肥,BELONGS_TO_IND_NODE,2026-08-03,,联网搜索
2114630,北京雷力海洋生物新产业股份有限公司,AGRI000003,农化与肥料,BELONGS_TO_IND_NODE,2026-08-03,,联网搜索
874444,利群商业集团股份有限公司,AGRI008004,生鲜零售终端渠道,BELONGS_TO_IND_NODE,2026-08-03,,联网搜索
874444,利群商业集团股份有限公司,AGRI000008,农产品流通与消费渠道,BELONGS_TO_IND_NODE,2026-08-03,,联网搜索
6714878,嵊州陌桑高科股份有限公司,AGRI006006,林业生产,BELONGS_TO_IND_NODE,2026-08-03,,联网搜索
6714878,嵊州陌桑高科股份有限公司,AGRI000006,农林牧渔生产,BELONGS_TO_IND_NODE,2026-08-03,,联网搜索
6714878,嵊州陌桑高科股份有限公司,AGRI000001,农林牧渔行业,BELONGS_TO_IND_NODE,2026-08-03,,联网搜索
2544537,云南曲辰种业股份有限公司,AGRI002001,大田作物种子,BELONGS_TO_IND_NODE,2026-08-03,,联网搜索
2544537,云南曲辰种业股份有限公司,AGRI000002,种业与生物技术,BELONGS_TO_IND_NODE,2026-08-03,,联网搜索
2176544,根力多生物科技股份有限公司,AGRI003004,复合肥与掺混肥,BELONGS_TO_IND_NODE,2026-08-03,,联网搜索
2176544,根力多生物科技股份有限公司,AGRI000003,农化与肥料,BELONGS_TO_IND_NODE,2026-08-03,,联网搜索
3346027,德银天下股份有限公司,AGRI008002,生鲜冷链物流,BELONGS_TO_IND_NODE,2026-08-03,,联网搜索
3346027,德银天下股份有限公司,AGRI000008,农产品流通与消费渠道,BELONGS_TO_IND_NODE,2026-08-03,,联网搜索
9419079,贵州南方乳业股份有限公司,AGRI007006,乳制品加工,BELONGS_TO_IND_NODE,2026-08-03,,联网搜索
9419079,贵州南方乳业股份有限公司,AGRI000007,农产品加工与仓储,BELONGS_TO_IND_NODE,2026-08-03,,联网搜索
343673,玖源化工(集团)有限公司,AGRI003004,复合肥与掺混肥,BELONGS_TO_IND_NODE,2026-08-03,,联网搜索
343673,玖源化工(集团)有限公司,AGRI000003,农化与肥料,BELONGS_TO_IND_NODE,2026-08-03,,联网搜索
6413201,河南金苑种业股份有限公司,AGRI002008,杂交玉米种子,BELONGS_TO_IND_NODE,2026-08-03,,联网搜索
6413201,河南金苑种业股份有限公司,AGRI002001,大田作物种子,BELONGS_TO_IND_NODE,2026-08-03,,联网搜索
6413201,河南金苑种业股份有限公司,AGRI000002,种业与生物技术,BELONGS_TO_IND_NODE,2026-08-03,,联网搜索
6413201,河南金苑种业股份有限公司,AGRI002010,小麦种子,BELONGS_TO_IND_NODE,2026-08-03,,联网搜索
8111774,浙江丰岛食品股份有限公司,AGRI007008,水产品加工,BELONGS_TO_IND_NODE,2026-08-03,,联网搜索
8111774,浙江丰岛食品股份有限公司,AGRI000007,农产品加工与仓储,BELONGS_TO_IND_NODE,2026-08-03,,联网搜索
1335907,安徽久易农业股份有限公司,AGRI003005,除草剂,BELONGS_TO_IND_NODE,2026-08-03,,联网搜索
1335907,安徽久易农业股份有限公司,AGRI000003,农化与肥料,BELONGS_TO_IND_NODE,2026-08-03,,联网搜索
2307824,江苏康能生物工程股份有限公司,AGRI007003,淀粉及深加工,BELONGS_TO_IND_NODE,2026-08-03,,联网搜索
2307824,江苏康能生物工程股份有限公司,AGRI000007,农产品加工与仓储,BELONGS_TO_IND_NODE,2026-08-03,,联网搜索
1301402,天水众兴菌业科技股份有限公司,AGRI006001,粮食作物种植,BELONGS_TO_IND_NODE,2026-08-03,,联网搜索
1301402,天水众兴菌业科技股份有限公司,AGRI000006,农林牧渔生产,BELONGS_TO_IND_NODE,2026-08-03,,联网搜索
1301402,天水众兴菌业科技股份有限公司,AGRI000001,农林牧渔行业,BELONGS_TO_IND_NODE,2026-08-03,,联网搜索
2109788,安徽雪郎生物科技股份有限公司,AGRI004012,饲用氨基酸,BELONGS_TO_IND_NODE,2026-08-03,,联网搜索
2109788,安徽雪郎生物科技股份有限公司,AGRI004003,饲料添加剂,BELONGS_TO_IND_NODE,2026-08-03,,联网搜索
2109788,安徽雪郎生物科技股份有限公司,AGRI000004,饲料工业,BELONGS_TO_IND_NODE,2026-08-03,,联网搜索
2109788,安徽雪郎生物科技股份有限公司,AGRI000001,农林牧渔行业,BELONGS_TO_IND_NODE,2026-08-03,,联网搜索
2957636,安徽荷金来农业发展股份有限公司,AGRI007005,肉制品与预制菜加工,BELONGS_TO_IND_NODE,2026-08-03,,联网搜索
2957636,安徽荷金来农业发展股份有限公司,AGRI000007,农产品加工与仓储,BELONGS_TO_IND_NODE,2026-08-03,,联网搜索
4792267,厦门鹰君生态农业发展股份有限公司,AGRI006002,经济作物种植,BELONGS_TO_IND_NODE,2026-08-03,,联网搜索
4792267,厦门鹰君生态农业发展股份有限公司,AGRI000006,农林牧渔生产,BELONGS_TO_IND_NODE,2026-08-03,,联网搜索
4792267,厦门鹰君生态农业发展股份有限公司,AGRI000001,农林牧渔行业,BELONGS_TO_IND_NODE,2026-08-03,,联网搜索
2347304,田野创新股份有限公司,AGRI007006,乳制品加工,BELONGS_TO_IND_NODE,2026-08-03,,联网搜索
2347304,田野创新股份有限公司,AGRI000007,农产品加工与仓储,BELONGS_TO_IND_NODE,2026-08-03,,联网搜索
2477174,谷实生物集团股份有限公司,AGRI004006,猪用配合饲料,BELONGS_TO_IND_NODE,2026-08-03,,联网搜索
2477174,谷实生物集团股份有限公司,AGRI004001,配合饲料,BELONGS_TO_IND_NODE,2026-08-03,,联网搜索
2477174,谷实生物集团股份有限公司,AGRI000004,饲料工业,BELONGS_TO_IND_NODE,2026-08-03,,联网搜索
2477174,谷实生物集团股份有限公司,AGRI000001,农林牧渔行业,BELONGS_TO_IND_NODE,2026-08-03,,联网搜索
2477174,谷实生物集团股份有限公司,AGRI004007,禽用配合饲料,BELONGS_TO_IND_NODE,2026-08-03,,联网搜索
3038157,乾丰供应链(上海)股份有限公司,AGRI008003,食材供应链服务,BELONGS_TO_IND_NODE,2026-08-03,,联网搜索
3038157,乾丰供应链(上海)股份有限公司,AGRI000008,农产品流通与消费渠道,BELONGS_TO_IND_NODE,2026-08-03,,联网搜索
160617359,江苏新天地食品股份有限公司,AGRI000007,农产品加工与仓储,BELONGS_TO_IND_NODE,2026-08-03,,联网搜索
2129429,江苏中旗科技股份有限公司,AGRI000003,农化与肥料,BELONGS_TO_IND_NODE,2026-08-03,,联网搜索
2830331,黑龙江北鳐食品股份有限公司,AGRI007005,肉制品与预制菜加工,BELONGS_TO_IND_NODE,2026-08-03,,联网搜索
2830331,黑龙江北鳐食品股份有限公司,AGRI000007,农产品加工与仓储,BELONGS_TO_IND_NODE,2026-08-03,,联网搜索
2924446,安徽合益食品股份有限公司,AGRI000007,农产品加工与仓储,BELONGS_TO_IND_NODE,2026-08-03,,联网搜索
1146212,青岛蔚蓝生物股份有限公司,AGRI004003,饲料添加剂,BELONGS_TO_IND_NODE,2026-08-03,,联网搜索
1146212,青岛蔚蓝生物股份有限公司,AGRI000004,饲料工业,BELONGS_TO_IND_NODE,2026-08-03,,联网搜索
1146212,青岛蔚蓝生物股份有限公司,AGRI000001,农林牧渔行业,BELONGS_TO_IND_NODE,2026-08-03,,联网搜索
2544539,荣达禽业股份有限公司,AGRI006011,白羽肉鸡养殖,BELONGS_TO_IND_NODE,2026-08-03,,联网搜索
2544539,荣达禽业股份有限公司,AGRI006004,家禽养殖,BELONGS_TO_IND_NODE,2026-08-03,,联网搜索
2544539,荣达禽业股份有限公司,AGRI000006,农林牧渔生产,BELONGS_TO_IND_NODE,2026-08-03,,联网搜索
2544539,荣达禽业股份有限公司,AGRI000001,农林牧渔行业,BELONGS_TO_IND_NODE,2026-08-03,,联网搜索
2504510,海南天地人生态农业股份有限公司,AGRI006002,经济作物种植,BELONGS_TO_IND_NODE,2026-08-03,,联网搜索
2504510,海南天地人生态农业股份有限公司,AGRI000006,农林牧渔生产,BELONGS_TO_IND_NODE,2026-08-03,,联网搜索
2504510,海南天地人生态农业股份有限公司,AGRI000001,农林牧渔行业,BELONGS_TO_IND_NODE,2026-08-03,,联网搜索
1921710,山东美罗福农业科技股份有限公司,AGRI003005,除草剂,BELONGS_TO_IND_NODE,2026-08-03,,联网搜索
1921710,山东美罗福农业科技股份有限公司,AGRI000003,农化与肥料,BELONGS_TO_IND_NODE,2026-08-03,,联网搜索
3019939,江苏益客食品集团股份有限公司,AGRI006011,白羽肉鸡养殖,BELONGS_TO_IND_NODE,2026-08-03,,联网搜索
3019939,江苏益客食品集团股份有限公司,AGRI006004,家禽养殖,BELONGS_TO_IND_NODE,2026-08-03,,联网搜索
3019939,江苏益客食品集团股份有限公司,AGRI000006,农林牧渔生产,BELONGS_TO_IND_NODE,2026-08-03,,联网搜索
3019939,江苏益客食品集团股份有限公司,AGRI000001,农林牧渔行业,BELONGS_TO_IND_NODE,2026-08-03,,联网搜索
3019939,江苏益客食品集团股份有限公司,AGRI007004,屠宰与肉类分割,BELONGS_TO_IND_NODE,2026-08-03,,联网搜索
3019939,江苏益客食品集团股份有限公司,AGRI000007,农产品加工与仓储,BELONGS_TO_IND_NODE,2026-08-03,,联网搜索
2843466,山东嘉华生物科技股份有限公司,AGRI007002,植物油加工,BELONGS_TO_IND_NODE,2026-08-03,,联网搜索
2843466,山东嘉华生物科技股份有限公司,AGRI000007,农产品加工与仓储,BELONGS_TO_IND_NODE,2026-08-03,,联网搜索
2552636,格润食品集团股份有限公司,AGRI007005,肉制品与预制菜加工,BELONGS_TO_IND_NODE,2026-08-03,,联网搜索
2552636,格润食品集团股份有限公司,AGRI000007,农产品加工与仓储,BELONGS_TO_IND_NODE,2026-08-03,,联网搜索
5159919,山东农大肥业科技股份有限公司,AGRI003004,复合肥与掺混肥,BELONGS_TO_IND_NODE,2026-08-03,,联网搜索
5159919,山东农大肥业科技股份有限公司,AGRI000003,农化与肥料,BELONGS_TO_IND_NODE,2026-08-03,,联网搜索
3324142,江西阳光乳业股份有限公司,AGRI007006,乳制品加工,BELONGS_TO_IND_NODE,2026-08-03,,联网搜索
3324142,江西阳光乳业股份有限公司,AGRI000007,农产品加工与仓储,BELONGS_TO_IND_NODE,2026-08-03,,联网搜索
863085,爱普香料集团股份有限公司,AGRI004003,饲料添加剂,BELONGS_TO_IND_NODE,2026-08-03,,联网搜索
863085,爱普香料集团股份有限公司,AGRI000004,饲料工业,BELONGS_TO_IND_NODE,2026-08-03,,联网搜索
863085,爱普香料集团股份有限公司,AGRI000001,农林牧渔行业,BELONGS_TO_IND_NODE,2026-08-03,,联网搜索
3270317,山东吉田香料股份有限公司,AGRI004003,饲料添加剂,BELONGS_TO_IND_NODE,2026-08-03,,联网搜索
3270317,山东吉田香料股份有限公司,AGRI000004,饲料工业,BELONGS_TO_IND_NODE,2026-08-03,,联网搜索
3270317,山东吉田香料股份有限公司,AGRI000001,农林牧渔行业,BELONGS_TO_IND_NODE,2026-08-03,,联网搜索
3282755,河南永丰面业股份有限公司,AGRI007001,粮食加工,BELONGS_TO_IND_NODE,2026-08-03,,联网搜索
3282755,河南永丰面业股份有限公司,AGRI000007,农产品加工与仓储,BELONGS_TO_IND_NODE,2026-08-03,,联网搜索
2799990,浙江金海蕴生物股份有限公司,AGRI007008,水产品加工,BELONGS_TO_IND_NODE,2026-08-03,,联网搜索
2799990,浙江金海蕴生物股份有限公司,AGRI000007,农产品加工与仓储,BELONGS_TO_IND_NODE,2026-08-03,,联网搜索
302245,南顺(香港)有限公司,AGRI007002,植物油加工,BELONGS_TO_IND_NODE,2026-08-03,,联网搜索
302245,南顺(香港)有限公司,AGRI000007,农产品加工与仓储,BELONGS_TO_IND_NODE,2026-08-03,,联网搜索
2994014,福建闽威实业股份有限公司,AGRI007005,肉制品与预制菜加工,BELONGS_TO_IND_NODE,2026-08-03,,联网搜索
2994014,福建闽威实业股份有限公司,AGRI000007,农产品加工与仓储,BELONGS_TO_IND_NODE,2026-08-03,,联网搜索
2109790,青岛海容商用冷链股份有限公司,AGRI007009,农产品冷链仓储,BELONGS_TO_IND_NODE,2026-08-03,,联网搜索
2109790,青岛海容商用冷链股份有限公司,AGRI000007,农产品加工与仓储,BELONGS_TO_IND_NODE,2026-08-03,,联网搜索
2957608,青岛城业城供应链股份有限公司,AGRI007009,农产品冷链仓储,BELONGS_TO_IND_NODE,2026-08-03,,联网搜索
2957608,青岛城业城供应链股份有限公司,AGRI000007,农产品加工与仓储,BELONGS_TO_IND_NODE,2026-08-03,,联网搜索
286034,狮头科技发展股份有限公司,AGRI008005,生鲜电商与社区团购,BELONGS_TO_IND_NODE,2026-08-03,,联网搜索
286034,狮头科技发展股份有限公司,AGRI000008,农产品流通与消费渠道,BELONGS_TO_IND_NODE,2026-08-03,,联网搜索
886926,河南科迪乳业股份有限公司,AGRI007006,乳制品加工,BELONGS_TO_IND_NODE,2026-08-03,,联网搜索
886926,河南科迪乳业股份有限公司,AGRI000007,农产品加工与仓储,BELONGS_TO_IND_NODE,2026-08-03,,联网搜索
2789981,广东天池茶业股份有限公司,AGRI007001,粮食加工,BELONGS_TO_IND_NODE,2026-08-03,,联网搜索
2789981,广东天池茶业股份有限公司,AGRI000007,农产品加工与仓储,BELONGS_TO_IND_NODE,2026-08-03,,联网搜索
863102,普莱柯生物工程股份有限公司,AGRI005001,兽用疫苗,BELONGS_TO_IND_NODE,2026-08-03,,联网搜索
863102,普莱柯生物工程股份有限公司,AGRI000005,动物保健与兽药,BELONGS_TO_IND_NODE,2026-08-03,,联网搜索
2132055,河北康远清真食品股份有限公司,AGRI007004,屠宰与肉类分割,BELONGS_TO_IND_NODE,2026-08-03,,联网搜索
2132055,河北康远清真食品股份有限公司,AGRI000007,农产品加工与仓储,BELONGS_TO_IND_NODE,2026-08-03,,联网搜索
2844320,福建省熠烁科技股份有限公司,AGRI007009,农产品冷链仓储,BELONGS_TO_IND_NODE,2026-08-03,,联网搜索
2844320,福建省熠烁科技股份有限公司,AGRI000007,农产品加工与仓储,BELONGS_TO_IND_NODE,2026-08-03,,联网搜索
2607283,广东南字科技股份有限公司,AGRI007003,淀粉及深加工,BELONGS_TO_IND_NODE,2026-08-03,,联网搜索
2607283,广东南字科技股份有限公司,AGRI000007,农产品加工与仓储,BELONGS_TO_IND_NODE,2026-08-03,,联网搜索
10294641,宁波玉健健康科技股份有限公司,AGRI004003,饲料添加剂,BELONGS_TO_IND_NODE,2026-08-03,,联网搜索
10294641,宁波玉健健康科技股份有限公司,AGRI000004,饲料工业,BELONGS_TO_IND_NODE,2026-08-03,,联网搜索
10294641,宁波玉健健康科技股份有限公司,AGRI000001,农林牧渔行业,BELONGS_TO_IND_NODE,2026-08-03,,联网搜索
2978836,陕西石羊农业科技股份有限公司,AGRI004001,配合饲料,BELONGS_TO_IND_NODE,2026-08-03,,联网搜索
2978836,陕西石羊农业科技股份有限公司,AGRI000004,饲料工业,BELONGS_TO_IND_NODE,2026-08-03,,联网搜索
2978836,陕西石羊农业科技股份有限公司,AGRI000001,农林牧渔行业,BELONGS_TO_IND_NODE,2026-08-03,,联网搜索
2844248,济宁鸿润食品股份有限公司,AGRI007005,肉制品与预制菜加工,BELONGS_TO_IND_NODE,2026-08-03,,联网搜索
2844248,济宁鸿润食品股份有限公司,AGRI000007,农产品加工与仓储,BELONGS_TO_IND_NODE,2026-08-03,,联网搜索
1165282,道道全粮油股份有限公司,AGRI007002,植物油加工,BELONGS_TO_IND_NODE,2026-08-03,,联网搜索
1165282,道道全粮油股份有限公司,AGRI000007,农产品加工与仓储,BELONGS_TO_IND_NODE,2026-08-03,,联网搜索
452911,浙江新和成股份有限公司,AGRI004013,饲用维生素,BELONGS_TO_IND_NODE,2026-08-03,,联网搜索
452911,浙江新和成股份有限公司,AGRI004003,饲料添加剂,BELONGS_TO_IND_NODE,2026-08-03,,联网搜索
452911,浙江新和成股份有限公司,AGRI000004,饲料工业,BELONGS_TO_IND_NODE,2026-08-03,,联网搜索
452911,浙江新和成股份有限公司,AGRI000001,农林牧渔行业,BELONGS_TO_IND_NODE,2026-08-03,,联网搜索
2882390,苏州欧福蛋业股份有限公司,AGRI007002,植物油加工,BELONGS_TO_IND_NODE,2026-08-03,,联网搜索
2882390,苏州欧福蛋业股份有限公司,AGRI000007,农产品加工与仓储,BELONGS_TO_IND_NODE,2026-08-03,,联网搜索
2819939,青岛力力惠生物科技股份有限公司,AGRI003004,复合肥与掺混肥,BELONGS_TO_IND_NODE,2026-08-03,,联网搜索
2819939,青岛力力惠生物科技股份有限公司,AGRI000003,农化与肥料,BELONGS_TO_IND_NODE,2026-08-03,,联网搜索
2820031,浙江大飞龙动物保健品股份有限公司,AGRI004001,配合饲料,BELONGS_TO_IND_NODE,2026-08-03,,联网搜索
2820031,浙江大飞龙动物保健品股份有限公司,AGRI000004,饲料工业,BELONGS_TO_IND_NODE,2026-08-03,,联网搜索
2820031,浙江大飞龙动物保健品股份有限公司,AGRI000001,农林牧渔行业,BELONGS_TO_IND_NODE,2026-08-03,,联网搜索
863341,广东燕塘乳业股份有限公司,AGRI007006,乳制品加工,BELONGS_TO_IND_NODE,2026-08-03,,联网搜索
863341,广东燕塘乳业股份有限公司,AGRI000007,农产品加工与仓储,BELONGS_TO_IND_NODE,2026-08-03,,联网搜索
2896876,卓豪农业科技(集团)股份有限公司,AGRI002003,蔬菜瓜果种子种苗,BELONGS_TO_IND_NODE,2026-08-03,,联网搜索
2896876,卓豪农业科技(集团)股份有限公司,AGRI000002,种业与生物技术,BELONGS_TO_IND_NODE,2026-08-03,,联网搜索
362361,人人乐连锁商业集团股份有限公司,AGRI008004,生鲜零售终端渠道,BELONGS_TO_IND_NODE,2026-08-03,,联网搜索
362361,人人乐连锁商业集团股份有限公司,AGRI000008,农产品流通与消费渠道,BELONGS_TO_IND_NODE,2026-08-03,,联网搜索
886315,山东鑫丰种业股份有限公司,AGRI002008,杂交玉米种子,BELONGS_TO_IND_NODE,2026-08-03,,联网搜索
886315,山东鑫丰种业股份有限公司,AGRI002001,大田作物种子,BELONGS_TO_IND_NODE,2026-08-03,,联网搜索
886315,山东鑫丰种业股份有限公司,AGRI000002,种业与生物技术,BELONGS_TO_IND_NODE,2026-08-03,,联网搜索
2844374,河北双星种业股份有限公司,AGRI002008,杂交玉米种子,BELONGS_TO_IND_NODE,2026-08-03,,联网搜索
2844374,河北双星种业股份有限公司,AGRI002001,大田作物种子,BELONGS_TO_IND_NODE,2026-08-03,,联网搜索
2844374,河北双星种业股份有限公司,AGRI000002,种业与生物技术,BELONGS_TO_IND_NODE,2026-08-03,,联网搜索
2924225,吉林仟客莱科技集团股份有限公司,AGRI004006,猪用配合饲料,BELONGS_TO_IND_NODE,2026-08-03,,联网搜索
2924225,吉林仟客莱科技集团股份有限公司,AGRI004001,配合饲料,BELONGS_TO_IND_NODE,2026-08-03,,联网搜索
2924225,吉林仟客莱科技集团股份有限公司,AGRI000004,饲料工业,BELONGS_TO_IND_NODE,2026-08-03,,联网搜索
2924225,吉林仟客莱科技集团股份有限公司,AGRI000001,农林牧渔行业,BELONGS_TO_IND_NODE,2026-08-03,,联网搜索
2837258,广东驱动力生物科技集团股份有限公司,AGRI004015,饲用微生态制剂,BELONGS_TO_IND_NODE,2026-08-03,,联网搜索
2837258,广东驱动力生物科技集团股份有限公司,AGRI004003,饲料添加剂,BELONGS_TO_IND_NODE,2026-08-03,,联网搜索
2837258,广东驱动力生物科技集团股份有限公司,AGRI000004,饲料工业,BELONGS_TO_IND_NODE,2026-08-03,,联网搜索
2837258,广东驱动力生物科技集团股份有限公司,AGRI000001,农林牧渔行业,BELONGS_TO_IND_NODE,2026-08-03,,联网搜索
2843461,浙江久源林业科技股份有限公司,AGRI006006,林业生产,BELONGS_TO_IND_NODE,2026-08-03,,联网搜索
2843461,浙江久源林业科技股份有限公司,AGRI000006,农林牧渔生产,BELONGS_TO_IND_NODE,2026-08-03,,联网搜索
2843461,浙江久源林业科技股份有限公司,AGRI000001,农林牧渔行业,BELONGS_TO_IND_NODE,2026-08-03,,联网搜索
1115020,浙江李子园食品股份有限公司,AGRI007011,液态奶,BELONGS_TO_IND_NODE,2026-08-03,,联网搜索
1115020,浙江李子园食品股份有限公司,AGRI007006,乳制品加工,BELONGS_TO_IND_NODE,2026-08-03,,联网搜索
1115020,浙江李子园食品股份有限公司,AGRI000007,农产品加工与仓储,BELONGS_TO_IND_NODE,2026-08-03,,联网搜索
285866,海南京粮控股股份有限公司,AGRI007002,植物油加工,BELONGS_TO_IND_NODE,2026-08-03,,联网搜索
285866,海南京粮控股股份有限公司,AGRI000007,农产品加工与仓储,BELONGS_TO_IND_NODE,2026-08-03,,联网搜索
2844162,申亚生物科技股份有限公司,AGRI004006,猪用配合饲料,BELONGS_TO_IND_NODE,2026-08-03,,联网搜索
2844162,申亚生物科技股份有限公司,AGRI004001,配合饲料,BELONGS_TO_IND_NODE,2026-08-03,,联网搜索
2844162,申亚生物科技股份有限公司,AGRI000004,饲料工业,BELONGS_TO_IND_NODE,2026-08-03,,联网搜索
2844162,申亚生物科技股份有限公司,AGRI000001,农林牧渔行业,BELONGS_TO_IND_NODE,2026-08-03,,联网搜索
2844162,申亚生物科技股份有限公司,AGRI004007,禽用配合饲料,BELONGS_TO_IND_NODE,2026-08-03,,联网搜索
2830388,绍兴贝斯美化工股份有限公司,AGRI003006,杀虫剂,BELONGS_TO_IND_NODE,2026-08-03,,联网搜索
2830388,绍兴贝斯美化工股份有限公司,AGRI000003,农化与肥料,BELONGS_TO_IND_NODE,2026-08-03,,联网搜索
2844253,上海大力人良科技发展股份有限公司,AGRI004003,饲料添加剂,BELONGS_TO_IND_NODE,2026-08-03,,联网搜索
2844253,上海大力人良科技发展股份有限公司,AGRI000004,饲料工业,BELONGS_TO_IND_NODE,2026-08-03,,联网搜索
2844253,上海大力人良科技发展股份有限公司,AGRI000001,农林牧渔行业,BELONGS_TO_IND_NODE,2026-08-03,,联网搜索
2863285,江苏集华供应链管理股份有限公司,AGRI008006,农产品进出口贸易,BELONGS_TO_IND_NODE,2026-08-03,,联网搜索
2863285,江苏集华供应链管理股份有限公司,AGRI000008,农产品流通与消费渠道,BELONGS_TO_IND_NODE,2026-08-03,,联网搜索
861186,福建金森林业股份有限公司,AGRI006006,林业生产,BELONGS_TO_IND_NODE,2026-08-03,,联网搜索
861186,福建金森林业股份有限公司,AGRI000006,农林牧渔生产,BELONGS_TO_IND_NODE,2026-08-03,,联网搜索
861186,福建金森林业股份有限公司,AGRI000001,农林牧渔行业,BELONGS_TO_IND_NODE,2026-08-03,,联网搜索
2839528,骏高控股有限公司,AGRI007009,农产品冷链仓储,BELONGS_TO_IND_NODE,2026-08-03,,联网搜索
2839528,骏高控股有限公司,AGRI000007,农产品加工与仓储,BELONGS_TO_IND_NODE,2026-08-03,,联网搜索
2843719,安庆新雪莲生物科技股份有限公司,AGRI007005,肉制品与预制菜加工,BELONGS_TO_IND_NODE,2026-08-03,,联网搜索
2843719,安庆新雪莲生物科技股份有限公司,AGRI000007,农产品加工与仓储,BELONGS_TO_IND_NODE,2026-08-03,,联网搜索
2800101,内蒙古草都草牧业股份有限公司,AGRI004005,饲料原料,BELONGS_TO_IND_NODE,2026-08-03,,联网搜索
2800101,内蒙古草都草牧业股份有限公司,AGRI000004,饲料工业,BELONGS_TO_IND_NODE,2026-08-03,,联网搜索
2800101,内蒙古草都草牧业股份有限公司,AGRI000001,农林牧渔行业,BELONGS_TO_IND_NODE,2026-08-03,,联网搜索
1124207,福建天马科技集团股份有限公司,AGRI004008,水产配合饲料,BELONGS_TO_IND_NODE,2026-08-03,,联网搜索
1124207,福建天马科技集团股份有限公司,AGRI004001,配合饲料,BELONGS_TO_IND_NODE,2026-08-03,,联网搜索
1124207,福建天马科技集团股份有限公司,AGRI000004,饲料工业,BELONGS_TO_IND_NODE,2026-08-03,,联网搜索
1124207,福建天马科技集团股份有限公司,AGRI000001,农林牧渔行业,BELONGS_TO_IND_NODE,2026-08-03,,联网搜索
6880224,信基沙溪集团股份有限公司,AGRI008001,农产品批发市场,BELONGS_TO_IND_NODE,2026-08-03,,联网搜索
6880224,信基沙溪集团股份有限公司,AGRI000008,农产品流通与消费渠道,BELONGS_TO_IND_NODE,2026-08-03,,联网搜索
6392096,广西八桂种苗高科技集团股份有限公司,AGRI002003,蔬菜瓜果种子种苗,BELONGS_TO_IND_NODE,2026-08-03,,联网搜索
6392096,广西八桂种苗高科技集团股份有限公司,AGRI000002,种业与生物技术,BELONGS_TO_IND_NODE,2026-08-03,,联网搜索
801850,利民控股集团股份有限公司,AGRI003005,除草剂,BELONGS_TO_IND_NODE,2026-08-03,,联网搜索
801850,利民控股集团股份有限公司,AGRI000003,农化与肥料,BELONGS_TO_IND_NODE,2026-08-03,,联网搜索
801850,利民控股集团股份有限公司,AGRI003007,杀菌剂,BELONGS_TO_IND_NODE,2026-08-03,,联网搜索
863094,山东龙大美食股份有限公司,AGRI007004,屠宰与肉类分割,BELONGS_TO_IND_NODE,2026-08-03,,联网搜索
863094,山东龙大美食股份有限公司,AGRI000007,农产品加工与仓储,BELONGS_TO_IND_NODE,2026-08-03,,联网搜索
863094,山东龙大美食股份有限公司,AGRI007005,肉制品与预制菜加工,BELONGS_TO_IND_NODE,2026-08-03,,联网搜索
2507169,江西新龙生物科技股份有限公司,AGRI003005,除草剂,BELONGS_TO_IND_NODE,2026-08-03,,联网搜索
2507169,江西新龙生物科技股份有限公司,AGRI000003,农化与肥料,BELONGS_TO_IND_NODE,2026-08-03,,联网搜索
2176010,安徽华恒生物科技股份有限公司,AGRI004012,饲用氨基酸,BELONGS_TO_IND_NODE,2026-08-03,,联网搜索
2176010,安徽华恒生物科技股份有限公司,AGRI004003,饲料添加剂,BELONGS_TO_IND_NODE,2026-08-03,,联网搜索
2176010,安徽华恒生物科技股份有限公司,AGRI000004,饲料工业,BELONGS_TO_IND_NODE,2026-08-03,,联网搜索
2176010,安徽华恒生物科技股份有限公司,AGRI000001,农林牧渔行业,BELONGS_TO_IND_NODE,2026-08-03,,联网搜索
2785694,湖北康农种业股份有限公司,AGRI002001,大田作物种子,BELONGS_TO_IND_NODE,2026-08-03,,联网搜索
2785694,湖北康农种业股份有限公司,AGRI000002,种业与生物技术,BELONGS_TO_IND_NODE,2026-08-03,,联网搜索
2612473,三瑞农业科技股份有限公司,AGRI002001,大田作物种子,BELONGS_TO_IND_NODE,2026-08-03,,联网搜索
2612473,三瑞农业科技股份有限公司,AGRI000002,种业与生物技术,BELONGS_TO_IND_NODE,2026-08-03,,联网搜索
2843809,河北沃土种业股份有限公司,AGRI002001,大田作物种子,BELONGS_TO_IND_NODE,2026-08-03,,联网搜索
2843809,河北沃土种业股份有限公司,AGRI000002,种业与生物技术,BELONGS_TO_IND_NODE,2026-08-03,,联网搜索
2831664,嘉必优生物技术(武汉)股份有限公司,AGRI004003,饲料添加剂,BELONGS_TO_IND_NODE,2026-08-03,,联网搜索
2831664,嘉必优生物技术(武汉)股份有限公司,AGRI000004,饲料工业,BELONGS_TO_IND_NODE,2026-08-03,,联网搜索
2831664,嘉必优生物技术(武汉)股份有限公司,AGRI000001,农林牧渔行业,BELONGS_TO_IND_NODE,2026-08-03,,联网搜索
2878897,中粮家佳康食品有限公司,AGRI007005,肉制品与预制菜加工,BELONGS_TO_IND_NODE,2026-08-03,,联网搜索
2878897,中粮家佳康食品有限公司,AGRI000007,农产品加工与仓储,BELONGS_TO_IND_NODE,2026-08-03,,联网搜索
7864896,世盟供应链管理股份有限公司,AGRI008003,食材供应链服务,BELONGS_TO_IND_NODE,2026-08-03,,联网搜索
7864896,世盟供应链管理股份有限公司,AGRI000008,农产品流通与消费渠道,BELONGS_TO_IND_NODE,2026-08-03,,联网搜索
9401366,尚睿科技股份有限公司,AGRI008004,生鲜零售终端渠道,BELONGS_TO_IND_NODE,2026-08-03,,联网搜索
9401366,尚睿科技股份有限公司,AGRI000008,农产品流通与消费渠道,BELONGS_TO_IND_NODE,2026-08-03,,联网搜索
298851,贝因美股份有限公司,AGRI007012,乳粉,BELONGS_TO_IND_NODE,2026-08-03,,联网搜索
298851,贝因美股份有限公司,AGRI007006,乳制品加工,BELONGS_TO_IND_NODE,2026-08-03,,联网搜索
298851,贝因美股份有限公司,AGRI000007,农产品加工与仓储,BELONGS_TO_IND_NODE,2026-08-03,,联网搜索
2339909,合肥银山棉麻股份有限公司,AGRI007001,粮食加工,BELONGS_TO_IND_NODE,2026-08-03,,联网搜索
2339909,合肥银山棉麻股份有限公司,AGRI000007,农产品加工与仓储,BELONGS_TO_IND_NODE,2026-08-03,,联网搜索
2868530,江苏香如生物科技股份有限公司,AGRI006002,经济作物种植,BELONGS_TO_IND_NODE,2026-08-03,,联网搜索
2868530,江苏香如生物科技股份有限公司,AGRI000006,农林牧渔生产,BELONGS_TO_IND_NODE,2026-08-03,,联网搜索
2868530,江苏香如生物科技股份有限公司,AGRI000001,农林牧渔行业,BELONGS_TO_IND_NODE,2026-08-03,,联网搜索
863107,湖北富邦科技股份有限公司,AGRI003004,复合肥与掺混肥,BELONGS_TO_IND_NODE,2026-08-03,,联网搜索
863107,湖北富邦科技股份有限公司,AGRI000003,农化与肥料,BELONGS_TO_IND_NODE,2026-08-03,,联网搜索
1869906,东晓生物科技股份有限公司,AGRI004012,饲用氨基酸,BELONGS_TO_IND_NODE,2026-08-03,,联网搜索
1869906,东晓生物科技股份有限公司,AGRI004003,饲料添加剂,BELONGS_TO_IND_NODE,2026-08-03,,联网搜索
1869906,东晓生物科技股份有限公司,AGRI000004,饲料工业,BELONGS_TO_IND_NODE,2026-08-03,,联网搜索
1869906,东晓生物科技股份有限公司,AGRI000001,农林牧渔行业,BELONGS_TO_IND_NODE,2026-08-03,,联网搜索
1868522,佳禾食品工业股份有限公司,AGRI007006,乳制品加工,BELONGS_TO_IND_NODE,2026-08-03,,联网搜索
1868522,佳禾食品工业股份有限公司,AGRI000007,农产品加工与仓储,BELONGS_TO_IND_NODE,2026-08-03,,联网搜索
10351196,山东艾德森生物科技股份有限公司,AGRI004012,饲用氨基酸,BELONGS_TO_IND_NODE,2026-08-03,,联网搜索
10351196,山东艾德森生物科技股份有限公司,AGRI004003,饲料添加剂,BELONGS_TO_IND_NODE,2026-08-03,,联网搜索
10351196,山东艾德森生物科技股份有限公司,AGRI000004,饲料工业,BELONGS_TO_IND_NODE,2026-08-03,,联网搜索
10351196,山东艾德森生物科技股份有限公司,AGRI000001,农林牧渔行业,BELONGS_TO_IND_NODE,2026-08-03,,联网搜索
2878266,湖北一致魔芋生物科技股份有限公司,AGRI007003,淀粉及深加工,BELONGS_TO_IND_NODE,2026-08-03,,联网搜索
2878266,湖北一致魔芋生物科技股份有限公司,AGRI000007,农产品加工与仓储,BELONGS_TO_IND_NODE,2026-08-03,,联网搜索
2694246,盖世食品股份有限公司,AGRI007008,水产品加工,BELONGS_TO_IND_NODE,2026-08-03,,联网搜索
2694246,盖世食品股份有限公司,AGRI000007,农产品加工与仓储,BELONGS_TO_IND_NODE,2026-08-03,,联网搜索
472668,鹏都农牧股份有限公司,AGRI006019,肉牛养殖,BELONGS_TO_IND_NODE,2026-08-03,,联网搜索
472668,鹏都农牧股份有限公司,AGRI006003,家畜养殖,BELONGS_TO_IND_NODE,2026-08-03,,联网搜索
472668,鹏都农牧股份有限公司,AGRI000006,农林牧渔生产,BELONGS_TO_IND_NODE,2026-08-03,,联网搜索
472668,鹏都农牧股份有限公司,AGRI000001,农林牧渔行业,BELONGS_TO_IND_NODE,2026-08-03,,联网搜索
472668,鹏都农牧股份有限公司,AGRI006021,肉羊养殖,BELONGS_TO_IND_NODE,2026-08-03,,联网搜索
2873311,郑州千味央厨食品股份有限公司,AGRI008007,中央厨房与团餐配送,BELONGS_TO_IND_NODE,2026-08-03,,联网搜索
2873311,郑州千味央厨食品股份有限公司,AGRI000008,农产品流通与消费渠道,BELONGS_TO_IND_NODE,2026-08-03,,联网搜索
1768264,新疆天顺供应链股份有限公司,AGRI008006,农产品进出口贸易,BELONGS_TO_IND_NODE,2026-08-03,,联网搜索
1768264,新疆天顺供应链股份有限公司,AGRI000008,农产品流通与消费渠道,BELONGS_TO_IND_NODE,2026-08-03,,联网搜索
2923785,广东德力智慧物流股份有限公司,AGRI008010,冷库仓储服务,BELONGS_TO_IND_NODE,2026-08-03,,联网搜索
2923785,广东德力智慧物流股份有限公司,AGRI008002,生鲜冷链物流,BELONGS_TO_IND_NODE,2026-08-03,,联网搜索
2923785,广东德力智慧物流股份有限公司,AGRI000008,农产品流通与消费渠道,BELONGS_TO_IND_NODE,2026-08-03,,联网搜索
356832,烟台双塔食品股份有限公司,AGRI007003,淀粉及深加工,BELONGS_TO_IND_NODE,2026-08-03,,联网搜索
356832,烟台双塔食品股份有限公司,AGRI000007,农产品加工与仓储,BELONGS_TO_IND_NODE,2026-08-03,,联网搜索
6464967,粤海永顺泰集团股份有限公司,AGRI007003,淀粉及深加工,BELONGS_TO_IND_NODE,2026-08-03,,联网搜索
6464967,粤海永顺泰集团股份有限公司,AGRI000007,农产品加工与仓储,BELONGS_TO_IND_NODE,2026-08-03,,联网搜索
300656,金源发展国际实业有限公司,AGRI008004,生鲜零售终端渠道,BELONGS_TO_IND_NODE,2026-08-03,,联网搜索
300656,金源发展国际实业有限公司,AGRI000008,农产品流通与消费渠道,BELONGS_TO_IND_NODE,2026-08-03,,联网搜索
286595,河南双汇投资发展股份有限公司,AGRI007004,屠宰与肉类分割,BELONGS_TO_IND_NODE,2026-08-03,,联网搜索
286595,河南双汇投资发展股份有限公司,AGRI000007,农产品加工与仓储,BELONGS_TO_IND_NODE,2026-08-03,,联网搜索
286595,河南双汇投资发展股份有限公司,AGRI007005,肉制品与预制菜加工,BELONGS_TO_IND_NODE,2026-08-03,,联网搜索
286626,长春欧亚集团股份有限公司,AGRI008004,生鲜零售终端渠道,BELONGS_TO_IND_NODE,2026-08-03,,联网搜索
286626,长春欧亚集团股份有限公司,AGRI000008,农产品流通与消费渠道,BELONGS_TO_IND_NODE,2026-08-03,,联网搜索
328076,中国旺旺控股有限公司,AGRI007007,制糖工业,BELONGS_TO_IND_NODE,2026-08-03,,联网搜索
328076,中国旺旺控股有限公司,AGRI000007,农产品加工与仓储,BELONGS_TO_IND_NODE,2026-08-03,,联网搜索
1117371,北大荒垦丰种业股份有限公司,AGRI002001,大田作物种子,BELONGS_TO_IND_NODE,2026-08-03,,联网搜索
1117371,北大荒垦丰种业股份有限公司,AGRI000002,种业与生物技术,BELONGS_TO_IND_NODE,2026-08-03,,联网搜索
862783,金鹤农业股份有限公司,AGRI007001,粮食加工,BELONGS_TO_IND_NODE,2026-08-03,,联网搜索
862783,金鹤农业股份有限公司,AGRI000007,农产品加工与仓储,BELONGS_TO_IND_NODE,2026-08-03,,联网搜索
2837331,江西红一种业科技股份有限公司,AGRI002001,大田作物种子,BELONGS_TO_IND_NODE,2026-08-03,,联网搜索
2837331,江西红一种业科技股份有限公司,AGRI000002,种业与生物技术,BELONGS_TO_IND_NODE,2026-08-03,,联网搜索
277374,山东登海种业股份有限公司,AGRI002008,杂交玉米种子,BELONGS_TO_IND_NODE,2026-08-03,,联网搜索
277374,山东登海种业股份有限公司,AGRI002001,大田作物种子,BELONGS_TO_IND_NODE,2026-08-03,,联网搜索
277374,山东登海种业股份有限公司,AGRI000002,种业与生物技术,BELONGS_TO_IND_NODE,2026-08-03,,联网搜索
315785,北京京客隆商业集团股份有限公司,AGRI008004,生鲜零售终端渠道,BELONGS_TO_IND_NODE,2026-08-03,,联网搜索
315785,北京京客隆商业集团股份有限公司,AGRI000008,农产品流通与消费渠道,BELONGS_TO_IND_NODE,2026-08-03,,联网搜索
286722,国投丰乐种业股份有限公司,AGRI002001,大田作物种子,BELONGS_TO_IND_NODE,2026-08-03,,联网搜索
286722,国投丰乐种业股份有限公司,AGRI000002,种业与生物技术,BELONGS_TO_IND_NODE,2026-08-03,,联网搜索
286161,中百控股集团股份有限公司,AGRI008004,生鲜零售终端渠道,BELONGS_TO_IND_NODE,2026-08-03,,联网搜索
286161,中百控股集团股份有限公司,AGRI000008,农产品流通与消费渠道,BELONGS_TO_IND_NODE,2026-08-03,,联网搜索
2797362,福建傲农生物科技集团股份有限公司,AGRI004001,配合饲料,BELONGS_TO_IND_NODE,2026-08-03,,联网搜索
2797362,福建傲农生物科技集团股份有限公司,AGRI000004,饲料工业,BELONGS_TO_IND_NODE,2026-08-03,,联网搜索
2797362,福建傲农生物科技集团股份有限公司,AGRI000001,农林牧渔行业,BELONGS_TO_IND_NODE,2026-08-03,,联网搜索
11237065,大连海宝食品股份有限公司,AGRI007008,水产品加工,BELONGS_TO_IND_NODE,2026-08-03,,联网搜索
11237065,大连海宝食品股份有限公司,AGRI000007,农产品加工与仓储,BELONGS_TO_IND_NODE,2026-08-03,,联网搜索
6878608,新疆泰昆蛋白科技股份有限公司,AGRI004005,饲料原料,BELONGS_TO_IND_NODE,2026-08-03,,联网搜索
6878608,新疆泰昆蛋白科技股份有限公司,AGRI000004,饲料工业,BELONGS_TO_IND_NODE,2026-08-03,,联网搜索
6878608,新疆泰昆蛋白科技股份有限公司,AGRI000001,农林牧渔行业,BELONGS_TO_IND_NODE,2026-08-03,,联网搜索
2924523,上海大牧汗食品股份有限公司,AGRI007005,肉制品与预制菜加工,BELONGS_TO_IND_NODE,2026-08-03,,联网搜索
2924523,上海大牧汗食品股份有限公司,AGRI000007,农产品加工与仓储,BELONGS_TO_IND_NODE,2026-08-03,,联网搜索
1711314,湖南金叶众望科技股份有限公司,AGRI003004,复合肥与掺混肥,BELONGS_TO_IND_NODE,2026-08-03,,联网搜索
1711314,湖南金叶众望科技股份有限公司,AGRI000003,农化与肥料,BELONGS_TO_IND_NODE,2026-08-03,,联网搜索
1128642,广东永顺生物制药股份有限公司,AGRI005001,兽用疫苗,BELONGS_TO_IND_NODE,2026-08-03,,联网搜索
1128642,广东永顺生物制药股份有限公司,AGRI000005,动物保健与兽药,BELONGS_TO_IND_NODE,2026-08-03,,联网搜索
267104,晨光生物科技集团股份有限公司,AGRI007002,植物油加工,BELONGS_TO_IND_NODE,2026-08-03,,联网搜索
267104,晨光生物科技集团股份有限公司,AGRI000007,农产品加工与仓储,BELONGS_TO_IND_NODE,2026-08-03,,联网搜索
1999240,柳州爱格富食品科技股份有限公司,AGRI007007,制糖工业,BELONGS_TO_IND_NODE,2026-08-03,,联网搜索
1999240,柳州爱格富食品科技股份有限公司,AGRI000007,农产品加工与仓储,BELONGS_TO_IND_NODE,2026-08-03,,联网搜索
1995821,宁夏上陵牧业股份有限公司,AGRI006020,奶牛养殖,BELONGS_TO_IND_NODE,2026-08-03,,联网搜索
1995821,宁夏上陵牧业股份有限公司,AGRI006003,家畜养殖,BELONGS_TO_IND_NODE,2026-08-03,,联网搜索
1995821,宁夏上陵牧业股份有限公司,AGRI000006,农林牧渔生产,BELONGS_TO_IND_NODE,2026-08-03,,联网搜索
1995821,宁夏上陵牧业股份有限公司,AGRI000001,农林牧渔行业,BELONGS_TO_IND_NODE,2026-08-03,,联网搜索
286762,浙商中拓集团股份有限公司,AGRI008003,食材供应链服务,BELONGS_TO_IND_NODE,2026-08-03,,联网搜索
286762,浙商中拓集团股份有限公司,AGRI000008,农产品流通与消费渠道,BELONGS_TO_IND_NODE,2026-08-03,,联网搜索
364310,天虹数科商业股份有限公司,AGRI008004,生鲜零售终端渠道,BELONGS_TO_IND_NODE,2026-08-03,,联网搜索
364310,天虹数科商业股份有限公司,AGRI000008,农产品流通与消费渠道,BELONGS_TO_IND_NODE,2026-08-03,,联网搜索
611224,成都红旗连锁股份有限公司,AGRI008004,生鲜零售终端渠道,BELONGS_TO_IND_NODE,2026-08-03,,联网搜索
611224,成都红旗连锁股份有限公司,AGRI000008,农产品流通与消费渠道,BELONGS_TO_IND_NODE,2026-08-03,,联网搜索
1737059,江苏华绿生物科技集团股份有限公司,AGRI006002,经济作物种植,BELONGS_TO_IND_NODE,2026-08-03,,联网搜索
1737059,江苏华绿生物科技集团股份有限公司,AGRI000006,农林牧渔生产,BELONGS_TO_IND_NODE,2026-08-03,,联网搜索
1737059,江苏华绿生物科技集团股份有限公司,AGRI000001,农林牧渔行业,BELONGS_TO_IND_NODE,2026-08-03,,联网搜索
266733,江苏快达农化股份有限公司,AGRI000003,农化与肥料,BELONGS_TO_IND_NODE,2026-08-03,,联网搜索
427639,河南金博士种业股份有限公司,AGRI002008,杂交玉米种子,BELONGS_TO_IND_NODE,2026-08-03,,联网搜索
427639,河南金博士种业股份有限公司,AGRI002001,大田作物种子,BELONGS_TO_IND_NODE,2026-08-03,,联网搜索
427639,河南金博士种业股份有限公司,AGRI000002,种业与生物技术,BELONGS_TO_IND_NODE,2026-08-03,,联网搜索
282195,联化科技股份有限公司,AGRI000003,农化与肥料,BELONGS_TO_IND_NODE,2026-08-03,,联网搜索
363449,益海嘉里金龙鱼食品集团股份有限公司,AGRI007001,粮食加工,BELONGS_TO_IND_NODE,2026-08-03,,联网搜索
363449,益海嘉里金龙鱼食品集团股份有限公司,AGRI000007,农产品加工与仓储,BELONGS_TO_IND_NODE,2026-08-03,,联网搜索
363449,益海嘉里金龙鱼食品集团股份有限公司,AGRI007002,植物油加工,BELONGS_TO_IND_NODE,2026-08-03,,联网搜索
356632,安徽辉隆农资集团股份有限公司,AGRI003010,农资流通与农技服务,BELONGS_TO_IND_NODE,2026-08-03,,联网搜索
356632,安徽辉隆农资集团股份有限公司,AGRI000003,农化与肥料,BELONGS_TO_IND_NODE,2026-08-03,,联网搜索
1998319,虹越花卉股份有限公司,AGRI002003,蔬菜瓜果种子种苗,BELONGS_TO_IND_NODE,2026-08-03,,联网搜索
1998319,虹越花卉股份有限公司,AGRI000002,种业与生物技术,BELONGS_TO_IND_NODE,2026-08-03,,联网搜索
1328248,湖南昊华化工股份有限公司,AGRI003006,杀虫剂,BELONGS_TO_IND_NODE,2026-08-03,,联网搜索
1328248,湖南昊华化工股份有限公司,AGRI000003,农化与肥料,BELONGS_TO_IND_NODE,2026-08-03,,联网搜索
608793,甘肃亚盛实业(集团)股份有限公司,AGRI006002,经济作物种植,BELONGS_TO_IND_NODE,2026-08-03,,联网搜索
608793,甘肃亚盛实业(集团)股份有限公司,AGRI000006,农林牧渔生产,BELONGS_TO_IND_NODE,2026-08-03,,联网搜索
608793,甘肃亚盛实业(集团)股份有限公司,AGRI000001,农林牧渔行业,BELONGS_TO_IND_NODE,2026-08-03,,联网搜索
285615,上海开创国际海洋资源股份有限公司,AGRI000006,农林牧渔生产,BELONGS_TO_IND_NODE,2026-08-03,,联网搜索
285615,上海开创国际海洋资源股份有限公司,AGRI000001,农林牧渔行业,BELONGS_TO_IND_NODE,2026-08-03,,联网搜索
642053,江苏丰山集团股份有限公司,AGRI000007,农产品加工与仓储,BELONGS_TO_IND_NODE,2026-08-03,,联网搜索
7569081,锅圈食品(上海)股份有限公司,AGRI007005,肉制品与预制菜加工,BELONGS_TO_IND_NODE,2026-08-03,,联网搜索
7569081,锅圈食品(上海)股份有限公司,AGRI000007,农产品加工与仓储,BELONGS_TO_IND_NODE,2026-08-03,,联网搜索
7461400,淮安柴米河农业科技股份有限公司,AGRI003004,复合肥与掺混肥,BELONGS_TO_IND_NODE,2026-08-03,,联网搜索
7461400,淮安柴米河农业科技股份有限公司,AGRI000003,农化与肥料,BELONGS_TO_IND_NODE,2026-08-03,,联网搜索
286616,包头华资实业股份有限公司,AGRI007007,制糖工业,BELONGS_TO_IND_NODE,2026-08-03,,联网搜索
286616,包头华资实业股份有限公司,AGRI000007,农产品加工与仓储,BELONGS_TO_IND_NODE,2026-08-03,,联网搜索
23996785,河北永和荣达生物科技股份有限公司,AGRI004012,饲用氨基酸,BELONGS_TO_IND_NODE,2026-08-03,,联网搜索
23996785,河北永和荣达生物科技股份有限公司,AGRI004003,饲料添加剂,BELONGS_TO_IND_NODE,2026-08-03,,联网搜索
23996785,河北永和荣达生物科技股份有限公司,AGRI000004,饲料工业,BELONGS_TO_IND_NODE,2026-08-03,,联网搜索
23996785,河北永和荣达生物科技股份有限公司,AGRI000001,农林牧渔行业,BELONGS_TO_IND_NODE,2026-08-03,,联网搜索
298562,三全食品股份有限公司,AGRI007005,肉制品与预制菜加工,BELONGS_TO_IND_NODE,2026-08-03,,联网搜索
298562,三全食品股份有限公司,AGRI000007,农产品加工与仓储,BELONGS_TO_IND_NODE,2026-08-03,,联网搜索
1328335,大连百傲化学股份有限公司,AGRI003007,杀菌剂,BELONGS_TO_IND_NODE,2026-08-03,,联网搜索
1328335,大连百傲化学股份有限公司,AGRI000003,农化与肥料,BELONGS_TO_IND_NODE,2026-08-03,,联网搜索
286603,湖南海利化工股份有限公司,AGRI003006,杀虫剂,BELONGS_TO_IND_NODE,2026-08-03,,联网搜索
286603,湖南海利化工股份有限公司,AGRI000003,农化与肥料,BELONGS_TO_IND_NODE,2026-08-03,,联网搜索
608974,禾丰食品股份有限公司,AGRI004006,猪用配合饲料,BELONGS_TO_IND_NODE,2026-08-03,,联网搜索
608974,禾丰食品股份有限公司,AGRI004001,配合饲料,BELONGS_TO_IND_NODE,2026-08-03,,联网搜索
608974,禾丰食品股份有限公司,AGRI000004,饲料工业,BELONGS_TO_IND_NODE,2026-08-03,,联网搜索
608974,禾丰食品股份有限公司,AGRI000001,农林牧渔行业,BELONGS_TO_IND_NODE,2026-08-03,,联网搜索
608974,禾丰食品股份有限公司,AGRI006018,生猪养殖,BELONGS_TO_IND_NODE,2026-08-03,,联网搜索
608974,禾丰食品股份有限公司,AGRI006003,家畜养殖,BELONGS_TO_IND_NODE,2026-08-03,,联网搜索
608974,禾丰食品股份有限公司,AGRI000006,农林牧渔生产,BELONGS_TO_IND_NODE,2026-08-03,,联网搜索
287467,蓝星安迪苏股份有限公司,AGRI004012,饲用氨基酸,BELONGS_TO_IND_NODE,2026-08-03,,联网搜索
287467,蓝星安迪苏股份有限公司,AGRI004003,饲料添加剂,BELONGS_TO_IND_NODE,2026-08-03,,联网搜索
287467,蓝星安迪苏股份有限公司,AGRI000004,饲料工业,BELONGS_TO_IND_NODE,2026-08-03,,联网搜索
287467,蓝星安迪苏股份有限公司,AGRI000001,农林牧渔行业,BELONGS_TO_IND_NODE,2026-08-03,,联网搜索
357430,盛融控股有限公司,AGRI007005,肉制品与预制菜加工,BELONGS_TO_IND_NODE,2026-08-03,,联网搜索
357430,盛融控股有限公司,AGRI000007,农产品加工与仓储,BELONGS_TO_IND_NODE,2026-08-03,,联网搜索
360121,广东海大集团股份有限公司,AGRI004008,水产配合饲料,BELONGS_TO_IND_NODE,2026-08-03,,联网搜索
360121,广东海大集团股份有限公司,AGRI004001,配合饲料,BELONGS_TO_IND_NODE,2026-08-03,,联网搜索
360121,广东海大集团股份有限公司,AGRI000004,饲料工业,BELONGS_TO_IND_NODE,2026-08-03,,联网搜索
360121,广东海大集团股份有限公司,AGRI000001,农林牧渔行业,BELONGS_TO_IND_NODE,2026-08-03,,联网搜索
360121,广东海大集团股份有限公司,AGRI006018,生猪养殖,BELONGS_TO_IND_NODE,2026-08-03,,联网搜索
360121,广东海大集团股份有限公司,AGRI006003,家畜养殖,BELONGS_TO_IND_NODE,2026-08-03,,联网搜索
360121,广东海大集团股份有限公司,AGRI000006,农林牧渔生产,BELONGS_TO_IND_NODE,2026-08-03,,联网搜索
292082,大成玉米集团有限公司,AGRI007003,淀粉及深加工,BELONGS_TO_IND_NODE,2026-08-03,,联网搜索
292082,大成玉米集团有限公司,AGRI000007,农产品加工与仓储,BELONGS_TO_IND_NODE,2026-08-03,,联网搜索
359319,河南华英农业发展股份有限公司,AGRI006004,家禽养殖,BELONGS_TO_IND_NODE,2026-08-03,,联网搜索
359319,河南华英农业发展股份有限公司,AGRI000006,农林牧渔生产,BELONGS_TO_IND_NODE,2026-08-03,,联网搜索
359319,河南华英农业发展股份有限公司,AGRI000001,农林牧渔行业,BELONGS_TO_IND_NODE,2026-08-03,,联网搜索
359319,河南华英农业发展股份有限公司,AGRI007004,屠宰与肉类分割,BELONGS_TO_IND_NODE,2026-08-03,,联网搜索
359319,河南华英农业发展股份有限公司,AGRI000007,农产品加工与仓储,BELONGS_TO_IND_NODE,2026-08-03,,联网搜索
1784970,南通泰禾化工股份有限公司,AGRI003006,杀虫剂,BELONGS_TO_IND_NODE,2026-08-03,,联网搜索
1784970,南通泰禾化工股份有限公司,AGRI000003,农化与肥料,BELONGS_TO_IND_NODE,2026-08-03,,联网搜索
1784970,南通泰禾化工股份有限公司,AGRI003007,杀菌剂,BELONGS_TO_IND_NODE,2026-08-03,,联网搜索
329036,新疆赛里木现代农业股份有限公司,AGRI006002,经济作物种植,BELONGS_TO_IND_NODE,2026-08-03,,联网搜索
329036,新疆赛里木现代农业股份有限公司,AGRI000006,农林牧渔生产,BELONGS_TO_IND_NODE,2026-08-03,,联网搜索
329036,新疆赛里木现代农业股份有限公司,AGRI000001,农林牧渔行业,BELONGS_TO_IND_NODE,2026-08-03,,联网搜索
285841,中农发种业集团股份有限公司,AGRI002001,大田作物种子,BELONGS_TO_IND_NODE,2026-08-03,,联网搜索
285841,中农发种业集团股份有限公司,AGRI000002,种业与生物技术,BELONGS_TO_IND_NODE,2026-08-03,,联网搜索
2956088,宁波飞润海洋生物科技股份有限公司,AGRI007008,水产品加工,BELONGS_TO_IND_NODE,2026-08-03,,联网搜索
2956088,宁波飞润海洋生物科技股份有限公司,AGRI000007,农产品加工与仓储,BELONGS_TO_IND_NODE,2026-08-03,,联网搜索
780888,北京君德同创生物技术股份有限公司,AGRI004001,配合饲料,BELONGS_TO_IND_NODE,2026-08-03,,联网搜索
780888,北京君德同创生物技术股份有限公司,AGRI000004,饲料工业,BELONGS_TO_IND_NODE,2026-08-03,,联网搜索
780888,北京君德同创生物技术股份有限公司,AGRI000001,农林牧渔行业,BELONGS_TO_IND_NODE,2026-08-03,,联网搜索
382093,山东龙力生物科技股份有限公司,AGRI007003,淀粉及深加工,BELONGS_TO_IND_NODE,2026-08-03,,联网搜索
382093,山东龙力生物科技股份有限公司,AGRI000007,农产品加工与仓储,BELONGS_TO_IND_NODE,2026-08-03,,联网搜索
2956393,浙江香海食品股份有限公司,AGRI007008,水产品加工,BELONGS_TO_IND_NODE,2026-08-03,,联网搜索
2956393,浙江香海食品股份有限公司,AGRI000007,农产品加工与仓储,BELONGS_TO_IND_NODE,2026-08-03,,联网搜索
285826,金健米业股份有限公司,AGRI007001,粮食加工,BELONGS_TO_IND_NODE,2026-08-03,,联网搜索
285826,金健米业股份有限公司,AGRI000007,农产品加工与仓储,BELONGS_TO_IND_NODE,2026-08-03,,联网搜索
285845,江苏扬农化工股份有限公司,AGRI003006,杀虫剂,BELONGS_TO_IND_NODE,2026-08-03,,联网搜索
285845,江苏扬农化工股份有限公司,AGRI000003,农化与肥料,BELONGS_TO_IND_NODE,2026-08-03,,联网搜索
285845,江苏扬农化工股份有限公司,AGRI003007,杀菌剂,BELONGS_TO_IND_NODE,2026-08-03,,联网搜索
608035,大成食品(亚洲)有限公司,AGRI004006,猪用配合饲料,BELONGS_TO_IND_NODE,2026-08-03,,联网搜索
608035,大成食品(亚洲)有限公司,AGRI004001,配合饲料,BELONGS_TO_IND_NODE,2026-08-03,,联网搜索
608035,大成食品(亚洲)有限公司,AGRI000004,饲料工业,BELONGS_TO_IND_NODE,2026-08-03,,联网搜索
608035,大成食品(亚洲)有限公司,AGRI000001,农林牧渔行业,BELONGS_TO_IND_NODE,2026-08-03,,联网搜索
608035,大成食品(亚洲)有限公司,AGRI004007,禽用配合饲料,BELONGS_TO_IND_NODE,2026-08-03,,联网搜索
286563,浙江中国小商品城集团股份有限公司,AGRI008001,农产品批发市场,BELONGS_TO_IND_NODE,2026-08-03,,联网搜索
286563,浙江中国小商品城集团股份有限公司,AGRI000008,农产品流通与消费渠道,BELONGS_TO_IND_NODE,2026-08-03,,联网搜索
285688,厦门建发股份有限公司,AGRI008003,食材供应链服务,BELONGS_TO_IND_NODE,2026-08-03,,联网搜索
285688,厦门建发股份有限公司,AGRI000008,农产品流通与消费渠道,BELONGS_TO_IND_NODE,2026-08-03,,联网搜索
285688,厦门建发股份有限公司,AGRI008006,农产品进出口贸易,BELONGS_TO_IND_NODE,2026-08-03,,联网搜索
9946852,极兔速递环球有限公司,AGRI008002,生鲜冷链物流,BELONGS_TO_IND_NODE,2026-08-03,,联网搜索
9946852,极兔速递环球有限公司,AGRI000008,农产品流通与消费渠道,BELONGS_TO_IND_NODE,2026-08-03,,联网搜索
604849,新疆冠农股份有限公司,AGRI007002,植物油加工,BELONGS_TO_IND_NODE,2026-08-03,,联网搜索
604849,新疆冠农股份有限公司,AGRI000007,农产品加工与仓储,BELONGS_TO_IND_NODE,2026-08-03,,联网搜索
604849,新疆冠农股份有限公司,AGRI007007,制糖工业,BELONGS_TO_IND_NODE,2026-08-03,,联网搜索
284463,河北福成五丰食品股份有限公司,AGRI006003,家畜养殖,BELONGS_TO_IND_NODE,2026-08-03,,联网搜索
284463,河北福成五丰食品股份有限公司,AGRI000006,农林牧渔生产,BELONGS_TO_IND_NODE,2026-08-03,,联网搜索
284463,河北福成五丰食品股份有限公司,AGRI000001,农林牧渔行业,BELONGS_TO_IND_NODE,2026-08-03,,联网搜索
284463,河北福成五丰食品股份有限公司,AGRI007004,屠宰与肉类分割,BELONGS_TO_IND_NODE,2026-08-03,,联网搜索
284463,河北福成五丰食品股份有限公司,AGRI000007,农产品加工与仓储,BELONGS_TO_IND_NODE,2026-08-03,,联网搜索
286695,中粮生物科技股份有限公司,AGRI007003,淀粉及深加工,BELONGS_TO_IND_NODE,2026-08-03,,联网搜索
286695,中粮生物科技股份有限公司,AGRI000007,农产品加工与仓储,BELONGS_TO_IND_NODE,2026-08-03,,联网搜索
364911,江苏长青农化股份有限公司,AGRI003006,杀虫剂,BELONGS_TO_IND_NODE,2026-08-03,,联网搜索
364911,江苏长青农化股份有限公司,AGRI000003,农化与肥料,BELONGS_TO_IND_NODE,2026-08-03,,联网搜索
364911,江苏长青农化股份有限公司,AGRI003007,杀菌剂,BELONGS_TO_IND_NODE,2026-08-03,,联网搜索
268839,亚洲果业控股有限公司,AGRI000007,农产品加工与仓储,BELONGS_TO_IND_NODE,2026-08-03,,联网搜索
2229434,江苏红旗种业股份有限公司,AGRI002001,大田作物种子,BELONGS_TO_IND_NODE,2026-08-03,,联网搜索
2229434,江苏红旗种业股份有限公司,AGRI000002,种业与生物技术,BELONGS_TO_IND_NODE,2026-08-03,,联网搜索
268824,澳优乳业股份有限公司,AGRI007012,乳粉,BELONGS_TO_IND_NODE,2026-08-03,,联网搜索
268824,澳优乳业股份有限公司,AGRI007006,乳制品加工,BELONGS_TO_IND_NODE,2026-08-03,,联网搜索
268824,澳优乳业股份有限公司,AGRI000007,农产品加工与仓储,BELONGS_TO_IND_NODE,2026-08-03,,联网搜索
844792,金河生物科技股份有限公司,AGRI005002,兽用化学药品制剂,BELONGS_TO_IND_NODE,2026-08-03,,联网搜索
844792,金河生物科技股份有限公司,AGRI000005,动物保健与兽药,BELONGS_TO_IND_NODE,2026-08-03,,联网搜索
287327,甘肃省敦煌种业集团股份有限公司,AGRI002008,杂交玉米种子,BELONGS_TO_IND_NODE,2026-08-03,,联网搜索
287327,甘肃省敦煌种业集团股份有限公司,AGRI002001,大田作物种子,BELONGS_TO_IND_NODE,2026-08-03,,联网搜索
287327,甘肃省敦煌种业集团股份有限公司,AGRI000002,种业与生物技术,BELONGS_TO_IND_NODE,2026-08-03,,联网搜索
2977378,广东广康生化科技股份有限公司,AGRI003019,灭生性除草剂,BELONGS_TO_IND_NODE,2026-08-03,,联网搜索
2977378,广东广康生化科技股份有限公司,AGRI003005,除草剂,BELONGS_TO_IND_NODE,2026-08-03,,联网搜索
2977378,广东广康生化科技股份有限公司,AGRI000003,农化与肥料,BELONGS_TO_IND_NODE,2026-08-03,,联网搜索
364156,北京大北农科技集团股份有限公司,AGRI002004,生物育种技术,BELONGS_TO_IND_NODE,2026-08-03,,联网搜索
364156,北京大北农科技集团股份有限公司,AGRI000002,种业与生物技术,BELONGS_TO_IND_NODE,2026-08-03,,联网搜索
364156,北京大北农科技集团股份有限公司,AGRI004006,猪用配合饲料,BELONGS_TO_IND_NODE,2026-08-03,,联网搜索
364156,北京大北农科技集团股份有限公司,AGRI004001,配合饲料,BELONGS_TO_IND_NODE,2026-08-03,,联网搜索
364156,北京大北农科技集团股份有限公司,AGRI000004,饲料工业,BELONGS_TO_IND_NODE,2026-08-03,,联网搜索
364156,北京大北农科技集团股份有限公司,AGRI000001,农林牧渔行业,BELONGS_TO_IND_NODE,2026-08-03,,联网搜索
364156,北京大北农科技集团股份有限公司,AGRI004007,禽用配合饲料,BELONGS_TO_IND_NODE,2026-08-03,,联网搜索
2994221,绿亨科技集团股份有限公司,AGRI003007,杀菌剂,BELONGS_TO_IND_NODE,2026-08-03,,联网搜索
2994221,绿亨科技集团股份有限公司,AGRI000003,农化与肥料,BELONGS_TO_IND_NODE,2026-08-03,,联网搜索
2991901,广东便捷神科技股份有限公司,AGRI008004,生鲜零售终端渠道,BELONGS_TO_IND_NODE,2026-08-03,,联网搜索
2991901,广东便捷神科技股份有限公司,AGRI000008,农产品流通与消费渠道,BELONGS_TO_IND_NODE,2026-08-03,,联网搜索
1345775,草原兴发食品科技(北京)股份有限公司,AGRI007005,肉制品与预制菜加工,BELONGS_TO_IND_NODE,2026-08-03,,联网搜索
1345775,草原兴发食品科技(北京)股份有限公司,AGRI000007,农产品加工与仓储,BELONGS_TO_IND_NODE,2026-08-03,,联网搜索
1872267,浙江衢州东方集团股份有限公司,AGRI008004,生鲜零售终端渠道,BELONGS_TO_IND_NODE,2026-08-03,,联网搜索
1872267,浙江衢州东方集团股份有限公司,AGRI000008,农产品流通与消费渠道,BELONGS_TO_IND_NODE,2026-08-03,,联网搜索
2956306,海南传味文昌鸡产业股份有限公司,AGRI006012,黄羽肉鸡养殖,BELONGS_TO_IND_NODE,2026-08-03,,联网搜索
2956306,海南传味文昌鸡产业股份有限公司,AGRI006004,家禽养殖,BELONGS_TO_IND_NODE,2026-08-03,,联网搜索
2956306,海南传味文昌鸡产业股份有限公司,AGRI000006,农林牧渔生产,BELONGS_TO_IND_NODE,2026-08-03,,联网搜索
2956306,海南传味文昌鸡产业股份有限公司,AGRI000001,农林牧渔行业,BELONGS_TO_IND_NODE,2026-08-03,,联网搜索
360217,福建圣农发展股份有限公司,AGRI006011,白羽肉鸡养殖,BELONGS_TO_IND_NODE,2026-08-03,,联网搜索
360217,福建圣农发展股份有限公司,AGRI006004,家禽养殖,BELONGS_TO_IND_NODE,2026-08-03,,联网搜索
360217,福建圣农发展股份有限公司,AGRI000006,农林牧渔生产,BELONGS_TO_IND_NODE,2026-08-03,,联网搜索
360217,福建圣农发展股份有限公司,AGRI000001,农林牧渔行业,BELONGS_TO_IND_NODE,2026-08-03,,联网搜索
365383,安徽荃银高科种业股份有限公司,AGRI002001,大田作物种子,BELONGS_TO_IND_NODE,2026-08-03,,联网搜索
365383,安徽荃银高科种业股份有限公司,AGRI000002,种业与生物技术,BELONGS_TO_IND_NODE,2026-08-03,,联网搜索
499978,南京音飞储存设备(集团)股份有限公司,AGRI007009,农产品冷链仓储,BELONGS_TO_IND_NODE,2026-08-03,,联网搜索
499978,南京音飞储存设备(集团)股份有限公司,AGRI000007,农产品加工与仓储,BELONGS_TO_IND_NODE,2026-08-03,,联网搜索
1703025,谢裕大茶叶股份有限公司,AGRI006002,经济作物种植,BELONGS_TO_IND_NODE,2026-08-03,,联网搜索
1703025,谢裕大茶叶股份有限公司,AGRI000006,农林牧渔生产,BELONGS_TO_IND_NODE,2026-08-03,,联网搜索
1703025,谢裕大茶叶股份有限公司,AGRI000001,农林牧渔行业,BELONGS_TO_IND_NODE,2026-08-03,,联网搜索
285468,瑞茂通供应链管理股份有限公司,AGRI008006,农产品进出口贸易,BELONGS_TO_IND_NODE,2026-08-03,,联网搜索
285468,瑞茂通供应链管理股份有限公司,AGRI000008,农产品流通与消费渠道,BELONGS_TO_IND_NODE,2026-08-03,,联网搜索
285647,张家港保税科技(集团)股份有限公司,AGRI007009,农产品冷链仓储,BELONGS_TO_IND_NODE,2026-08-03,,联网搜索
285647,张家港保税科技(集团)股份有限公司,AGRI000007,农产品加工与仓储,BELONGS_TO_IND_NODE,2026-08-03,,联网搜索
347788,江西绿洲源木业股份有限公司,AGRI006006,林业生产,BELONGS_TO_IND_NODE,2026-08-03,,联网搜索
347788,江西绿洲源木业股份有限公司,AGRI000006,农林牧渔生产,BELONGS_TO_IND_NODE,2026-08-03,,联网搜索
347788,江西绿洲源木业股份有限公司,AGRI000001,农林牧渔行业,BELONGS_TO_IND_NODE,2026-08-03,,联网搜索
286449,梅花生物科技集团股份有限公司,AGRI004012,饲用氨基酸,BELONGS_TO_IND_NODE,2026-08-03,,联网搜索
286449,梅花生物科技集团股份有限公司,AGRI004003,饲料添加剂,BELONGS_TO_IND_NODE,2026-08-03,,联网搜索
286449,梅花生物科技集团股份有限公司,AGRI000004,饲料工业,BELONGS_TO_IND_NODE,2026-08-03,,联网搜索
286449,梅花生物科技集团股份有限公司,AGRI000001,农林牧渔行业,BELONGS_TO_IND_NODE,2026-08-03,,联网搜索
1165147,早康枸杞股份有限公司,AGRI007003,淀粉及深加工,BELONGS_TO_IND_NODE,2026-08-03,,联网搜索
1165147,早康枸杞股份有限公司,AGRI000007,农产品加工与仓储,BELONGS_TO_IND_NODE,2026-08-03,,联网搜索
7101866,杭州顺丰同城实业股份有限公司,AGRI008011,冷藏运输配送,BELONGS_TO_IND_NODE,2026-08-03,,联网搜索
7101866,杭州顺丰同城实业股份有限公司,AGRI008002,生鲜冷链物流,BELONGS_TO_IND_NODE,2026-08-03,,联网搜索
7101866,杭州顺丰同城实业股份有限公司,AGRI000008,农产品流通与消费渠道,BELONGS_TO_IND_NODE,2026-08-03,,联网搜索
329152,超大现代农业(控股)有限公司,AGRI006001,粮食作物种植,BELONGS_TO_IND_NODE,2026-08-03,,联网搜索
329152,超大现代农业(控股)有限公司,AGRI000006,农林牧渔生产,BELONGS_TO_IND_NODE,2026-08-03,,联网搜索
329152,超大现代农业(控股)有限公司,AGRI000001,农林牧渔行业,BELONGS_TO_IND_NODE,2026-08-03,,联网搜索
8192848,京东物流股份有限公司,AGRI008002,生鲜冷链物流,BELONGS_TO_IND_NODE,2026-08-03,,联网搜索
8192848,京东物流股份有限公司,AGRI000008,农产品流通与消费渠道,BELONGS_TO_IND_NODE,2026-08-03,,联网搜索
8192848,京东物流股份有限公司,AGRI008003,食材供应链服务,BELONGS_TO_IND_NODE,2026-08-03,,联网搜索
286567,中粮糖业控股股份有限公司,AGRI007007,制糖工业,BELONGS_TO_IND_NODE,2026-08-03,,联网搜索
286567,中粮糖业控股股份有限公司,AGRI000007,农产品加工与仓储,BELONGS_TO_IND_NODE,2026-08-03,,联网搜索
2956964,甘肃陇萃堂营养保健食品股份有限公司,AGRI000007,农产品加工与仓储,BELONGS_TO_IND_NODE,2026-08-03,,联网搜索
1164942,湖北裕国菇业股份有限公司,AGRI007008,水产品加工,BELONGS_TO_IND_NODE,2026-08-03,,联网搜索
1164942,湖北裕国菇业股份有限公司,AGRI000007,农产品加工与仓储,BELONGS_TO_IND_NODE,2026-08-03,,联网搜索
351208,大连微冷食品股份有限公司,AGRI007008,水产品加工,BELONGS_TO_IND_NODE,2026-08-03,,联网搜索
351208,大连微冷食品股份有限公司,AGRI000007,农产品加工与仓储,BELONGS_TO_IND_NODE,2026-08-03,,联网搜索
286090,山东省中鲁远洋渔业股份有限公司,AGRI006005,水产养殖,BELONGS_TO_IND_NODE,2026-08-03,,联网搜索
286090,山东省中鲁远洋渔业股份有限公司,AGRI000006,农林牧渔生产,BELONGS_TO_IND_NODE,2026-08-03,,联网搜索
286090,山东省中鲁远洋渔业股份有限公司,AGRI000001,农林牧渔行业,BELONGS_TO_IND_NODE,2026-08-03,,联网搜索
2140547,南京虎凤蝶电子商务科技股份有限公司,AGRI008004,生鲜零售终端渠道,BELONGS_TO_IND_NODE,2026-08-03,,联网搜索
2140547,南京虎凤蝶电子商务科技股份有限公司,AGRI000008,农产品流通与消费渠道,BELONGS_TO_IND_NODE,2026-08-03,,联网搜索
2372764,富一国际控股有限公司,AGRI003004,复合肥与掺混肥,BELONGS_TO_IND_NODE,2026-08-03,,联网搜索
2372764,富一国际控股有限公司,AGRI000003,农化与肥料,BELONGS_TO_IND_NODE,2026-08-03,,联网搜索
574025,福建省永安林业(集团)股份有限公司,AGRI006006,林业生产,BELONGS_TO_IND_NODE,2026-08-03,,联网搜索
574025,福建省永安林业(集团)股份有限公司,AGRI000006,农林牧渔生产,BELONGS_TO_IND_NODE,2026-08-03,,联网搜索
574025,福建省永安林业(集团)股份有限公司,AGRI000001,农林牧渔行业,BELONGS_TO_IND_NODE,2026-08-03,,联网搜索
351274,中国蒙牛乳业有限公司,AGRI007006,乳制品加工,BELONGS_TO_IND_NODE,2026-08-03,,联网搜索
351274,中国蒙牛乳业有限公司,AGRI000007,农产品加工与仓储,BELONGS_TO_IND_NODE,2026-08-03,,联网搜索
2375573,宇都供应链(山东)股份有限公司,AGRI008006,农产品进出口贸易,BELONGS_TO_IND_NODE,2026-08-03,,联网搜索
2375573,宇都供应链(山东)股份有限公司,AGRI000008,农产品流通与消费渠道,BELONGS_TO_IND_NODE,2026-08-03,,联网搜索
8192809,双财庄有限公司,AGRI008004,生鲜零售终端渠道,BELONGS_TO_IND_NODE,2026-08-03,,联网搜索
8192809,双财庄有限公司,AGRI000008,农产品流通与消费渠道,BELONGS_TO_IND_NODE,2026-08-03,,联网搜索
8192811,富景中国控股有限公司,AGRI006001,粮食作物种植,BELONGS_TO_IND_NODE,2026-08-03,,联网搜索
8192811,富景中国控股有限公司,AGRI000006,农林牧渔生产,BELONGS_TO_IND_NODE,2026-08-03,,联网搜索
8192811,富景中国控股有限公司,AGRI000001,农林牧渔行业,BELONGS_TO_IND_NODE,2026-08-03,,联网搜索
1924710,河南恒瑞淀粉科技股份有限公司,AGRI007003,淀粉及深加工,BELONGS_TO_IND_NODE,2026-08-03,,联网搜索
1924710,河南恒瑞淀粉科技股份有限公司,AGRI000007,农产品加工与仓储,BELONGS_TO_IND_NODE,2026-08-03,,联网搜索
2205466,上海全胜物流股份有限公司,AGRI008010,冷库仓储服务,BELONGS_TO_IND_NODE,2026-08-03,,联网搜索
2205466,上海全胜物流股份有限公司,AGRI008002,生鲜冷链物流,BELONGS_TO_IND_NODE,2026-08-03,,联网搜索
2205466,上海全胜物流股份有限公司,AGRI000008,农产品流通与消费渠道,BELONGS_TO_IND_NODE,2026-08-03,,联网搜索
1124205,安徽皖垦种业股份有限公司,AGRI002001,大田作物种子,BELONGS_TO_IND_NODE,2026-08-03,,联网搜索
1124205,安徽皖垦种业股份有限公司,AGRI000002,种业与生物技术,BELONGS_TO_IND_NODE,2026-08-03,,联网搜索
574032,三江购物俱乐部股份有限公司,AGRI008004,生鲜零售终端渠道,BELONGS_TO_IND_NODE,2026-08-03,,联网搜索
574032,三江购物俱乐部股份有限公司,AGRI000008,农产品流通与消费渠道,BELONGS_TO_IND_NODE,2026-08-03,,联网搜索
2117266,宁夏骏华月牙湖农牧科技股份有限公司,AGRI006022,蛋鸡养殖,BELONGS_TO_IND_NODE,2026-08-03,,联网搜索
2117266,宁夏骏华月牙湖农牧科技股份有限公司,AGRI006004,家禽养殖,BELONGS_TO_IND_NODE,2026-08-03,,联网搜索
2117266,宁夏骏华月牙湖农牧科技股份有限公司,AGRI000006,农林牧渔生产,BELONGS_TO_IND_NODE,2026-08-03,,联网搜索
2117266,宁夏骏华月牙湖农牧科技股份有限公司,AGRI000001,农林牧渔行业,BELONGS_TO_IND_NODE,2026-08-03,,联网搜索
104108617,深圳丰德康种业股份有限公司,AGRI002001,大田作物种子,BELONGS_TO_IND_NODE,2026-08-03,,联网搜索
104108617,深圳丰德康种业股份有限公司,AGRI000002,种业与生物技术,BELONGS_TO_IND_NODE,2026-08-03,,联网搜索
285616,厦门象屿股份有限公司,AGRI008003,食材供应链服务,BELONGS_TO_IND_NODE,2026-08-03,,联网搜索
285616,厦门象屿股份有限公司,AGRI000008,农产品流通与消费渠道,BELONGS_TO_IND_NODE,2026-08-03,,联网搜索
285828,浙江新安化工集团股份有限公司,AGRI003005,除草剂,BELONGS_TO_IND_NODE,2026-08-03,,联网搜索
285828,浙江新安化工集团股份有限公司,AGRI000003,农化与肥料,BELONGS_TO_IND_NODE,2026-08-03,,联网搜索
369385,山东得利斯食品股份有限公司,AGRI007005,肉制品与预制菜加工,BELONGS_TO_IND_NODE,2026-08-03,,联网搜索
369385,山东得利斯食品股份有限公司,AGRI000007,农产品加工与仓储,BELONGS_TO_IND_NODE,2026-08-03,,联网搜索
286376,新疆塔里木农业综合开发股份有限公司,AGRI006002,经济作物种植,BELONGS_TO_IND_NODE,2026-08-03,,联网搜索
286376,新疆塔里木农业综合开发股份有限公司,AGRI000006,农林牧渔生产,BELONGS_TO_IND_NODE,2026-08-03,,联网搜索
286376,新疆塔里木农业综合开发股份有限公司,AGRI000001,农林牧渔行业,BELONGS_TO_IND_NODE,2026-08-03,,联网搜索
886086,山东三元生物科技股份有限公司,AGRI004003,饲料添加剂,BELONGS_TO_IND_NODE,2026-08-03,,联网搜索
886086,山东三元生物科技股份有限公司,AGRI000004,饲料工业,BELONGS_TO_IND_NODE,2026-08-03,,联网搜索
886086,山东三元生物科技股份有限公司,AGRI000001,农林牧渔行业,BELONGS_TO_IND_NODE,2026-08-03,,联网搜索
458670,新疆天润乳业股份有限公司,AGRI007006,乳制品加工,BELONGS_TO_IND_NODE,2026-08-03,,联网搜索
458670,新疆天润乳业股份有限公司,AGRI000007,农产品加工与仓储,BELONGS_TO_IND_NODE,2026-08-03,,联网搜索
2313486,湖北玉如意生物科技股份有限公司,AGRI007003,淀粉及深加工,BELONGS_TO_IND_NODE,2026-08-03,,联网搜索
2313486,湖北玉如意生物科技股份有限公司,AGRI000007,农产品加工与仓储,BELONGS_TO_IND_NODE,2026-08-03,,联网搜索
8116317,山东邦基科技股份有限公司,AGRI004001,配合饲料,BELONGS_TO_IND_NODE,2026-08-03,,联网搜索
8116317,山东邦基科技股份有限公司,AGRI000004,饲料工业,BELONGS_TO_IND_NODE,2026-08-03,,联网搜索
8116317,山东邦基科技股份有限公司,AGRI000001,农林牧渔行业,BELONGS_TO_IND_NODE,2026-08-03,,联网搜索
814382,高鑫零售有限公司,AGRI008004,生鲜零售终端渠道,BELONGS_TO_IND_NODE,2026-08-03,,联网搜索
814382,高鑫零售有限公司,AGRI000008,农产品流通与消费渠道,BELONGS_TO_IND_NODE,2026-08-03,,联网搜索
345042,山东东方海洋科技股份有限公司,AGRI007008,水产品加工,BELONGS_TO_IND_NODE,2026-08-03,,联网搜索
345042,山东东方海洋科技股份有限公司,AGRI000007,农产品加工与仓储,BELONGS_TO_IND_NODE,2026-08-03,,联网搜索
840572,安徽广信农化股份有限公司,AGRI003005,除草剂,BELONGS_TO_IND_NODE,2026-08-03,,联网搜索
840572,安徽广信农化股份有限公司,AGRI000003,农化与肥料,BELONGS_TO_IND_NODE,2026-08-03,,联网搜索
840572,安徽广信农化股份有限公司,AGRI003007,杀菌剂,BELONGS_TO_IND_NODE,2026-08-03,,联网搜索
286005,湖南正虹科技发展股份有限公司,AGRI004001,配合饲料,BELONGS_TO_IND_NODE,2026-08-03,,联网搜索
286005,湖南正虹科技发展股份有限公司,AGRI000004,饲料工业,BELONGS_TO_IND_NODE,2026-08-03,,联网搜索
286005,湖南正虹科技发展股份有限公司,AGRI000001,农林牧渔行业,BELONGS_TO_IND_NODE,2026-08-03,,联网搜索
8112649,中国优然牧业集团有限公司,AGRI006020,奶牛养殖,BELONGS_TO_IND_NODE,2026-08-03,,联网搜索
8112649,中国优然牧业集团有限公司,AGRI006003,家畜养殖,BELONGS_TO_IND_NODE,2026-08-03,,联网搜索
8112649,中国优然牧业集团有限公司,AGRI000006,农林牧渔生产,BELONGS_TO_IND_NODE,2026-08-03,,联网搜索
8112649,中国优然牧业集团有限公司,AGRI000001,农林牧渔行业,BELONGS_TO_IND_NODE,2026-08-03,,联网搜索
2058193,山东先达农化股份有限公司,AGRI003005,除草剂,BELONGS_TO_IND_NODE,2026-08-03,,联网搜索
2058193,山东先达农化股份有限公司,AGRI000003,农化与肥料,BELONGS_TO_IND_NODE,2026-08-03,,联网搜索
286347,南通江山农药化工股份有限公司,AGRI003019,灭生性除草剂,BELONGS_TO_IND_NODE,2026-08-03,,联网搜索
286347,南通江山农药化工股份有限公司,AGRI003005,除草剂,BELONGS_TO_IND_NODE,2026-08-03,,联网搜索
286347,南通江山农药化工股份有限公司,AGRI000003,农化与肥料,BELONGS_TO_IND_NODE,2026-08-03,,联网搜索
3336300,椰丰集团有限公司,AGRI007002,植物油加工,BELONGS_TO_IND_NODE,2026-08-03,,联网搜索
3336300,椰丰集团有限公司,AGRI000007,农产品加工与仓储,BELONGS_TO_IND_NODE,2026-08-03,,联网搜索
339096,维他奶国际集团有限公司,AGRI007011,液态奶,BELONGS_TO_IND_NODE,2026-08-03,,联网搜索
339096,维他奶国际集团有限公司,AGRI007006,乳制品加工,BELONGS_TO_IND_NODE,2026-08-03,,联网搜索
339096,维他奶国际集团有限公司,AGRI000007,农产品加工与仓储,BELONGS_TO_IND_NODE,2026-08-03,,联网搜索
334776,香港食品投资控股有限公司,AGRI007005,肉制品与预制菜加工,BELONGS_TO_IND_NODE,2026-08-03,,联网搜索
334776,香港食品投资控股有限公司,AGRI000007,农产品加工与仓储,BELONGS_TO_IND_NODE,2026-08-03,,联网搜索
1153936,绿康生化股份有限公司,AGRI005002,兽用化学药品制剂,BELONGS_TO_IND_NODE,2026-08-03,,联网搜索
1153936,绿康生化股份有限公司,AGRI000005,动物保健与兽药,BELONGS_TO_IND_NODE,2026-08-03,,联网搜索
1153936,绿康生化股份有限公司,AGRI005003,中兽药,BELONGS_TO_IND_NODE,2026-08-03,,联网搜索
4106682,上海生农生化制品股份有限公司,AGRI003005,除草剂,BELONGS_TO_IND_NODE,2026-08-03,,联网搜索
4106682,上海生农生化制品股份有限公司,AGRI000003,农化与肥料,BELONGS_TO_IND_NODE,2026-08-03,,联网搜索
2406766,江苏世昌农牧集团股份有限公司,AGRI004001,配合饲料,BELONGS_TO_IND_NODE,2026-08-03,,联网搜索
2406766,江苏世昌农牧集团股份有限公司,AGRI000004,饲料工业,BELONGS_TO_IND_NODE,2026-08-03,,联网搜索
2406766,江苏世昌农牧集团股份有限公司,AGRI000001,农林牧渔行业,BELONGS_TO_IND_NODE,2026-08-03,,联网搜索
2552423,内蒙古澳菲利食品股份有限公司,AGRI007005,肉制品与预制菜加工,BELONGS_TO_IND_NODE,2026-08-03,,联网搜索
2552423,内蒙古澳菲利食品股份有限公司,AGRI000007,农产品加工与仓储,BELONGS_TO_IND_NODE,2026-08-03,,联网搜索
4153614,广西绿友农生物科技股份有限公司,AGRI003004,复合肥与掺混肥,BELONGS_TO_IND_NODE,2026-08-03,,联网搜索
4153614,广西绿友农生物科技股份有限公司,AGRI000003,农化与肥料,BELONGS_TO_IND_NODE,2026-08-03,,联网搜索
286355,中储发展股份有限公司,AGRI007009,农产品冷链仓储,BELONGS_TO_IND_NODE,2026-08-03,,联网搜索
286355,中储发展股份有限公司,AGRI000007,农产品加工与仓储,BELONGS_TO_IND_NODE,2026-08-03,,联网搜索
286355,中储发展股份有限公司,AGRI007010,粮食收储与储备运营,BELONGS_TO_IND_NODE,2026-08-03,,联网搜索
2540115,山东绿霸化工股份有限公司,AGRI003005,除草剂,BELONGS_TO_IND_NODE,2026-08-03,,联网搜索
2540115,山东绿霸化工股份有限公司,AGRI000003,农化与肥料,BELONGS_TO_IND_NODE,2026-08-03,,联网搜索
2540115,山东绿霸化工股份有限公司,AGRI003006,杀虫剂,BELONGS_TO_IND_NODE,2026-08-03,,联网搜索
4106718,浙江凯鸿供应链集团股份有限公司,AGRI008003,食材供应链服务,BELONGS_TO_IND_NODE,2026-08-03,,联网搜索
4106718,浙江凯鸿供应链集团股份有限公司,AGRI000008,农产品流通与消费渠道,BELONGS_TO_IND_NODE,2026-08-03,,联网搜索
3426363,山西东方亮生命科技股份有限公司,AGRI007001,粮食加工,BELONGS_TO_IND_NODE,2026-08-03,,联网搜索
3426363,山西东方亮生命科技股份有限公司,AGRI000007,农产品加工与仓储,BELONGS_TO_IND_NODE,2026-08-03,,联网搜索
1083230,浙江华统肉制品股份有限公司,AGRI007004,屠宰与肉类分割,BELONGS_TO_IND_NODE,2026-08-03,,联网搜索
1083230,浙江华统肉制品股份有限公司,AGRI000007,农产品加工与仓储,BELONGS_TO_IND_NODE,2026-08-03,,联网搜索
1083230,浙江华统肉制品股份有限公司,AGRI007005,肉制品与预制菜加工,BELONGS_TO_IND_NODE,2026-08-03,,联网搜索
2546683,平顶山金晶生物科技股份有限公司,AGRI007003,淀粉及深加工,BELONGS_TO_IND_NODE,2026-08-03,,联网搜索
2546683,平顶山金晶生物科技股份有限公司,AGRI000007,农产品加工与仓储,BELONGS_TO_IND_NODE,2026-08-03,,联网搜索
286371,内蒙古伊利实业集团股份有限公司,AGRI007006,乳制品加工,BELONGS_TO_IND_NODE,2026-08-03,,联网搜索
286371,内蒙古伊利实业集团股份有限公司,AGRI000007,农产品加工与仓储,BELONGS_TO_IND_NODE,2026-08-03,,联网搜索
338850,中国雨润食品集团有限公司,AGRI007004,屠宰与肉类分割,BELONGS_TO_IND_NODE,2026-08-03,,联网搜索
338850,中国雨润食品集团有限公司,AGRI000007,农产品加工与仓储,BELONGS_TO_IND_NODE,2026-08-03,,联网搜索
338850,中国雨润食品集团有限公司,AGRI007005,肉制品与预制菜加工,BELONGS_TO_IND_NODE,2026-08-03,,联网搜索
285980,厦门国贸集团股份有限公司,AGRI008006,农产品进出口贸易,BELONGS_TO_IND_NODE,2026-08-03,,联网搜索
285980,厦门国贸集团股份有限公司,AGRI000008,农产品流通与消费渠道,BELONGS_TO_IND_NODE,2026-08-03,,联网搜索
4153540,岳阳峰岭菁华生态科技股份有限公司,AGRI006002,经济作物种植,BELONGS_TO_IND_NODE,2026-08-03,,联网搜索
4153540,岳阳峰岭菁华生态科技股份有限公司,AGRI000006,农林牧渔生产,BELONGS_TO_IND_NODE,2026-08-03,,联网搜索
4153540,岳阳峰岭菁华生态科技股份有限公司,AGRI000001,农林牧渔行业,BELONGS_TO_IND_NODE,2026-08-03,,联网搜索
2431627,山西长荣农业科技股份有限公司,AGRI004001,配合饲料,BELONGS_TO_IND_NODE,2026-08-03,,联网搜索
2431627,山西长荣农业科技股份有限公司,AGRI000004,饲料工业,BELONGS_TO_IND_NODE,2026-08-03,,联网搜索
2431627,山西长荣农业科技股份有限公司,AGRI000001,农林牧渔行业,BELONGS_TO_IND_NODE,2026-08-03,,联网搜索
2496013,黑龙江省恒源食品股份有限公司,AGRI000007,农产品加工与仓储,BELONGS_TO_IND_NODE,2026-08-03,,联网搜索
285982,金宇生物技术股份有限公司,AGRI005001,兽用疫苗,BELONGS_TO_IND_NODE,2026-08-03,,联网搜索
285982,金宇生物技术股份有限公司,AGRI000005,动物保健与兽药,BELONGS_TO_IND_NODE,2026-08-03,,联网搜索
285564,袁隆平农业高科技股份有限公司,AGRI002008,杂交玉米种子,BELONGS_TO_IND_NODE,2026-08-03,,联网搜索
285564,袁隆平农业高科技股份有限公司,AGRI002001,大田作物种子,BELONGS_TO_IND_NODE,2026-08-03,,联网搜索
285564,袁隆平农业高科技股份有限公司,AGRI000002,种业与生物技术,BELONGS_TO_IND_NODE,2026-08-03,,联网搜索
285564,袁隆平农业高科技股份有限公司,AGRI002009,杂交水稻种子,BELONGS_TO_IND_NODE,2026-08-03,,联网搜索
286401,深圳市深粮控股股份有限公司,AGRI007001,粮食加工,BELONGS_TO_IND_NODE,2026-08-03,,联网搜索
286401,深圳市深粮控股股份有限公司,AGRI000007,农产品加工与仓储,BELONGS_TO_IND_NODE,2026-08-03,,联网搜索
770209,健合(H&H)国际控股有限公司,AGRI007012,乳粉,BELONGS_TO_IND_NODE,2026-08-03,,联网搜索
770209,健合(H&H)国际控股有限公司,AGRI007006,乳制品加工,BELONGS_TO_IND_NODE,2026-08-03,,联网搜索
770209,健合(H&H)国际控股有限公司,AGRI000007,农产品加工与仓储,BELONGS_TO_IND_NODE,2026-08-03,,联网搜索
314648,浙江伊宝馨生物科技股份有限公司,AGRI004003,饲料添加剂,BELONGS_TO_IND_NODE,2026-08-03,,联网搜索
314648,浙江伊宝馨生物科技股份有限公司,AGRI000004,饲料工业,BELONGS_TO_IND_NODE,2026-08-03,,联网搜索
314648,浙江伊宝馨生物科技股份有限公司,AGRI000001,农林牧渔行业,BELONGS_TO_IND_NODE,2026-08-03,,联网搜索
331358,南通醋酸化工股份有限公司,AGRI004003,饲料添加剂,BELONGS_TO_IND_NODE,2026-08-03,,联网搜索
331358,南通醋酸化工股份有限公司,AGRI000004,饲料工业,BELONGS_TO_IND_NODE,2026-08-03,,联网搜索
331358,南通醋酸化工股份有限公司,AGRI000001,农林牧渔行业,BELONGS_TO_IND_NODE,2026-08-03,,联网搜索
2428276,江苏同益国际物流股份有限公司,AGRI008002,生鲜冷链物流,BELONGS_TO_IND_NODE,2026-08-03,,联网搜索
2428276,江苏同益国际物流股份有限公司,AGRI000008,农产品流通与消费渠道,BELONGS_TO_IND_NODE,2026-08-03,,联网搜索
772164,成都云图控股股份有限公司,AGRI003004,复合肥与掺混肥,BELONGS_TO_IND_NODE,2026-08-03,,联网搜索
772164,成都云图控股股份有限公司,AGRI000003,农化与肥料,BELONGS_TO_IND_NODE,2026-08-03,,联网搜索
4142759,英记茶庄集团有限公司,AGRI007001,粮食加工,BELONGS_TO_IND_NODE,2026-08-03,,联网搜索
4142759,英记茶庄集团有限公司,AGRI000007,农产品加工与仓储,BELONGS_TO_IND_NODE,2026-08-03,,联网搜索
285507,浙江东日股份有限公司,AGRI008001,农产品批发市场,BELONGS_TO_IND_NODE,2026-08-03,,联网搜索
285507,浙江东日股份有限公司,AGRI000008,农产品流通与消费渠道,BELONGS_TO_IND_NODE,2026-08-03,,联网搜索
1996775,新疆锦棉种业科技股份有限公司,AGRI002002,经济作物种子,BELONGS_TO_IND_NODE,2026-08-03,,联网搜索
1996775,新疆锦棉种业科技股份有限公司,AGRI000002,种业与生物技术,BELONGS_TO_IND_NODE,2026-08-03,,联网搜索
3356232,广州一菩润生智慧科技股份有限公司,AGRI006002,经济作物种植,BELONGS_TO_IND_NODE,2026-08-03,,联网搜索
3356232,广州一菩润生智慧科技股份有限公司,AGRI000006,农林牧渔生产,BELONGS_TO_IND_NODE,2026-08-03,,联网搜索
3356232,广州一菩润生智慧科技股份有限公司,AGRI000001,农林牧渔行业,BELONGS_TO_IND_NODE,2026-08-03,,联网搜索
2539100,安徽省文胜生物工程股份有限公司,AGRI003004,复合肥与掺混肥,BELONGS_TO_IND_NODE,2026-08-03,,联网搜索
2539100,安徽省文胜生物工程股份有限公司,AGRI000003,农化与肥料,BELONGS_TO_IND_NODE,2026-08-03,,联网搜索
3426487,上海农好饲料股份有限公司,AGRI004001,配合饲料,BELONGS_TO_IND_NODE,2026-08-03,,联网搜索
3426487,上海农好饲料股份有限公司,AGRI000004,饲料工业,BELONGS_TO_IND_NODE,2026-08-03,,联网搜索
3426487,上海农好饲料股份有限公司,AGRI000001,农林牧渔行业,BELONGS_TO_IND_NODE,2026-08-03,,联网搜索
2539111,河北一森林业发展股份有限公司,AGRI006006,林业生产,BELONGS_TO_IND_NODE,2026-08-03,,联网搜索
2539111,河北一森林业发展股份有限公司,AGRI000006,农林牧渔生产,BELONGS_TO_IND_NODE,2026-08-03,,联网搜索
2539111,河北一森林业发展股份有限公司,AGRI000001,农林牧渔行业,BELONGS_TO_IND_NODE,2026-08-03,,联网搜索
2375575,云南海潮集团听牧肉牛产业股份有限公司,AGRI007005,肉制品与预制菜加工,BELONGS_TO_IND_NODE,2026-08-03,,联网搜索
2375575,云南海潮集团听牧肉牛产业股份有限公司,AGRI000007,农产品加工与仓储,BELONGS_TO_IND_NODE,2026-08-03,,联网搜索
2546624,黑龙江省五米常香农业科技发展股份有限公司,AGRI007001,粮食加工,BELONGS_TO_IND_NODE,2026-08-03,,联网搜索
2546624,黑龙江省五米常香农业科技发展股份有限公司,AGRI000007,农产品加工与仓储,BELONGS_TO_IND_NODE,2026-08-03,,联网搜索
1129509,江苏苏利精细化工股份有限公司,AGRI003007,杀菌剂,BELONGS_TO_IND_NODE,2026-08-03,,联网搜索
1129509,江苏苏利精细化工股份有限公司,AGRI000003,农化与肥料,BELONGS_TO_IND_NODE,2026-08-03,,联网搜索
288167,云南景谷林业股份有限公司,AGRI006006,林业生产,BELONGS_TO_IND_NODE,2026-08-03,,联网搜索
288167,云南景谷林业股份有限公司,AGRI000006,农林牧渔生产,BELONGS_TO_IND_NODE,2026-08-03,,联网搜索
288167,云南景谷林业股份有限公司,AGRI000001,农林牧渔行业,BELONGS_TO_IND_NODE,2026-08-03,,联网搜索
2539727,江苏立华食品集团股份有限公司,AGRI006012,黄羽肉鸡养殖,BELONGS_TO_IND_NODE,2026-08-03,,联网搜索
2539727,江苏立华食品集团股份有限公司,AGRI006004,家禽养殖,BELONGS_TO_IND_NODE,2026-08-03,,联网搜索
2539727,江苏立华食品集团股份有限公司,AGRI000006,农林牧渔生产,BELONGS_TO_IND_NODE,2026-08-03,,联网搜索
2539727,江苏立华食品集团股份有限公司,AGRI000001,农林牧渔行业,BELONGS_TO_IND_NODE,2026-08-03,,联网搜索
286036,黑龙江北大荒农业股份有限公司,AGRI006001,粮食作物种植,BELONGS_TO_IND_NODE,2026-08-03,,联网搜索
286036,黑龙江北大荒农业股份有限公司,AGRI000006,农林牧渔生产,BELONGS_TO_IND_NODE,2026-08-03,,联网搜索
286036,黑龙江北大荒农业股份有限公司,AGRI000001,农林牧渔行业,BELONGS_TO_IND_NODE,2026-08-03,,联网搜索
1335314,熊猫乳品集团股份有限公司,AGRI007012,乳粉,BELONGS_TO_IND_NODE,2026-08-03,,联网搜索
1335314,熊猫乳品集团股份有限公司,AGRI007006,乳制品加工,BELONGS_TO_IND_NODE,2026-08-03,,联网搜索
1335314,熊猫乳品集团股份有限公司,AGRI000007,农产品加工与仓储,BELONGS_TO_IND_NODE,2026-08-03,,联网搜索
2539097,北京瓜尔润科技股份有限公司,AGRI007003,淀粉及深加工,BELONGS_TO_IND_NODE,2026-08-03,,联网搜索
2539097,北京瓜尔润科技股份有限公司,AGRI000007,农产品加工与仓储,BELONGS_TO_IND_NODE,2026-08-03,,联网搜索
361178,深圳润康生态环境股份有限公司,AGRI003004,复合肥与掺混肥,BELONGS_TO_IND_NODE,2026-08-03,,联网搜索
361178,深圳润康生态环境股份有限公司,AGRI000003,农化与肥料,BELONGS_TO_IND_NODE,2026-08-03,,联网搜索
776422,广东省普路通供应链管理股份有限公司,AGRI008003,食材供应链服务,BELONGS_TO_IND_NODE,2026-08-03,,联网搜索
776422,广东省普路通供应链管理股份有限公司,AGRI000008,农产品流通与消费渠道,BELONGS_TO_IND_NODE,2026-08-03,,联网搜索
286783,上海妙可蓝多食品科技股份有限公司,AGRI007006,乳制品加工,BELONGS_TO_IND_NODE,2026-08-03,,联网搜索
286783,上海妙可蓝多食品科技股份有限公司,AGRI000007,农产品加工与仓储,BELONGS_TO_IND_NODE,2026-08-03,,联网搜索
4126843,江苏金色农业股份有限公司,AGRI002001,大田作物种子,BELONGS_TO_IND_NODE,2026-08-03,,联网搜索
4126843,江苏金色农业股份有限公司,AGRI000002,种业与生物技术,BELONGS_TO_IND_NODE,2026-08-03,,联网搜索
865302,宏辉果蔬股份有限公司,AGRI006002,经济作物种植,BELONGS_TO_IND_NODE,2026-08-03,,联网搜索
865302,宏辉果蔬股份有限公司,AGRI000006,农林牧渔生产,BELONGS_TO_IND_NODE,2026-08-03,,联网搜索
865302,宏辉果蔬股份有限公司,AGRI000001,农林牧渔行业,BELONGS_TO_IND_NODE,2026-08-03,,联网搜索
286353,中牧实业股份有限公司,AGRI005001,兽用疫苗,BELONGS_TO_IND_NODE,2026-08-03,,联网搜索
286353,中牧实业股份有限公司,AGRI000005,动物保健与兽药,BELONGS_TO_IND_NODE,2026-08-03,,联网搜索
286353,中牧实业股份有限公司,AGRI005002,兽用化学药品制剂,BELONGS_TO_IND_NODE,2026-08-03,,联网搜索
770526,中国现代牧业控股有限公司,AGRI006020,奶牛养殖,BELONGS_TO_IND_NODE,2026-08-03,,联网搜索
770526,中国现代牧业控股有限公司,AGRI006003,家畜养殖,BELONGS_TO_IND_NODE,2026-08-03,,联网搜索
770526,中国现代牧业控股有限公司,AGRI000006,农林牧渔生产,BELONGS_TO_IND_NODE,2026-08-03,,联网搜索
770526,中国现代牧业控股有限公司,AGRI000001,农林牧渔行业,BELONGS_TO_IND_NODE,2026-08-03,,联网搜索
285756,上海光明肉业集团股份有限公司,AGRI007004,屠宰与肉类分割,BELONGS_TO_IND_NODE,2026-08-03,,联网搜索
285756,上海光明肉业集团股份有限公司,AGRI000007,农产品加工与仓储,BELONGS_TO_IND_NODE,2026-08-03,,联网搜索
285756,上海光明肉业集团股份有限公司,AGRI007005,肉制品与预制菜加工,BELONGS_TO_IND_NODE,2026-08-03,,联网搜索
286661,万向德农股份有限公司,AGRI002008,杂交玉米种子,BELONGS_TO_IND_NODE,2026-08-03,,联网搜索
286661,万向德农股份有限公司,AGRI002001,大田作物种子,BELONGS_TO_IND_NODE,2026-08-03,,联网搜索
286661,万向德农股份有限公司,AGRI000002,种业与生物技术,BELONGS_TO_IND_NODE,2026-08-03,,联网搜索
4126858,浙江大家食品股份有限公司,AGRI007005,肉制品与预制菜加工,BELONGS_TO_IND_NODE,2026-08-03,,联网搜索
4126858,浙江大家食品股份有限公司,AGRI000007,农产品加工与仓储,BELONGS_TO_IND_NODE,2026-08-03,,联网搜索
285310,上海百联集团股份有限公司,AGRI008004,生鲜零售终端渠道,BELONGS_TO_IND_NODE,2026-08-03,,联网搜索
285310,上海百联集团股份有限公司,AGRI000008,农产品流通与消费渠道,BELONGS_TO_IND_NODE,2026-08-03,,联网搜索
287108,长发集团长江投资实业股份有限公司,AGRI008002,生鲜冷链物流,BELONGS_TO_IND_NODE,2026-08-03,,联网搜索
287108,长发集团长江投资实业股份有限公司,AGRI000008,农产品流通与消费渠道,BELONGS_TO_IND_NODE,2026-08-03,,联网搜索
4313623,北京科拓恒通生物技术股份有限公司,AGRI004015,饲用微生态制剂,BELONGS_TO_IND_NODE,2026-08-03,,联网搜索
4313623,北京科拓恒通生物技术股份有限公司,AGRI004003,饲料添加剂,BELONGS_TO_IND_NODE,2026-08-03,,联网搜索
4313623,北京科拓恒通生物技术股份有限公司,AGRI000004,饲料工业,BELONGS_TO_IND_NODE,2026-08-03,,联网搜索
4313623,北京科拓恒通生物技术股份有限公司,AGRI000001,农林牧渔行业,BELONGS_TO_IND_NODE,2026-08-03,,联网搜索
337417,大成生化科技集团有限公司,AGRI007003,淀粉及深加工,BELONGS_TO_IND_NODE,2026-08-03,,联网搜索
337417,大成生化科技集团有限公司,AGRI000007,农产品加工与仓储,BELONGS_TO_IND_NODE,2026-08-03,,联网搜索
9946415,河北华鑫洺源石油储运股份有限公司,AGRI008010,冷库仓储服务,BELONGS_TO_IND_NODE,2026-08-03,,联网搜索
9946415,河北华鑫洺源石油储运股份有限公司,AGRI008002,生鲜冷链物流,BELONGS_TO_IND_NODE,2026-08-03,,联网搜索
9946415,河北华鑫洺源石油储运股份有限公司,AGRI000008,农产品流通与消费渠道,BELONGS_TO_IND_NODE,2026-08-03,,联网搜索
2308234,北京大和恒粮油贸易股份有限公司,AGRI007001,粮食加工,BELONGS_TO_IND_NODE,2026-08-03,,联网搜索
2308234,北京大和恒粮油贸易股份有限公司,AGRI000007,农产品加工与仓储,BELONGS_TO_IND_NODE,2026-08-03,,联网搜索
2264802,烟台枫林食品股份有限公司,AGRI007008,水产品加工,BELONGS_TO_IND_NODE,2026-08-03,,联网搜索
2264802,烟台枫林食品股份有限公司,AGRI000007,农产品加工与仓储,BELONGS_TO_IND_NODE,2026-08-03,,联网搜索
4167016,昆山亚香香料股份有限公司,AGRI004003,饲料添加剂,BELONGS_TO_IND_NODE,2026-08-03,,联网搜索
4167016,昆山亚香香料股份有限公司,AGRI000004,饲料工业,BELONGS_TO_IND_NODE,2026-08-03,,联网搜索
4167016,昆山亚香香料股份有限公司,AGRI000001,农林牧渔行业,BELONGS_TO_IND_NODE,2026-08-03,,联网搜索
308592,烟台北方安德利果汁股份有限公司,AGRI007008,水产品加工,BELONGS_TO_IND_NODE,2026-08-03,,联网搜索
308592,烟台北方安德利果汁股份有限公司,AGRI000007,农产品加工与仓储,BELONGS_TO_IND_NODE,2026-08-03,,联网搜索
4126863,江苏绿浥农业科技股份有限公司,AGRI006002,经济作物种植,BELONGS_TO_IND_NODE,2026-08-03,,联网搜索
4126863,江苏绿浥农业科技股份有限公司,AGRI000006,农林牧渔生产,BELONGS_TO_IND_NODE,2026-08-03,,联网搜索
4126863,江苏绿浥农业科技股份有限公司,AGRI000001,农林牧渔行业,BELONGS_TO_IND_NODE,2026-08-03,,联网搜索
355572,北京九州大地生物技术集团股份有限公司,AGRI004001,配合饲料,BELONGS_TO_IND_NODE,2026-08-03,,联网搜索
355572,北京九州大地生物技术集团股份有限公司,AGRI000004,饲料工业,BELONGS_TO_IND_NODE,2026-08-03,,联网搜索
355572,北京九州大地生物技术集团股份有限公司,AGRI000001,农林牧渔行业,BELONGS_TO_IND_NODE,2026-08-03,,联网搜索
2234289,浙江美之奥种业股份有限公司,AGRI002003,蔬菜瓜果种子种苗,BELONGS_TO_IND_NODE,2026-08-03,,联网搜索
2234289,浙江美之奥种业股份有限公司,AGRI000002,种业与生物技术,BELONGS_TO_IND_NODE,2026-08-03,,联网搜索
4149960,品渥食品股份有限公司,AGRI007006,乳制品加工,BELONGS_TO_IND_NODE,2026-08-03,,联网搜索
4149960,品渥食品股份有限公司,AGRI000007,农产品加工与仓储,BELONGS_TO_IND_NODE,2026-08-03,,联网搜索
286206,南京红太阳股份有限公司,AGRI003005,除草剂,BELONGS_TO_IND_NODE,2026-08-03,,联网搜索
286206,南京红太阳股份有限公司,AGRI000003,农化与肥料,BELONGS_TO_IND_NODE,2026-08-03,,联网搜索
286206,南京红太阳股份有限公司,AGRI003006,杀虫剂,BELONGS_TO_IND_NODE,2026-08-03,,联网搜索
303010,北京三元食品股份有限公司,AGRI007006,乳制品加工,BELONGS_TO_IND_NODE,2026-08-03,,联网搜索
303010,北京三元食品股份有限公司,AGRI000007,农产品加工与仓储,BELONGS_TO_IND_NODE,2026-08-03,,联网搜索
769400,百洋产业投资集团股份有限公司,AGRI004008,水产配合饲料,BELONGS_TO_IND_NODE,2026-08-03,,联网搜索
769400,百洋产业投资集团股份有限公司,AGRI004001,配合饲料,BELONGS_TO_IND_NODE,2026-08-03,,联网搜索
769400,百洋产业投资集团股份有限公司,AGRI000004,饲料工业,BELONGS_TO_IND_NODE,2026-08-03,,联网搜索
769400,百洋产业投资集团股份有限公司,AGRI000001,农林牧渔行业,BELONGS_TO_IND_NODE,2026-08-03,,联网搜索
769400,百洋产业投资集团股份有限公司,AGRI007008,水产品加工,BELONGS_TO_IND_NODE,2026-08-03,,联网搜索
769400,百洋产业投资集团股份有限公司,AGRI000007,农产品加工与仓储,BELONGS_TO_IND_NODE,2026-08-03,,联网搜索
282616,绿心集团有限公司,AGRI006006,林业生产,BELONGS_TO_IND_NODE,2026-08-03,,联网搜索
282616,绿心集团有限公司,AGRI000006,农林牧渔生产,BELONGS_TO_IND_NODE,2026-08-03,,联网搜索
282616,绿心集团有限公司,AGRI000001,农林牧渔行业,BELONGS_TO_IND_NODE,2026-08-03,,联网搜索
797123,史丹利农业集团股份有限公司,AGRI003004,复合肥与掺混肥,BELONGS_TO_IND_NODE,2026-08-03,,联网搜索
797123,史丹利农业集团股份有限公司,AGRI000003,农化与肥料,BELONGS_TO_IND_NODE,2026-08-03,,联网搜索
2547490,内蒙古华欧淀粉工业股份有限公司,AGRI007003,淀粉及深加工,BELONGS_TO_IND_NODE,2026-08-03,,联网搜索
2547490,内蒙古华欧淀粉工业股份有限公司,AGRI000007,农产品加工与仓储,BELONGS_TO_IND_NODE,2026-08-03,,联网搜索
4226869,新琪安集团股份有限公司,AGRI004012,饲用氨基酸,BELONGS_TO_IND_NODE,2026-08-03,,联网搜索
4226869,新琪安集团股份有限公司,AGRI004003,饲料添加剂,BELONGS_TO_IND_NODE,2026-08-03,,联网搜索
4226869,新琪安集团股份有限公司,AGRI000004,饲料工业,BELONGS_TO_IND_NODE,2026-08-03,,联网搜索
4226869,新琪安集团股份有限公司,AGRI000001,农林牧渔行业,BELONGS_TO_IND_NODE,2026-08-03,,联网搜索
1075953,襄阳正大种业股份有限公司,AGRI002001,大田作物种子,BELONGS_TO_IND_NODE,2026-08-03,,联网搜索
1075953,襄阳正大种业股份有限公司,AGRI000002,种业与生物技术,BELONGS_TO_IND_NODE,2026-08-03,,联网搜索
2606945,南京生兴农林科技股份有限公司,AGRI006006,林业生产,BELONGS_TO_IND_NODE,2026-08-03,,联网搜索
2606945,南京生兴农林科技股份有限公司,AGRI000006,农林牧渔生产,BELONGS_TO_IND_NODE,2026-08-03,,联网搜索
2606945,南京生兴农林科技股份有限公司,AGRI000001,农林牧渔行业,BELONGS_TO_IND_NODE,2026-08-03,,联网搜索
285439,安道麦股份有限公司,AGRI003005,除草剂,BELONGS_TO_IND_NODE,2026-08-03,,联网搜索
285439,安道麦股份有限公司,AGRI000003,农化与肥料,BELONGS_TO_IND_NODE,2026-08-03,,联网搜索
285439,安道麦股份有限公司,AGRI003006,杀虫剂,BELONGS_TO_IND_NODE,2026-08-03,,联网搜索
285439,安道麦股份有限公司,AGRI003007,杀菌剂,BELONGS_TO_IND_NODE,2026-08-03,,联网搜索
1114776,兰州庄园牧场股份有限公司,AGRI007006,乳制品加工,BELONGS_TO_IND_NODE,2026-08-03,,联网搜索
1114776,兰州庄园牧场股份有限公司,AGRI000007,农产品加工与仓储,BELONGS_TO_IND_NODE,2026-08-03,,联网搜索
606040,海利尔药业集团股份有限公司,AGRI003020,选择性除草剂,BELONGS_TO_IND_NODE,2026-08-03,,联网搜索
606040,海利尔药业集团股份有限公司,AGRI003005,除草剂,BELONGS_TO_IND_NODE,2026-08-03,,联网搜索
606040,海利尔药业集团股份有限公司,AGRI000003,农化与肥料,BELONGS_TO_IND_NODE,2026-08-03,,联网搜索
606040,海利尔药业集团股份有限公司,AGRI003007,杀菌剂,BELONGS_TO_IND_NODE,2026-08-03,,联网搜索
335197,天康生物股份有限公司,AGRI004006,猪用配合饲料,BELONGS_TO_IND_NODE,2026-08-03,,联网搜索
335197,天康生物股份有限公司,AGRI004001,配合饲料,BELONGS_TO_IND_NODE,2026-08-03,,联网搜索
335197,天康生物股份有限公司,AGRI000004,饲料工业,BELONGS_TO_IND_NODE,2026-08-03,,联网搜索
335197,天康生物股份有限公司,AGRI000001,农林牧渔行业,BELONGS_TO_IND_NODE,2026-08-03,,联网搜索
335197,天康生物股份有限公司,AGRI004007,禽用配合饲料,BELONGS_TO_IND_NODE,2026-08-03,,联网搜索
335197,天康生物股份有限公司,AGRI005006,猪用疫苗,BELONGS_TO_IND_NODE,2026-08-03,,联网搜索
335197,天康生物股份有限公司,AGRI005001,兽用疫苗,BELONGS_TO_IND_NODE,2026-08-03,,联网搜索
335197,天康生物股份有限公司,AGRI000005,动物保健与兽药,BELONGS_TO_IND_NODE,2026-08-03,,联网搜索
2510277,北京澳佳生态农业股份有限公司,AGRI003004,复合肥与掺混肥,BELONGS_TO_IND_NODE,2026-08-03,,联网搜索
2510277,北京澳佳生态农业股份有限公司,AGRI000003,农化与肥料,BELONGS_TO_IND_NODE,2026-08-03,,联网搜索
2455034,宁夏金宇浩兴农牧业股份有限公司,AGRI006020,奶牛养殖,BELONGS_TO_IND_NODE,2026-08-03,,联网搜索
2455034,宁夏金宇浩兴农牧业股份有限公司,AGRI006003,家畜养殖,BELONGS_TO_IND_NODE,2026-08-03,,联网搜索
2455034,宁夏金宇浩兴农牧业股份有限公司,AGRI000006,农林牧渔生产,BELONGS_TO_IND_NODE,2026-08-03,,联网搜索
2455034,宁夏金宇浩兴农牧业股份有限公司,AGRI000001,农林牧渔行业,BELONGS_TO_IND_NODE,2026-08-03,,联网搜索
2582896,安徽利民生物科技股份有限公司,AGRI007001,粮食加工,BELONGS_TO_IND_NODE,2026-08-03,,联网搜索
2582896,安徽利民生物科技股份有限公司,AGRI000007,农产品加工与仓储,BELONGS_TO_IND_NODE,2026-08-03,,联网搜索
1165139,河南黄国粮业股份有限公司,AGRI007001,粮食加工,BELONGS_TO_IND_NODE,2026-08-03,,联网搜索
1165139,河南黄国粮业股份有限公司,AGRI000007,农产品加工与仓储,BELONGS_TO_IND_NODE,2026-08-03,,联网搜索
2580096,广东长平世纪数字产业股份公司,AGRI008002,生鲜冷链物流,BELONGS_TO_IND_NODE,2026-08-03,,联网搜索
2580096,广东长平世纪数字产业股份公司,AGRI000008,农产品流通与消费渠道,BELONGS_TO_IND_NODE,2026-08-03,,联网搜索
552942,文峰大世界连锁发展股份有限公司,AGRI008004,生鲜零售终端渠道,BELONGS_TO_IND_NODE,2026-08-03,,联网搜索
552942,文峰大世界连锁发展股份有限公司,AGRI000008,农产品流通与消费渠道,BELONGS_TO_IND_NODE,2026-08-03,,联网搜索
2439528,中国顺客隆控股有限公司,AGRI008004,生鲜零售终端渠道,BELONGS_TO_IND_NODE,2026-08-03,,联网搜索
2439528,中国顺客隆控股有限公司,AGRI000008,农产品流通与消费渠道,BELONGS_TO_IND_NODE,2026-08-03,,联网搜索
2785885,杭州华商物流股份有限公司,AGRI008010,冷库仓储服务,BELONGS_TO_IND_NODE,2026-08-03,,联网搜索
2785885,杭州华商物流股份有限公司,AGRI008002,生鲜冷链物流,BELONGS_TO_IND_NODE,2026-08-03,,联网搜索
2785885,杭州华商物流股份有限公司,AGRI000008,农产品流通与消费渠道,BELONGS_TO_IND_NODE,2026-08-03,,联网搜索
281364,粤海广南(集团)有限公司,AGRI007004,屠宰与肉类分割,BELONGS_TO_IND_NODE,2026-08-03,,联网搜索
281364,粤海广南(集团)有限公司,AGRI000007,农产品加工与仓储,BELONGS_TO_IND_NODE,2026-08-03,,联网搜索
281364,粤海广南(集团)有限公司,AGRI007005,肉制品与预制菜加工,BELONGS_TO_IND_NODE,2026-08-03,,联网搜索
2538491,浙江群大饲料科技股份有限公司,AGRI004001,配合饲料,BELONGS_TO_IND_NODE,2026-08-03,,联网搜索
2538491,浙江群大饲料科技股份有限公司,AGRI000004,饲料工业,BELONGS_TO_IND_NODE,2026-08-03,,联网搜索
2538491,浙江群大饲料科技股份有限公司,AGRI000001,农林牧渔行业,BELONGS_TO_IND_NODE,2026-08-03,,联网搜索
2538468,广东林中宝生物科技股份有限公司,AGRI000007,农产品加工与仓储,BELONGS_TO_IND_NODE,2026-08-03,,联网搜索
285493,广西农投糖业集团股份有限公司,AGRI007007,制糖工业,BELONGS_TO_IND_NODE,2026-08-03,,联网搜索
285493,广西农投糖业集团股份有限公司,AGRI000007,农产品加工与仓储,BELONGS_TO_IND_NODE,2026-08-03,,联网搜索
4161140,上海美农生物科技股份有限公司,AGRI004003,饲料添加剂,BELONGS_TO_IND_NODE,2026-08-03,,联网搜索
4161140,上海美农生物科技股份有限公司,AGRI000004,饲料工业,BELONGS_TO_IND_NODE,2026-08-03,,联网搜索
4161140,上海美农生物科技股份有限公司,AGRI000001,农林牧渔行业,BELONGS_TO_IND_NODE,2026-08-03,,联网搜索
2293088,山东三信商贸股份有限公司,AGRI008004,生鲜零售终端渠道,BELONGS_TO_IND_NODE,2026-08-03,,联网搜索
2293088,山东三信商贸股份有限公司,AGRI000008,农产品流通与消费渠道,BELONGS_TO_IND_NODE,2026-08-03,,联网搜索
285754,中水集团远洋股份有限公司,AGRI006005,水产养殖,BELONGS_TO_IND_NODE,2026-08-03,,联网搜索
285754,中水集团远洋股份有限公司,AGRI000006,农林牧渔生产,BELONGS_TO_IND_NODE,2026-08-03,,联网搜索
285754,中水集团远洋股份有限公司,AGRI000001,农林牧渔行业,BELONGS_TO_IND_NODE,2026-08-03,,联网搜索
2347352,安徽红星药业股份有限公司,AGRI000007,农产品加工与仓储,BELONGS_TO_IND_NODE,2026-08-03,,联网搜索
285562,银座集团股份有限公司,AGRI008004,生鲜零售终端渠道,BELONGS_TO_IND_NODE,2026-08-03,,联网搜索
285562,银座集团股份有限公司,AGRI000008,农产品流通与消费渠道,BELONGS_TO_IND_NODE,2026-08-03,,联网搜索
286217,广东肇庆星湖生物科技股份有限公司,AGRI004012,饲用氨基酸,BELONGS_TO_IND_NODE,2026-08-03,,联网搜索
286217,广东肇庆星湖生物科技股份有限公司,AGRI004003,饲料添加剂,BELONGS_TO_IND_NODE,2026-08-03,,联网搜索
286217,广东肇庆星湖生物科技股份有限公司,AGRI000004,饲料工业,BELONGS_TO_IND_NODE,2026-08-03,,联网搜索
286217,广东肇庆星湖生物科技股份有限公司,AGRI000001,农林牧渔行业,BELONGS_TO_IND_NODE,2026-08-03,,联网搜索
303584,北京鹫峰科技开发股份有限公司,AGRI007005,肉制品与预制菜加工,BELONGS_TO_IND_NODE,2026-08-03,,联网搜索
303584,北京鹫峰科技开发股份有限公司,AGRI000007,农产品加工与仓储,BELONGS_TO_IND_NODE,2026-08-03,,联网搜索
335198,中国外运股份有限公司,AGRI008006,农产品进出口贸易,BELONGS_TO_IND_NODE,2026-08-03,,联网搜索
335198,中国外运股份有限公司,AGRI000008,农产品流通与消费渠道,BELONGS_TO_IND_NODE,2026-08-03,,联网搜索
312913,联华超市股份有限公司,AGRI008004,生鲜零售终端渠道,BELONGS_TO_IND_NODE,2026-08-03,,联网搜索
312913,联华超市股份有限公司,AGRI000008,农产品流通与消费渠道,BELONGS_TO_IND_NODE,2026-08-03,,联网搜索
330180,亚洲木薯资源控股有限公司,AGRI007003,淀粉及深加工,BELONGS_TO_IND_NODE,2026-08-03,,联网搜索
330180,亚洲木薯资源控股有限公司,AGRI000007,农产品加工与仓储,BELONGS_TO_IND_NODE,2026-08-03,,联网搜索
2714512,苏州悦泰国际物流股份有限公司,AGRI008011,冷藏运输配送,BELONGS_TO_IND_NODE,2026-08-03,,联网搜索
2714512,苏州悦泰国际物流股份有限公司,AGRI008002,生鲜冷链物流,BELONGS_TO_IND_NODE,2026-08-03,,联网搜索
2714512,苏州悦泰国际物流股份有限公司,AGRI000008,农产品流通与消费渠道,BELONGS_TO_IND_NODE,2026-08-03,,联网搜索
2606948,江苏润普食品科技股份有限公司,AGRI004003,饲料添加剂,BELONGS_TO_IND_NODE,2026-08-03,,联网搜索
2606948,江苏润普食品科技股份有限公司,AGRI000004,饲料工业,BELONGS_TO_IND_NODE,2026-08-03,,联网搜索
2606948,江苏润普食品科技股份有限公司,AGRI000001,农林牧渔行业,BELONGS_TO_IND_NODE,2026-08-03,,联网搜索
2264667,山东安信种苗股份有限公司,AGRI002003,蔬菜瓜果种子种苗,BELONGS_TO_IND_NODE,2026-08-03,,联网搜索
2264667,山东安信种苗股份有限公司,AGRI000002,种业与生物技术,BELONGS_TO_IND_NODE,2026-08-03,,联网搜索
2777489,上海海融食品科技股份有限公司,AGRI007011,液态奶,BELONGS_TO_IND_NODE,2026-08-03,,联网搜索
2777489,上海海融食品科技股份有限公司,AGRI007006,乳制品加工,BELONGS_TO_IND_NODE,2026-08-03,,联网搜索
2777489,上海海融食品科技股份有限公司,AGRI000007,农产品加工与仓储,BELONGS_TO_IND_NODE,2026-08-03,,联网搜索
356749,安徽省司尔特肥业股份有限公司,AGRI003004,复合肥与掺混肥,BELONGS_TO_IND_NODE,2026-08-03,,联网搜索
356749,安徽省司尔特肥业股份有限公司,AGRI000003,农化与肥料,BELONGS_TO_IND_NODE,2026-08-03,,联网搜索
1944023,浙江一景乳业股份有限公司,AGRI007011,液态奶,BELONGS_TO_IND_NODE,2026-08-03,,联网搜索
1944023,浙江一景乳业股份有限公司,AGRI007006,乳制品加工,BELONGS_TO_IND_NODE,2026-08-03,,联网搜索
1944023,浙江一景乳业股份有限公司,AGRI000007,农产品加工与仓储,BELONGS_TO_IND_NODE,2026-08-03,,联网搜索
2798152,申联生物医药(上海)股份有限公司,AGRI005006,猪用疫苗,BELONGS_TO_IND_NODE,2026-08-03,,联网搜索
2798152,申联生物医药(上海)股份有限公司,AGRI005001,兽用疫苗,BELONGS_TO_IND_NODE,2026-08-03,,联网搜索
2798152,申联生物医药(上海)股份有限公司,AGRI000005,动物保健与兽药,BELONGS_TO_IND_NODE,2026-08-03,,联网搜索
2843926,福建龙岩闽雄生物科技股份有限公司,AGRI004006,猪用配合饲料,BELONGS_TO_IND_NODE,2026-08-03,,联网搜索
2843926,福建龙岩闽雄生物科技股份有限公司,AGRI004001,配合饲料,BELONGS_TO_IND_NODE,2026-08-03,,联网搜索
2843926,福建龙岩闽雄生物科技股份有限公司,AGRI000004,饲料工业,BELONGS_TO_IND_NODE,2026-08-03,,联网搜索
2843926,福建龙岩闽雄生物科技股份有限公司,AGRI000001,农林牧渔行业,BELONGS_TO_IND_NODE,2026-08-03,,联网搜索
2843926,福建龙岩闽雄生物科技股份有限公司,AGRI004007,禽用配合饲料,BELONGS_TO_IND_NODE,2026-08-03,,联网搜索
8300607,包头北辰饲料科技股份有限公司,AGRI004006,猪用配合饲料,BELONGS_TO_IND_NODE,2026-08-03,,联网搜索
8300607,包头北辰饲料科技股份有限公司,AGRI004001,配合饲料,BELONGS_TO_IND_NODE,2026-08-03,,联网搜索
8300607,包头北辰饲料科技股份有限公司,AGRI000004,饲料工业,BELONGS_TO_IND_NODE,2026-08-03,,联网搜索
8300607,包头北辰饲料科技股份有限公司,AGRI000001,农林牧渔行业,BELONGS_TO_IND_NODE,2026-08-03,,联网搜索
507973,厦门金达威集团股份有限公司,AGRI004013,饲用维生素,BELONGS_TO_IND_NODE,2026-08-03,,联网搜索
507973,厦门金达威集团股份有限公司,AGRI004003,饲料添加剂,BELONGS_TO_IND_NODE,2026-08-03,,联网搜索
507973,厦门金达威集团股份有限公司,AGRI000004,饲料工业,BELONGS_TO_IND_NODE,2026-08-03,,联网搜索
507973,厦门金达威集团股份有限公司,AGRI000001,农林牧渔行业,BELONGS_TO_IND_NODE,2026-08-03,,联网搜索
1881629,安徽华业香料股份有限公司,AGRI004003,饲料添加剂,BELONGS_TO_IND_NODE,2026-08-03,,联网搜索
1881629,安徽华业香料股份有限公司,AGRI000004,饲料工业,BELONGS_TO_IND_NODE,2026-08-03,,联网搜索
1881629,安徽华业香料股份有限公司,AGRI000001,农林牧渔行业,BELONGS_TO_IND_NODE,2026-08-03,,联网搜索
3364524,中国飞鹤有限公司,AGRI007012,乳粉,BELONGS_TO_IND_NODE,2026-08-03,,联网搜索
3364524,中国飞鹤有限公司,AGRI007006,乳制品加工,BELONGS_TO_IND_NODE,2026-08-03,,联网搜索
3364524,中国飞鹤有限公司,AGRI000007,农产品加工与仓储,BELONGS_TO_IND_NODE,2026-08-03,,联网搜索
782137,兄弟科技股份有限公司,AGRI004013,饲用维生素,BELONGS_TO_IND_NODE,2026-08-03,,联网搜索
782137,兄弟科技股份有限公司,AGRI004003,饲料添加剂,BELONGS_TO_IND_NODE,2026-08-03,,联网搜索
782137,兄弟科技股份有限公司,AGRI000004,饲料工业,BELONGS_TO_IND_NODE,2026-08-03,,联网搜索
782137,兄弟科技股份有限公司,AGRI000001,农林牧渔行业,BELONGS_TO_IND_NODE,2026-08-03,,联网搜索
3356305,烟台大地牧业股份有限公司,AGRI006011,白羽肉鸡养殖,BELONGS_TO_IND_NODE,2026-08-03,,联网搜索
3356305,烟台大地牧业股份有限公司,AGRI006004,家禽养殖,BELONGS_TO_IND_NODE,2026-08-03,,联网搜索
3356305,烟台大地牧业股份有限公司,AGRI000006,农林牧渔生产,BELONGS_TO_IND_NODE,2026-08-03,,联网搜索
3356305,烟台大地牧业股份有限公司,AGRI000001,农林牧渔行业,BELONGS_TO_IND_NODE,2026-08-03,,联网搜索
286446,西王食品股份有限公司,AGRI007002,植物油加工,BELONGS_TO_IND_NODE,2026-08-03,,联网搜索
286446,西王食品股份有限公司,AGRI000007,农产品加工与仓储,BELONGS_TO_IND_NODE,2026-08-03,,联网搜索
382312,山东益生种畜禽股份有限公司,AGRI006023,祖代种鸡繁育,BELONGS_TO_IND_NODE,2026-08-03,,联网搜索
382312,山东益生种畜禽股份有限公司,AGRI006011,白羽肉鸡养殖,BELONGS_TO_IND_NODE,2026-08-03,,联网搜索
382312,山东益生种畜禽股份有限公司,AGRI006004,家禽养殖,BELONGS_TO_IND_NODE,2026-08-03,,联网搜索
382312,山东益生种畜禽股份有限公司,AGRI000006,农林牧渔生产,BELONGS_TO_IND_NODE,2026-08-03,,联网搜索
382312,山东益生种畜禽股份有限公司,AGRI000001,农林牧渔行业,BELONGS_TO_IND_NODE,2026-08-03,,联网搜索
8038976,樱桃谷育种科技股份有限公司,AGRI006025,商品代肉鸡养殖,BELONGS_TO_IND_NODE,2026-08-03,,联网搜索
8038976,樱桃谷育种科技股份有限公司,AGRI006011,白羽肉鸡养殖,BELONGS_TO_IND_NODE,2026-08-03,,联网搜索
8038976,樱桃谷育种科技股份有限公司,AGRI006004,家禽养殖,BELONGS_TO_IND_NODE,2026-08-03,,联网搜索
8038976,樱桃谷育种科技股份有限公司,AGRI000006,农林牧渔生产,BELONGS_TO_IND_NODE,2026-08-03,,联网搜索
8038976,樱桃谷育种科技股份有限公司,AGRI000001,农林牧渔行业,BELONGS_TO_IND_NODE,2026-08-03,,联网搜索
3347644,广东绿湖园艺股份有限公司,AGRI006006,林业生产,BELONGS_TO_IND_NODE,2026-08-03,,联网搜索
3347644,广东绿湖园艺股份有限公司,AGRI000006,农林牧渔生产,BELONGS_TO_IND_NODE,2026-08-03,,联网搜索
3347644,广东绿湖园艺股份有限公司,AGRI000001,农林牧渔行业,BELONGS_TO_IND_NODE,2026-08-03,,联网搜索
1804031,东方航空物流股份有限公司,AGRI008011,冷藏运输配送,BELONGS_TO_IND_NODE,2026-08-03,,联网搜索
1804031,东方航空物流股份有限公司,AGRI008002,生鲜冷链物流,BELONGS_TO_IND_NODE,2026-08-03,,联网搜索
1804031,东方航空物流股份有限公司,AGRI000008,农产品流通与消费渠道,BELONGS_TO_IND_NODE,2026-08-03,,联网搜索
3354590,安徽达诺乳业股份有限公司,AGRI007006,乳制品加工,BELONGS_TO_IND_NODE,2026-08-03,,联网搜索
3354590,安徽达诺乳业股份有限公司,AGRI000007,农产品加工与仓储,BELONGS_TO_IND_NODE,2026-08-03,,联网搜索
1363869,宁夏晓鸣农牧股份有限公司,AGRI006022,蛋鸡养殖,BELONGS_TO_IND_NODE,2026-08-03,,联网搜索
1363869,宁夏晓鸣农牧股份有限公司,AGRI006004,家禽养殖,BELONGS_TO_IND_NODE,2026-08-03,,联网搜索
1363869,宁夏晓鸣农牧股份有限公司,AGRI000006,农林牧渔生产,BELONGS_TO_IND_NODE,2026-08-03,,联网搜索
1363869,宁夏晓鸣农牧股份有限公司,AGRI000001,农林牧渔行业,BELONGS_TO_IND_NODE,2026-08-03,,联网搜索
1782626,江西飞宇竹材股份有限公司,AGRI006006,林业生产,BELONGS_TO_IND_NODE,2026-08-03,,联网搜索
1782626,江西飞宇竹材股份有限公司,AGRI000006,农林牧渔生产,BELONGS_TO_IND_NODE,2026-08-03,,联网搜索
1782626,江西飞宇竹材股份有限公司,AGRI000001,农林牧渔行业,BELONGS_TO_IND_NODE,2026-08-03,,联网搜索
607451,唐人神集团股份有限公司,AGRI004006,猪用配合饲料,BELONGS_TO_IND_NODE,2026-08-03,,联网搜索
607451,唐人神集团股份有限公司,AGRI004001,配合饲料,BELONGS_TO_IND_NODE,2026-08-03,,联网搜索
607451,唐人神集团股份有限公司,AGRI000004,饲料工业,BELONGS_TO_IND_NODE,2026-08-03,,联网搜索
607451,唐人神集团股份有限公司,AGRI000001,农林牧渔行业,BELONGS_TO_IND_NODE,2026-08-03,,联网搜索
607451,唐人神集团股份有限公司,AGRI004007,禽用配合饲料,BELONGS_TO_IND_NODE,2026-08-03,,联网搜索
285553,远大产业控股股份有限公司,AGRI008006,农产品进出口贸易,BELONGS_TO_IND_NODE,2026-08-03,,联网搜索
285553,远大产业控股股份有限公司,AGRI000008,农产品流通与消费渠道,BELONGS_TO_IND_NODE,2026-08-03,,联网搜索
2500151,安顺新金秋科技股份有限公司,AGRI002001,大田作物种子,BELONGS_TO_IND_NODE,2026-08-03,,联网搜索
2500151,安顺新金秋科技股份有限公司,AGRI000002,种业与生物技术,BELONGS_TO_IND_NODE,2026-08-03,,联网搜索
1793219,山东百龙创园生物科技股份有限公司,AGRI004012,饲用氨基酸,BELONGS_TO_IND_NODE,2026-08-03,,联网搜索
1793219,山东百龙创园生物科技股份有限公司,AGRI004003,饲料添加剂,BELONGS_TO_IND_NODE,2026-08-03,,联网搜索
1793219,山东百龙创园生物科技股份有限公司,AGRI000004,饲料工业,BELONGS_TO_IND_NODE,2026-08-03,,联网搜索
1793219,山东百龙创园生物科技股份有限公司,AGRI000001,农林牧渔行业,BELONGS_TO_IND_NODE,2026-08-03,,联网搜索
362506,中国健康科技集团控股有限公司,AGRI006006,林业生产,BELONGS_TO_IND_NODE,2026-08-03,,联网搜索
362506,中国健康科技集团控股有限公司,AGRI000006,农林牧渔生产,BELONGS_TO_IND_NODE,2026-08-03,,联网搜索
362506,中国健康科技集团控股有限公司,AGRI000001,农林牧渔行业,BELONGS_TO_IND_NODE,2026-08-03,,联网搜索
1884858,金太阳粮油股份有限公司,AGRI007002,植物油加工,BELONGS_TO_IND_NODE,2026-08-03,,联网搜索
1884858,金太阳粮油股份有限公司,AGRI000007,农产品加工与仓储,BELONGS_TO_IND_NODE,2026-08-03,,联网搜索
1890550,路德生物环保科技股份有限公司,AGRI004001,配合饲料,BELONGS_TO_IND_NODE,2026-08-03,,联网搜索
1890550,路德生物环保科技股份有限公司,AGRI000004,饲料工业,BELONGS_TO_IND_NODE,2026-08-03,,联网搜索
1890550,路德生物环保科技股份有限公司,AGRI000001,农林牧渔行业,BELONGS_TO_IND_NODE,2026-08-03,,联网搜索
1759649,创新美兰(合肥)股份有限公司,AGRI003005,除草剂,BELONGS_TO_IND_NODE,2026-08-03,,联网搜索
1759649,创新美兰(合肥)股份有限公司,AGRI000003,农化与肥料,BELONGS_TO_IND_NODE,2026-08-03,,联网搜索
354244,皇氏集团股份有限公司,AGRI007006,乳制品加工,BELONGS_TO_IND_NODE,2026-08-03,,联网搜索
354244,皇氏集团股份有限公司,AGRI000007,农产品加工与仓储,BELONGS_TO_IND_NODE,2026-08-03,,联网搜索
553435,中农立华生物科技股份有限公司,AGRI003010,农资流通与农技服务,BELONGS_TO_IND_NODE,2026-08-03,,联网搜索
553435,中农立华生物科技股份有限公司,AGRI000003,农化与肥料,BELONGS_TO_IND_NODE,2026-08-03,,联网搜索
286780,上海益民商业集团股份有限公司,AGRI008004,生鲜零售终端渠道,BELONGS_TO_IND_NODE,2026-08-03,,联网搜索
286780,上海益民商业集团股份有限公司,AGRI000008,农产品流通与消费渠道,BELONGS_TO_IND_NODE,2026-08-03,,联网搜索
4220950,山西晋龙养殖股份有限公司,AGRI006022,蛋鸡养殖,BELONGS_TO_IND_NODE,2026-08-03,,联网搜索
4220950,山西晋龙养殖股份有限公司,AGRI006004,家禽养殖,BELONGS_TO_IND_NODE,2026-08-03,,联网搜索
4220950,山西晋龙养殖股份有限公司,AGRI000006,农林牧渔生产,BELONGS_TO_IND_NODE,2026-08-03,,联网搜索
4220950,山西晋龙养殖股份有限公司,AGRI000001,农林牧渔行业,BELONGS_TO_IND_NODE,2026-08-03,,联网搜索
285280,新洋丰农业科技股份有限公司,AGRI003004,复合肥与掺混肥,BELONGS_TO_IND_NODE,2026-08-03,,联网搜索
285280,新洋丰农业科技股份有限公司,AGRI000003,农化与肥料,BELONGS_TO_IND_NODE,2026-08-03,,联网搜索
2513213,福建万辰食品集团股份有限公司,AGRI008004,生鲜零售终端渠道,BELONGS_TO_IND_NODE,2026-08-03,,联网搜索
2513213,福建万辰食品集团股份有限公司,AGRI000008,农产品流通与消费渠道,BELONGS_TO_IND_NODE,2026-08-03,,联网搜索
313296,中海石油化学股份有限公司,AGRI003004,复合肥与掺混肥,BELONGS_TO_IND_NODE,2026-08-03,,联网搜索
313296,中海石油化学股份有限公司,AGRI000003,农化与肥料,BELONGS_TO_IND_NODE,2026-08-03,,联网搜索
2500291,内蒙古骑士乳业集团股份有限公司,AGRI007006,乳制品加工,BELONGS_TO_IND_NODE,2026-08-03,,联网搜索
2500291,内蒙古骑士乳业集团股份有限公司,AGRI000007,农产品加工与仓储,BELONGS_TO_IND_NODE,2026-08-03,,联网搜索
3338437,春能控股有限公司,AGRI008003,食材供应链服务,BELONGS_TO_IND_NODE,2026-08-03,,联网搜索
3338437,春能控股有限公司,AGRI000008,农产品流通与消费渠道,BELONGS_TO_IND_NODE,2026-08-03,,联网搜索
298285,浩盟控股有限公司,AGRI006006,林业生产,BELONGS_TO_IND_NODE,2026-08-03,,联网搜索
298285,浩盟控股有限公司,AGRI000006,农林牧渔生产,BELONGS_TO_IND_NODE,2026-08-03,,联网搜索
298285,浩盟控股有限公司,AGRI000001,农林牧渔行业,BELONGS_TO_IND_NODE,2026-08-03,,联网搜索
285823,重庆重百科技集团股份有限公司,AGRI008004,生鲜零售终端渠道,BELONGS_TO_IND_NODE,2026-08-03,,联网搜索
285823,重庆重百科技集团股份有限公司,AGRI000008,农产品流通与消费渠道,BELONGS_TO_IND_NODE,2026-08-03,,联网搜索
9547829,澳亚集团有限公司,AGRI006020,奶牛养殖,BELONGS_TO_IND_NODE,2026-08-03,,联网搜索
9547829,澳亚集团有限公司,AGRI006003,家畜养殖,BELONGS_TO_IND_NODE,2026-08-03,,联网搜索
9547829,澳亚集团有限公司,AGRI000006,农林牧渔生产,BELONGS_TO_IND_NODE,2026-08-03,,联网搜索
9547829,澳亚集团有限公司,AGRI000001,农林牧渔行业,BELONGS_TO_IND_NODE,2026-08-03,,联网搜索
6587997,天康制药股份有限公司,AGRI005002,兽用化学药品制剂,BELONGS_TO_IND_NODE,2026-08-03,,联网搜索
6587997,天康制药股份有限公司,AGRI000005,动物保健与兽药,BELONGS_TO_IND_NODE,2026-08-03,,联网搜索
363340,中国心连心化肥有限公司,AGRI003004,复合肥与掺混肥,BELONGS_TO_IND_NODE,2026-08-03,,联网搜索
363340,中国心连心化肥有限公司,AGRI000003,农化与肥料,BELONGS_TO_IND_NODE,2026-08-03,,联网搜索
8366669,天津朗诺宠物食品股份有限公司,AGRI004017,宠物零食,BELONGS_TO_IND_NODE,2026-08-03,,联网搜索
8366669,天津朗诺宠物食品股份有限公司,AGRI004004,宠物食品,BELONGS_TO_IND_NODE,2026-08-03,,联网搜索
8366669,天津朗诺宠物食品股份有限公司,AGRI000004,饲料工业,BELONGS_TO_IND_NODE,2026-08-03,,联网搜索
8366669,天津朗诺宠物食品股份有限公司,AGRI000001,农林牧渔行业,BELONGS_TO_IND_NODE,2026-08-03,,联网搜索
1148847,江苏省农垦农业发展股份有限公司,AGRI006001,粮食作物种植,BELONGS_TO_IND_NODE,2026-08-03,,联网搜索
1148847,江苏省农垦农业发展股份有限公司,AGRI000006,农林牧渔生产,BELONGS_TO_IND_NODE,2026-08-03,,联网搜索
1148847,江苏省农垦农业发展股份有限公司,AGRI000001,农林牧渔行业,BELONGS_TO_IND_NODE,2026-08-03,,联网搜索
560378,江苏托球农化股份有限公司,AGRI003005,除草剂,BELONGS_TO_IND_NODE,2026-08-03,,联网搜索
560378,江苏托球农化股份有限公司,AGRI000003,农化与肥料,BELONGS_TO_IND_NODE,2026-08-03,,联网搜索
4154389,辽宁中科生物工程股份有限公司,AGRI003004,复合肥与掺混肥,BELONGS_TO_IND_NODE,2026-08-03,,联网搜索
4154389,辽宁中科生物工程股份有限公司,AGRI000003,农化与肥料,BELONGS_TO_IND_NODE,2026-08-03,,联网搜索
851746,陈克明食品股份有限公司,AGRI007001,粮食加工,BELONGS_TO_IND_NODE,2026-08-03,,联网搜索
851746,陈克明食品股份有限公司,AGRI000007,农产品加工与仓储,BELONGS_TO_IND_NODE,2026-08-03,,联网搜索
299107,深圳市芭田生态工程股份有限公司,AGRI003004,复合肥与掺混肥,BELONGS_TO_IND_NODE,2026-08-03,,联网搜索
299107,深圳市芭田生态工程股份有限公司,AGRI000003,农化与肥料,BELONGS_TO_IND_NODE,2026-08-03,,联网搜索
3281332,贺州速丰木业股份有限公司,AGRI006006,林业生产,BELONGS_TO_IND_NODE,2026-08-03,,联网搜索
3281332,贺州速丰木业股份有限公司,AGRI000006,农林牧渔生产,BELONGS_TO_IND_NODE,2026-08-03,,联网搜索
3281332,贺州速丰木业股份有限公司,AGRI000001,农林牧渔行业,BELONGS_TO_IND_NODE,2026-08-03,,联网搜索
7971830,商丘美兰生物股份有限公司,AGRI005001,兽用疫苗,BELONGS_TO_IND_NODE,2026-08-03,,联网搜索
7971830,商丘美兰生物股份有限公司,AGRI000005,动物保健与兽药,BELONGS_TO_IND_NODE,2026-08-03,,联网搜索
471498,深圳市东方嘉盛供应链股份有限公司,AGRI008003,食材供应链服务,BELONGS_TO_IND_NODE,2026-08-03,,联网搜索
471498,深圳市东方嘉盛供应链股份有限公司,AGRI000008,农产品流通与消费渠道,BELONGS_TO_IND_NODE,2026-08-03,,联网搜索
2807022,浙江艾格生物科技股份有限公司,AGRI007006,乳制品加工,BELONGS_TO_IND_NODE,2026-08-03,,联网搜索
2807022,浙江艾格生物科技股份有限公司,AGRI000007,农产品加工与仓储,BELONGS_TO_IND_NODE,2026-08-03,,联网搜索
2844586,安徽华运超市股份有限公司,AGRI008004,生鲜零售终端渠道,BELONGS_TO_IND_NODE,2026-08-03,,联网搜索
2844586,安徽华运超市股份有限公司,AGRI000008,农产品流通与消费渠道,BELONGS_TO_IND_NODE,2026-08-03,,联网搜索
342160,海南天然橡胶产业集团股份有限公司,AGRI006006,林业生产,BELONGS_TO_IND_NODE,2026-08-03,,联网搜索
342160,海南天然橡胶产业集团股份有限公司,AGRI000006,农林牧渔生产,BELONGS_TO_IND_NODE,2026-08-03,,联网搜索
342160,海南天然橡胶产业集团股份有限公司,AGRI000001,农林牧渔行业,BELONGS_TO_IND_NODE,2026-08-03,,联网搜索
769199,永辉超市股份有限公司,AGRI008004,生鲜零售终端渠道,BELONGS_TO_IND_NODE,2026-08-03,,联网搜索
769199,永辉超市股份有限公司,AGRI000008,农产品流通与消费渠道,BELONGS_TO_IND_NODE,2026-08-03,,联网搜索
9384463,江苏苏润种业集团股份有限公司,AGRI002001,大田作物种子,BELONGS_TO_IND_NODE,2026-08-03,,联网搜索
9384463,江苏苏润种业集团股份有限公司,AGRI000002,种业与生物技术,BELONGS_TO_IND_NODE,2026-08-03,,联网搜索
2477859,湖北中香农业科技股份有限公司,AGRI002001,大田作物种子,BELONGS_TO_IND_NODE,2026-08-03,,联网搜索
2477859,湖北中香农业科技股份有限公司,AGRI000002,种业与生物技术,BELONGS_TO_IND_NODE,2026-08-03,,联网搜索
2016051,惠生国际控股有限公司,AGRI007005,肉制品与预制菜加工,BELONGS_TO_IND_NODE,2026-08-03,,联网搜索
2016051,惠生国际控股有限公司,AGRI000007,农产品加工与仓储,BELONGS_TO_IND_NODE,2026-08-03,,联网搜索
8253554,十月稻田集团股份有限公司,AGRI007001,粮食加工,BELONGS_TO_IND_NODE,2026-08-03,,联网搜索
8253554,十月稻田集团股份有限公司,AGRI000007,农产品加工与仓储,BELONGS_TO_IND_NODE,2026-08-03,,联网搜索
2431629,郴州金晋农牧股份有限公司,AGRI006011,白羽肉鸡养殖,BELONGS_TO_IND_NODE,2026-08-03,,联网搜索
2431629,郴州金晋农牧股份有限公司,AGRI006004,家禽养殖,BELONGS_TO_IND_NODE,2026-08-03,,联网搜索
2431629,郴州金晋农牧股份有限公司,AGRI000006,农林牧渔生产,BELONGS_TO_IND_NODE,2026-08-03,,联网搜索
2431629,郴州金晋农牧股份有限公司,AGRI000001,农林牧渔行业,BELONGS_TO_IND_NODE,2026-08-03,,联网搜索
2468822,中捷四方生物科技股份有限公司,AGRI003005,除草剂,BELONGS_TO_IND_NODE,2026-08-03,,联网搜索
2468822,中捷四方生物科技股份有限公司,AGRI000003,农化与肥料,BELONGS_TO_IND_NODE,2026-08-03,,联网搜索
7908370,广西百菲乳业股份有限公司,AGRI007006,乳制品加工,BELONGS_TO_IND_NODE,2026-08-03,,联网搜索
7908370,广西百菲乳业股份有限公司,AGRI000007,农产品加工与仓储,BELONGS_TO_IND_NODE,2026-08-03,,联网搜索
2556887,山东环丰食品股份有限公司,AGRI007001,粮食加工,BELONGS_TO_IND_NODE,2026-08-03,,联网搜索
2556887,山东环丰食品股份有限公司,AGRI000007,农产品加工与仓储,BELONGS_TO_IND_NODE,2026-08-03,,联网搜索
469270,瑞普生物股份有限公司,AGRI005001,兽用疫苗,BELONGS_TO_IND_NODE,2026-08-03,,联网搜索
469270,瑞普生物股份有限公司,AGRI000005,动物保健与兽药,BELONGS_TO_IND_NODE,2026-08-03,,联网搜索
334455,中国波顿集团有限公司,AGRI004003,饲料添加剂,BELONGS_TO_IND_NODE,2026-08-03,,联网搜索
334455,中国波顿集团有限公司,AGRI000004,饲料工业,BELONGS_TO_IND_NODE,2026-08-03,,联网搜索
334455,中国波顿集团有限公司,AGRI000001,农林牧渔行业,BELONGS_TO_IND_NODE,2026-08-03,,联网搜索
8078032,广东越群海洋生物科技股份有限公司,AGRI004008,水产配合饲料,BELONGS_TO_IND_NODE,2026-08-03,,联网搜索
8078032,广东越群海洋生物科技股份有限公司,AGRI004001,配合饲料,BELONGS_TO_IND_NODE,2026-08-03,,联网搜索
8078032,广东越群海洋生物科技股份有限公司,AGRI000004,饲料工业,BELONGS_TO_IND_NODE,2026-08-03,,联网搜索
8078032,广东越群海洋生物科技股份有限公司,AGRI000001,农林牧渔行业,BELONGS_TO_IND_NODE,2026-08-03,,联网搜索
2612229,天津德利得供应链管理股份有限公司,AGRI008003,食材供应链服务,BELONGS_TO_IND_NODE,2026-08-03,,联网搜索
2612229,天津德利得供应链管理股份有限公司,AGRI000008,农产品流通与消费渠道,BELONGS_TO_IND_NODE,2026-08-03,,联网搜索
2808541,密尔克卫智能供应链服务集团股份有限公司,AGRI008010,冷库仓储服务,BELONGS_TO_IND_NODE,2026-08-03,,联网搜索
2808541,密尔克卫智能供应链服务集团股份有限公司,AGRI008002,生鲜冷链物流,BELONGS_TO_IND_NODE,2026-08-03,,联网搜索
2808541,密尔克卫智能供应链服务集团股份有限公司,AGRI000008,农产品流通与消费渠道,BELONGS_TO_IND_NODE,2026-08-03,,联网搜索
296241,从玉智农集团有限公司,AGRI006001,粮食作物种植,BELONGS_TO_IND_NODE,2026-08-03,,联网搜索
296241,从玉智农集团有限公司,AGRI000006,农林牧渔生产,BELONGS_TO_IND_NODE,2026-08-03,,联网搜索
296241,从玉智农集团有限公司,AGRI000001,农林牧渔行业,BELONGS_TO_IND_NODE,2026-08-03,,联网搜索
2116048,中国圣牧有机奶业有限公司,AGRI006020,奶牛养殖,BELONGS_TO_IND_NODE,2026-08-03,,联网搜索
2116048,中国圣牧有机奶业有限公司,AGRI006003,家畜养殖,BELONGS_TO_IND_NODE,2026-08-03,,联网搜索
2116048,中国圣牧有机奶业有限公司,AGRI000006,农林牧渔生产,BELONGS_TO_IND_NODE,2026-08-03,,联网搜索
2116048,中国圣牧有机奶业有限公司,AGRI000001,农林牧渔行业,BELONGS_TO_IND_NODE,2026-08-03,,联网搜索
2844700,浙江嘉昕农产品股份有限公司,AGRI008010,冷库仓储服务,BELONGS_TO_IND_NODE,2026-08-03,,联网搜索
2844700,浙江嘉昕农产品股份有限公司,AGRI008002,生鲜冷链物流,BELONGS_TO_IND_NODE,2026-08-03,,联网搜索
2844700,浙江嘉昕农产品股份有限公司,AGRI000008,农产品流通与消费渠道,BELONGS_TO_IND_NODE,2026-08-03,,联网搜索
5045368,欢乐家食品集团股份有限公司,AGRI007008,水产品加工,BELONGS_TO_IND_NODE,2026-08-03,,联网搜索
5045368,欢乐家食品集团股份有限公司,AGRI000007,农产品加工与仓储,BELONGS_TO_IND_NODE,2026-08-03,,联网搜索
2844651,陕西大唐种业股份有限公司,AGRI002009,杂交水稻种子,BELONGS_TO_IND_NODE,2026-08-03,,联网搜索
2844651,陕西大唐种业股份有限公司,AGRI002001,大田作物种子,BELONGS_TO_IND_NODE,2026-08-03,,联网搜索
2844651,陕西大唐种业股份有限公司,AGRI000002,种业与生物技术,BELONGS_TO_IND_NODE,2026-08-03,,联网搜索
119746303,义达跨境(上海)物流股份有限公司,AGRI008006,农产品进出口贸易,BELONGS_TO_IND_NODE,2026-08-03,,联网搜索
119746303,义达跨境(上海)物流股份有限公司,AGRI000008,农产品流通与消费渠道,BELONGS_TO_IND_NODE,2026-08-03,,联网搜索
862502,广西新迅达科技集团股份公司,AGRI008005,生鲜电商与社区团购,BELONGS_TO_IND_NODE,2026-08-03,,联网搜索
862502,广西新迅达科技集团股份公司,AGRI000008,农产品流通与消费渠道,BELONGS_TO_IND_NODE,2026-08-03,,联网搜索
2844673,江苏一号农场科技股份有限公司,AGRI002003,蔬菜瓜果种子种苗,BELONGS_TO_IND_NODE,2026-08-03,,联网搜索
2844673,江苏一号农场科技股份有限公司,AGRI000002,种业与生物技术,BELONGS_TO_IND_NODE,2026-08-03,,联网搜索
363425,金正大生态工程集团股份有限公司,AGRI003004,复合肥与掺混肥,BELONGS_TO_IND_NODE,2026-08-03,,联网搜索
363425,金正大生态工程集团股份有限公司,AGRI000003,农化与肥料,BELONGS_TO_IND_NODE,2026-08-03,,联网搜索
776633,深圳市金新农科技股份有限公司,AGRI004006,猪用配合饲料,BELONGS_TO_IND_NODE,2026-08-03,,联网搜索
776633,深圳市金新农科技股份有限公司,AGRI004001,配合饲料,BELONGS_TO_IND_NODE,2026-08-03,,联网搜索
776633,深圳市金新农科技股份有限公司,AGRI000004,饲料工业,BELONGS_TO_IND_NODE,2026-08-03,,联网搜索
776633,深圳市金新农科技股份有限公司,AGRI000001,农林牧渔行业,BELONGS_TO_IND_NODE,2026-08-03,,联网搜索
2556927,内蒙古佰惠生新农业科技股份有限公司,AGRI007007,制糖工业,BELONGS_TO_IND_NODE,2026-08-03,,联网搜索
2556927,内蒙古佰惠生新农业科技股份有限公司,AGRI000007,农产品加工与仓储,BELONGS_TO_IND_NODE,2026-08-03,,联网搜索
823495,新疆晟源生物科技股份有限公司,AGRI007003,淀粉及深加工,BELONGS_TO_IND_NODE,2026-08-03,,联网搜索
823495,新疆晟源生物科技股份有限公司,AGRI000007,农产品加工与仓储,BELONGS_TO_IND_NODE,2026-08-03,,联网搜索
2770265,上海丁义兴食品股份有限公司,AGRI007005,肉制品与预制菜加工,BELONGS_TO_IND_NODE,2026-08-03,,联网搜索
2770265,上海丁义兴食品股份有限公司,AGRI000007,农产品加工与仓储,BELONGS_TO_IND_NODE,2026-08-03,,联网搜索
609291,环渤海金岸(天津)集团股份有限公司,AGRI008001,农产品批发市场,BELONGS_TO_IND_NODE,2026-08-03,,联网搜索
609291,环渤海金岸(天津)集团股份有限公司,AGRI000008,农产品流通与消费渠道,BELONGS_TO_IND_NODE,2026-08-03,,联网搜索
2785693,浙江明辉蔬果配送股份有限公司,AGRI008003,食材供应链服务,BELONGS_TO_IND_NODE,2026-08-03,,联网搜索
2785693,浙江明辉蔬果配送股份有限公司,AGRI000008,农产品流通与消费渠道,BELONGS_TO_IND_NODE,2026-08-03,,联网搜索
2769593,汕头市潮庭食品股份有限公司,AGRI007005,肉制品与预制菜加工,BELONGS_TO_IND_NODE,2026-08-03,,联网搜索
2769593,汕头市潮庭食品股份有限公司,AGRI000007,农产品加工与仓储,BELONGS_TO_IND_NODE,2026-08-03,,联网搜索
2556594,山东凯欣绿色食品股份有限公司,AGRI007005,肉制品与预制菜加工,BELONGS_TO_IND_NODE,2026-08-03,,联网搜索
2556594,山东凯欣绿色食品股份有限公司,AGRI000007,农产品加工与仓储,BELONGS_TO_IND_NODE,2026-08-03,,联网搜索
1281797,广东颐丰智慧农业股份有限公司,AGRI007005,肉制品与预制菜加工,BELONGS_TO_IND_NODE,2026-08-03,,联网搜索
1281797,广东颐丰智慧农业股份有限公司,AGRI000007,农产品加工与仓储,BELONGS_TO_IND_NODE,2026-08-03,,联网搜索
2790053,湖南桃花江竹材科技股份有限公司,AGRI006006,林业生产,BELONGS_TO_IND_NODE,2026-08-03,,联网搜索
2790053,湖南桃花江竹材科技股份有限公司,AGRI000006,农林牧渔生产,BELONGS_TO_IND_NODE,2026-08-03,,联网搜索
2790053,湖南桃花江竹材科技股份有限公司,AGRI000001,农林牧渔行业,BELONGS_TO_IND_NODE,2026-08-03,,联网搜索
2556543,内蒙古额尔敦羊业股份有限公司,AGRI007005,肉制品与预制菜加工,BELONGS_TO_IND_NODE,2026-08-03,,联网搜索
2556543,内蒙古额尔敦羊业股份有限公司,AGRI000007,农产品加工与仓储,BELONGS_TO_IND_NODE,2026-08-03,,联网搜索
2556680,上海景鸿国际物流股份有限公司,AGRI008003,食材供应链服务,BELONGS_TO_IND_NODE,2026-08-03,,联网搜索
2556680,上海景鸿国际物流股份有限公司,AGRI000008,农产品流通与消费渠道,BELONGS_TO_IND_NODE,2026-08-03,,联网搜索
298837,利尔化学股份有限公司,AGRI003005,除草剂,BELONGS_TO_IND_NODE,2026-08-03,,联网搜索
298837,利尔化学股份有限公司,AGRI000003,农化与肥料,BELONGS_TO_IND_NODE,2026-08-03,,联网搜索
2497542,保正(上海)供应链管理股份有限公司,AGRI008010,冷库仓储服务,BELONGS_TO_IND_NODE,2026-08-03,,联网搜索
2497542,保正(上海)供应链管理股份有限公司,AGRI008002,生鲜冷链物流,BELONGS_TO_IND_NODE,2026-08-03,,联网搜索
2497542,保正(上海)供应链管理股份有限公司,AGRI000008,农产品流通与消费渠道,BELONGS_TO_IND_NODE,2026-08-03,,联网搜索
300780,保龄宝生物股份有限公司,AGRI007003,淀粉及深加工,BELONGS_TO_IND_NODE,2026-08-03,,联网搜索
300780,保龄宝生物股份有限公司,AGRI000007,农产品加工与仓储,BELONGS_TO_IND_NODE,2026-08-03,,联网搜索
1332121,海南农垦宝橡林产集团股份有限公司,AGRI006006,林业生产,BELONGS_TO_IND_NODE,2026-08-03,,联网搜索
1332121,海南农垦宝橡林产集团股份有限公司,AGRI000006,农林牧渔生产,BELONGS_TO_IND_NODE,2026-08-03,,联网搜索
1332121,海南农垦宝橡林产集团股份有限公司,AGRI000001,农林牧渔行业,BELONGS_TO_IND_NODE,2026-08-03,,联网搜索
2769880,杨凌秦岭山现代农业股份有限公司,AGRI006002,经济作物种植,BELONGS_TO_IND_NODE,2026-08-03,,联网搜索
2769880,杨凌秦岭山现代农业股份有限公司,AGRI000006,农林牧渔生产,BELONGS_TO_IND_NODE,2026-08-03,,联网搜索
2769880,杨凌秦岭山现代农业股份有限公司,AGRI000001,农林牧渔行业,BELONGS_TO_IND_NODE,2026-08-03,,联网搜索
2454825,广东旺大集团股份有限公司,AGRI004001,配合饲料,BELONGS_TO_IND_NODE,2026-08-03,,联网搜索
2454825,广东旺大集团股份有限公司,AGRI000004,饲料工业,BELONGS_TO_IND_NODE,2026-08-03,,联网搜索
2454825,广东旺大集团股份有限公司,AGRI000001,农林牧渔行业,BELONGS_TO_IND_NODE,2026-08-03,,联网搜索
282971,山东民和牧业股份有限公司,AGRI006011,白羽肉鸡养殖,BELONGS_TO_IND_NODE,2026-08-03,,联网搜索
282971,山东民和牧业股份有限公司,AGRI006004,家禽养殖,BELONGS_TO_IND_NODE,2026-08-03,,联网搜索
282971,山东民和牧业股份有限公司,AGRI000006,农林牧渔生产,BELONGS_TO_IND_NODE,2026-08-03,,联网搜索
282971,山东民和牧业股份有限公司,AGRI000001,农林牧渔行业,BELONGS_TO_IND_NODE,2026-08-03,,联网搜索
1356152,湖北黄商集团股份有限公司,AGRI008004,生鲜零售终端渠道,BELONGS_TO_IND_NODE,2026-08-03,,联网搜索
1356152,湖北黄商集团股份有限公司,AGRI000008,农产品流通与消费渠道,BELONGS_TO_IND_NODE,2026-08-03,,联网搜索
2444998,江苏东宝农化股份有限公司,AGRI003006,杀虫剂,BELONGS_TO_IND_NODE,2026-08-03,,联网搜索
2444998,江苏东宝农化股份有限公司,AGRI000003,农化与肥料,BELONGS_TO_IND_NODE,2026-08-03,,联网搜索
2444998,江苏东宝农化股份有限公司,AGRI003007,杀菌剂,BELONGS_TO_IND_NODE,2026-08-03,,联网搜索
2786315,广西商大科技股份有限公司,AGRI004001,配合饲料,BELONGS_TO_IND_NODE,2026-08-03,,联网搜索
2786315,广西商大科技股份有限公司,AGRI000004,饲料工业,BELONGS_TO_IND_NODE,2026-08-03,,联网搜索
2786315,广西商大科技股份有限公司,AGRI000001,农林牧渔行业,BELONGS_TO_IND_NODE,2026-08-03,,联网搜索
366005,江苏辉丰生物农业股份有限公司,AGRI003006,杀虫剂,BELONGS_TO_IND_NODE,2026-08-03,,联网搜索
366005,江苏辉丰生物农业股份有限公司,AGRI000003,农化与肥料,BELONGS_TO_IND_NODE,2026-08-03,,联网搜索
366005,江苏辉丰生物农业股份有限公司,AGRI003007,杀菌剂,BELONGS_TO_IND_NODE,2026-08-03,,联网搜索
2526999,山西金粮饲料股份有限公司,AGRI004001,配合饲料,BELONGS_TO_IND_NODE,2026-08-03,,联网搜索
2526999,山西金粮饲料股份有限公司,AGRI000004,饲料工业,BELONGS_TO_IND_NODE,2026-08-03,,联网搜索
2526999,山西金粮饲料股份有限公司,AGRI000001,农林牧渔行业,BELONGS_TO_IND_NODE,2026-08-03,,联网搜索
2769565,贵州五福坊食品(集团)股份有限公司,AGRI007005,肉制品与预制菜加工,BELONGS_TO_IND_NODE,2026-08-03,,联网搜索
2769565,贵州五福坊食品(集团)股份有限公司,AGRI000007,农产品加工与仓储,BELONGS_TO_IND_NODE,2026-08-03,,联网搜索
2769584,四川金安特农业股份有限公司,AGRI002001,大田作物种子,BELONGS_TO_IND_NODE,2026-08-03,,联网搜索
2769584,四川金安特农业股份有限公司,AGRI000002,种业与生物技术,BELONGS_TO_IND_NODE,2026-08-03,,联网搜索
1333682,山东中农联合生物科技股份有限公司,AGRI003006,杀虫剂,BELONGS_TO_IND_NODE,2026-08-03,,联网搜索
1333682,山东中农联合生物科技股份有限公司,AGRI000003,农化与肥料,BELONGS_TO_IND_NODE,2026-08-03,,联网搜索
1333682,山东中农联合生物科技股份有限公司,AGRI003007,杀菌剂,BELONGS_TO_IND_NODE,2026-08-03,,联网搜索
295106,中国淀粉控股有限公司,AGRI007003,淀粉及深加工,BELONGS_TO_IND_NODE,2026-08-03,,联网搜索
295106,中国淀粉控股有限公司,AGRI000007,农产品加工与仓储,BELONGS_TO_IND_NODE,2026-08-03,,联网搜索
1342976,北京颖泰嘉和生物科技股份有限公司,AGRI003005,除草剂,BELONGS_TO_IND_NODE,2026-08-03,,联网搜索
1342976,北京颖泰嘉和生物科技股份有限公司,AGRI000003,农化与肥料,BELONGS_TO_IND_NODE,2026-08-03,,联网搜索
1342976,北京颖泰嘉和生物科技股份有限公司,AGRI003006,杀虫剂,BELONGS_TO_IND_NODE,2026-08-03,,联网搜索
2612568,山东绿邦作物科学股份有限公司,AGRI003006,杀虫剂,BELONGS_TO_IND_NODE,2026-08-03,,联网搜索
2612568,山东绿邦作物科学股份有限公司,AGRI000003,农化与肥料,BELONGS_TO_IND_NODE,2026-08-03,,联网搜索
2612568,山东绿邦作物科学股份有限公司,AGRI003007,杀菌剂,BELONGS_TO_IND_NODE,2026-08-03,,联网搜索
6125411,利特米有限公司,AGRI004001,配合饲料,BELONGS_TO_IND_NODE,2026-08-03,,联网搜索
6125411,利特米有限公司,AGRI000004,饲料工业,BELONGS_TO_IND_NODE,2026-08-03,,联网搜索
6125411,利特米有限公司,AGRI000001,农林牧渔行业,BELONGS_TO_IND_NODE,2026-08-03,,联网搜索
4154465,中雁石斛技术股份有限公司,AGRI006002,经济作物种植,BELONGS_TO_IND_NODE,2026-08-03,,联网搜索
4154465,中雁石斛技术股份有限公司,AGRI000006,农林牧渔生产,BELONGS_TO_IND_NODE,2026-08-03,,联网搜索
4154465,中雁石斛技术股份有限公司,AGRI000001,农林牧渔行业,BELONGS_TO_IND_NODE,2026-08-03,,联网搜索
7891523,红星冷链(湖南)股份有限公司,AGRI007009,农产品冷链仓储,BELONGS_TO_IND_NODE,2026-08-03,,联网搜索
7891523,红星冷链(湖南)股份有限公司,AGRI000007,农产品加工与仓储,BELONGS_TO_IND_NODE,2026-08-03,,联网搜索
331103,中化化肥控股有限公司,AGRI003004,复合肥与掺混肥,BELONGS_TO_IND_NODE,2026-08-03,,联网搜索
331103,中化化肥控股有限公司,AGRI000003,农化与肥料,BELONGS_TO_IND_NODE,2026-08-03,,联网搜索
2431617,广东裕丰食品股份有限公司,AGRI007005,肉制品与预制菜加工,BELONGS_TO_IND_NODE,2026-08-03,,联网搜索
2431617,广东裕丰食品股份有限公司,AGRI000007,农产品加工与仓储,BELONGS_TO_IND_NODE,2026-08-03,,联网搜索
356817,新疆西部牧业股份有限公司,AGRI007006,乳制品加工,BELONGS_TO_IND_NODE,2026-08-03,,联网搜索
356817,新疆西部牧业股份有限公司,AGRI000007,农产品加工与仓储,BELONGS_TO_IND_NODE,2026-08-03,,联网搜索
304756,安井食品集团股份有限公司,AGRI007005,肉制品与预制菜加工,BELONGS_TO_IND_NODE,2026-08-03,,联网搜索
304756,安井食品集团股份有限公司,AGRI000007,农产品加工与仓储,BELONGS_TO_IND_NODE,2026-08-03,,联网搜索
1788423,浙江圣达生物药业股份有限公司,AGRI004003,饲料添加剂,BELONGS_TO_IND_NODE,2026-08-03,,联网搜索
1788423,浙江圣达生物药业股份有限公司,AGRI000004,饲料工业,BELONGS_TO_IND_NODE,2026-08-03,,联网搜索
1788423,浙江圣达生物药业股份有限公司,AGRI000001,农林牧渔行业,BELONGS_TO_IND_NODE,2026-08-03,,联网搜索
2502111,花木易购科技股份有限公司,AGRI006006,林业生产,BELONGS_TO_IND_NODE,2026-08-03,,联网搜索
2502111,花木易购科技股份有限公司,AGRI000006,农林牧渔生产,BELONGS_TO_IND_NODE,2026-08-03,,联网搜索
2502111,花木易购科技股份有限公司,AGRI000001,农林牧渔行业,BELONGS_TO_IND_NODE,2026-08-03,,联网搜索
305656,华宝国际控股有限公司,AGRI004003,饲料添加剂,BELONGS_TO_IND_NODE,2026-08-03,,联网搜索
305656,华宝国际控股有限公司,AGRI000004,饲料工业,BELONGS_TO_IND_NODE,2026-08-03,,联网搜索
305656,华宝国际控股有限公司,AGRI000001,农林牧渔行业,BELONGS_TO_IND_NODE,2026-08-03,,联网搜索
1301248,沃达农业科技股份有限公司,AGRI003004,复合肥与掺混肥,BELONGS_TO_IND_NODE,2026-08-03,,联网搜索
1301248,沃达农业科技股份有限公司,AGRI000003,农化与肥料,BELONGS_TO_IND_NODE,2026-08-03,,联网搜索
862940,山东仙坛集团股份有限公司,AGRI006011,白羽肉鸡养殖,BELONGS_TO_IND_NODE,2026-08-03,,联网搜索
862940,山东仙坛集团股份有限公司,AGRI006004,家禽养殖,BELONGS_TO_IND_NODE,2026-08-03,,联网搜索
862940,山东仙坛集团股份有限公司,AGRI000006,农林牧渔生产,BELONGS_TO_IND_NODE,2026-08-03,,联网搜索
862940,山东仙坛集团股份有限公司,AGRI000001,农林牧渔行业,BELONGS_TO_IND_NODE,2026-08-03,,联网搜索
1328583,湖北银丰棉花股份有限公司,AGRI007001,粮食加工,BELONGS_TO_IND_NODE,2026-08-03,,联网搜索
1328583,湖北银丰棉花股份有限公司,AGRI000007,农产品加工与仓储,BELONGS_TO_IND_NODE,2026-08-03,,联网搜索
7941796,播恩集团股份有限公司,AGRI004006,猪用配合饲料,BELONGS_TO_IND_NODE,2026-08-03,,联网搜索
7941796,播恩集团股份有限公司,AGRI004001,配合饲料,BELONGS_TO_IND_NODE,2026-08-03,,联网搜索
7941796,播恩集团股份有限公司,AGRI000004,饲料工业,BELONGS_TO_IND_NODE,2026-08-03,,联网搜索
7941796,播恩集团股份有限公司,AGRI000001,农林牧渔行业,BELONGS_TO_IND_NODE,2026-08-03,,联网搜索
1069615,北京依科曼生物技术股份有限公司,AGRI003008,生物农药,BELONGS_TO_IND_NODE,2026-08-03,,联网搜索
1069615,北京依科曼生物技术股份有限公司,AGRI000003,农化与肥料,BELONGS_TO_IND_NODE,2026-08-03,,联网搜索
6251430,宁波索宝蛋白科技股份有限公司,AGRI007002,植物油加工,BELONGS_TO_IND_NODE,2026-08-03,,联网搜索
6251430,宁波索宝蛋白科技股份有限公司,AGRI000007,农产品加工与仓储,BELONGS_TO_IND_NODE,2026-08-03,,联网搜索
7910137,陕西美邦药业集团股份有限公司,AGRI003005,除草剂,BELONGS_TO_IND_NODE,2026-08-03,,联网搜索
7910137,陕西美邦药业集团股份有限公司,AGRI000003,农化与肥料,BELONGS_TO_IND_NODE,2026-08-03,,联网搜索
4153613,广东海力储存设备股份有限公司,AGRI007009,农产品冷链仓储,BELONGS_TO_IND_NODE,2026-08-03,,联网搜索
4153613,广东海力储存设备股份有限公司,AGRI000007,农产品加工与仓储,BELONGS_TO_IND_NODE,2026-08-03,,联网搜索
774216,海欣食品股份有限公司,AGRI007008,水产品加工,BELONGS_TO_IND_NODE,2026-08-03,,联网搜索
774216,海欣食品股份有限公司,AGRI000007,农产品加工与仓储,BELONGS_TO_IND_NODE,2026-08-03,,联网搜索
2786389,广东同瑞节能科技股份有限公司,AGRI007009,农产品冷链仓储,BELONGS_TO_IND_NODE,2026-08-03,,联网搜索
2786389,广东同瑞节能科技股份有限公司,AGRI000007,农产品加工与仓储,BELONGS_TO_IND_NODE,2026-08-03,,联网搜索
2455041,甘肃爽口源生态科技股份有限公司,AGRI007003,淀粉及深加工,BELONGS_TO_IND_NODE,2026-08-03,,联网搜索
2455041,甘肃爽口源生态科技股份有限公司,AGRI000007,农产品加工与仓储,BELONGS_TO_IND_NODE,2026-08-03,,联网搜索
7872168,平凉静宁苹果产业发展股份有限公司,AGRI008001,农产品批发市场,BELONGS_TO_IND_NODE,2026-08-03,,联网搜索
7872168,平凉静宁苹果产业发展股份有限公司,AGRI000008,农产品流通与消费渠道,BELONGS_TO_IND_NODE,2026-08-03,,联网搜索
7893671,商丘市鼎丰木业股份有限公司,AGRI006006,林业生产,BELONGS_TO_IND_NODE,2026-08-03,,联网搜索
7893671,商丘市鼎丰木业股份有限公司,AGRI000006,农林牧渔生产,BELONGS_TO_IND_NODE,2026-08-03,,联网搜索
7893671,商丘市鼎丰木业股份有限公司,AGRI000001,农林牧渔行业,BELONGS_TO_IND_NODE,2026-08-03,,联网搜索
1081517,四川菊乐食品股份有限公司,AGRI007006,乳制品加工,BELONGS_TO_IND_NODE,2026-08-03,,联网搜索
1081517,四川菊乐食品股份有限公司,AGRI000007,农产品加工与仓储,BELONGS_TO_IND_NODE,2026-08-03,,联网搜索
1070417,惠州东进农牧股份有限公司,AGRI007005,肉制品与预制菜加工,BELONGS_TO_IND_NODE,2026-08-03,,联网搜索
1070417,惠州东进农牧股份有限公司,AGRI000007,农产品加工与仓储,BELONGS_TO_IND_NODE,2026-08-03,,联网搜索
1066544,武汉回盛生物科技股份有限公司,AGRI005002,兽用化学药品制剂,BELONGS_TO_IND_NODE,2026-08-03,,联网搜索
1066544,武汉回盛生物科技股份有限公司,AGRI000005,动物保健与兽药,BELONGS_TO_IND_NODE,2026-08-03,,联网搜索
2440062,泉州自然盛景数字科技股份有限公司,AGRI006006,林业生产,BELONGS_TO_IND_NODE,2026-08-03,,联网搜索
2440062,泉州自然盛景数字科技股份有限公司,AGRI000006,农林牧渔生产,BELONGS_TO_IND_NODE,2026-08-03,,联网搜索
2440062,泉州自然盛景数字科技股份有限公司,AGRI000001,农林牧渔行业,BELONGS_TO_IND_NODE,2026-08-03,,联网搜索
1672899,山东京博农化科技股份有限公司,AGRI003005,除草剂,BELONGS_TO_IND_NODE,2026-08-03,,联网搜索
1672899,山东京博农化科技股份有限公司,AGRI000003,农化与肥料,BELONGS_TO_IND_NODE,2026-08-03,,联网搜索
1672899,山东京博农化科技股份有限公司,AGRI003006,杀虫剂,BELONGS_TO_IND_NODE,2026-08-03,,联网搜索
1672899,山东京博农化科技股份有限公司,AGRI003007,杀菌剂,BELONGS_TO_IND_NODE,2026-08-03,,联网搜索
7981032,春雪食品集团股份有限公司,AGRI005006,猪用疫苗,BELONGS_TO_IND_NODE,2026-08-03,,联网搜索
7981032,春雪食品集团股份有限公司,AGRI005001,兽用疫苗,BELONGS_TO_IND_NODE,2026-08-03,,联网搜索
7981032,春雪食品集团股份有限公司,AGRI000005,动物保健与兽药,BELONGS_TO_IND_NODE,2026-08-03,,联网搜索
5156970,中山园仔山菌业股份有限公司,AGRI006002,经济作物种植,BELONGS_TO_IND_NODE,2026-08-03,,联网搜索
5156970,中山园仔山菌业股份有限公司,AGRI000006,农林牧渔生产,BELONGS_TO_IND_NODE,2026-08-03,,联网搜索
5156970,中山园仔山菌业股份有限公司,AGRI000001,农林牧渔行业,BELONGS_TO_IND_NODE,2026-08-03,,联网搜索
1149066,家家悦集团股份有限公司,AGRI008004,生鲜零售终端渠道,BELONGS_TO_IND_NODE,2026-08-03,,联网搜索
1149066,家家悦集团股份有限公司,AGRI000008,农产品流通与消费渠道,BELONGS_TO_IND_NODE,2026-08-03,,联网搜索
7980063,江西金田麦食品股份有限公司,AGRI007001,粮食加工,BELONGS_TO_IND_NODE,2026-08-03,,联网搜索
7980063,江西金田麦食品股份有限公司,AGRI000007,农产品加工与仓储,BELONGS_TO_IND_NODE,2026-08-03,,联网搜索
5163114,裕程物流集团有限公司,AGRI008002,生鲜冷链物流,BELONGS_TO_IND_NODE,2026-08-03,,联网搜索
5163114,裕程物流集团有限公司,AGRI000008,农产品流通与消费渠道,BELONGS_TO_IND_NODE,2026-08-03,,联网搜索
575456,浙江欣欣饲料股份有限公司,AGRI004001,配合饲料,BELONGS_TO_IND_NODE,2026-08-03,,联网搜索
575456,浙江欣欣饲料股份有限公司,AGRI000004,饲料工业,BELONGS_TO_IND_NODE,2026-08-03,,联网搜索
575456,浙江欣欣饲料股份有限公司,AGRI000001,农林牧渔行业,BELONGS_TO_IND_NODE,2026-08-03,,联网搜索
561830,江苏中江种业股份有限公司,AGRI002001,大田作物种子,BELONGS_TO_IND_NODE,2026-08-03,,联网搜索
561830,江苏中江种业股份有限公司,AGRI000002,种业与生物技术,BELONGS_TO_IND_NODE,2026-08-03,,联网搜索
2281399,兰州亚成生物科技股份有限公司,AGRI007005,肉制品与预制菜加工,BELONGS_TO_IND_NODE,2026-08-03,,联网搜索
2281399,兰州亚成生物科技股份有限公司,AGRI000007,农产品加工与仓储,BELONGS_TO_IND_NODE,2026-08-03,,联网搜索
7932784,农心作物科技股份有限公司,AGRI003005,除草剂,BELONGS_TO_IND_NODE,2026-08-03,,联网搜索
7932784,农心作物科技股份有限公司,AGRI000003,农化与肥料,BELONGS_TO_IND_NODE,2026-08-03,,联网搜索
7932784,农心作物科技股份有限公司,AGRI003006,杀虫剂,BELONGS_TO_IND_NODE,2026-08-03,,联网搜索
7932784,农心作物科技股份有限公司,AGRI003007,杀菌剂,BELONGS_TO_IND_NODE,2026-08-03,,联网搜索
1677459,驰骋控股集团股份有限公司,AGRI008004,生鲜零售终端渠道,BELONGS_TO_IND_NODE,2026-08-03,,联网搜索
1677459,驰骋控股集团股份有限公司,AGRI000008,农产品流通与消费渠道,BELONGS_TO_IND_NODE,2026-08-03,,联网搜索
5537637,合肥维天运通信息科技股份有限公司,AGRI008002,生鲜冷链物流,BELONGS_TO_IND_NODE,2026-08-03,,联网搜索
5537637,合肥维天运通信息科技股份有限公司,AGRI000008,农产品流通与消费渠道,BELONGS_TO_IND_NODE,2026-08-03,,联网搜索
7389378,浙江世佳科技股份有限公司,AGRI003005,除草剂,BELONGS_TO_IND_NODE,2026-08-03,,联网搜索
7389378,浙江世佳科技股份有限公司,AGRI000003,农化与肥料,BELONGS_TO_IND_NODE,2026-08-03,,联网搜索
7389378,浙江世佳科技股份有限公司,AGRI003006,杀虫剂,BELONGS_TO_IND_NODE,2026-08-03,,联网搜索
779533,北京御食园食品股份有限公司,AGRI007001,粮食加工,BELONGS_TO_IND_NODE,2026-08-03,,联网搜索
779533,北京御食园食品股份有限公司,AGRI000007,农产品加工与仓储,BELONGS_TO_IND_NODE,2026-08-03,,联网搜索
2264800,中喜生态产业股份有限公司,AGRI006006,林业生产,BELONGS_TO_IND_NODE,2026-08-03,,联网搜索
2264800,中喜生态产业股份有限公司,AGRI000006,农林牧渔生产,BELONGS_TO_IND_NODE,2026-08-03,,联网搜索
2264800,中喜生态产业股份有限公司,AGRI000001,农林牧渔行业,BELONGS_TO_IND_NODE,2026-08-03,,联网搜索
1164905,金菜地食品股份有限公司,AGRI007005,肉制品与预制菜加工,BELONGS_TO_IND_NODE,2026-08-03,,联网搜索
1164905,金菜地食品股份有限公司,AGRI000007,农产品加工与仓储,BELONGS_TO_IND_NODE,2026-08-03,,联网搜索
286787,中福海峡(平潭)发展股份有限公司,AGRI006006,林业生产,BELONGS_TO_IND_NODE,2026-08-03,,联网搜索
286787,中福海峡(平潭)发展股份有限公司,AGRI000006,农林牧渔生产,BELONGS_TO_IND_NODE,2026-08-03,,联网搜索
286787,中福海峡(平潭)发展股份有限公司,AGRI000001,农林牧渔行业,BELONGS_TO_IND_NODE,2026-08-03,,联网搜索
1165087,大连林家铺子食品股份有限公司,AGRI007008,水产品加工,BELONGS_TO_IND_NODE,2026-08-03,,联网搜索
1165087,大连林家铺子食品股份有限公司,AGRI000007,农产品加工与仓储,BELONGS_TO_IND_NODE,2026-08-03,,联网搜索
1740866,深圳市凯东源现代物流股份有限公司,AGRI008002,生鲜冷链物流,BELONGS_TO_IND_NODE,2026-08-03,,联网搜索
1740866,深圳市凯东源现代物流股份有限公司,AGRI000008,农产品流通与消费渠道,BELONGS_TO_IND_NODE,2026-08-03,,联网搜索
6908897,海程邦达供应链管理股份有限公司,AGRI008006,农产品进出口贸易,BELONGS_TO_IND_NODE,2026-08-03,,联网搜索
6908897,海程邦达供应链管理股份有限公司,AGRI000008,农产品流通与消费渠道,BELONGS_TO_IND_NODE,2026-08-03,,联网搜索
1352060,山东惠发食品股份有限公司,AGRI007005,肉制品与预制菜加工,BELONGS_TO_IND_NODE,2026-08-03,,联网搜索
1352060,山东惠发食品股份有限公司,AGRI000007,农产品加工与仓储,BELONGS_TO_IND_NODE,2026-08-03,,联网搜索
2347333,中棉种业科技股份有限公司,AGRI002002,经济作物种子,BELONGS_TO_IND_NODE,2026-08-03,,联网搜索
2347333,中棉种业科技股份有限公司,AGRI000002,种业与生物技术,BELONGS_TO_IND_NODE,2026-08-03,,联网搜索
1357513,内蒙古赛科星繁育生物技术(集团)股份有限公司,AGRI006020,奶牛养殖,BELONGS_TO_IND_NODE,2026-08-03,,联网搜索
1357513,内蒙古赛科星繁育生物技术(集团)股份有限公司,AGRI006003,家畜养殖,BELONGS_TO_IND_NODE,2026-08-03,,联网搜索
1357513,内蒙古赛科星繁育生物技术(集团)股份有限公司,AGRI000006,农林牧渔生产,BELONGS_TO_IND_NODE,2026-08-03,,联网搜索
1357513,内蒙古赛科星繁育生物技术(集团)股份有限公司,AGRI000001,农林牧渔行业,BELONGS_TO_IND_NODE,2026-08-03,,联网搜索
1736380,重庆旺峰肉业股份有限公司,AGRI007004,屠宰与肉类分割,BELONGS_TO_IND_NODE,2026-08-03,,联网搜索
1736380,重庆旺峰肉业股份有限公司,AGRI000007,农产品加工与仓储,BELONGS_TO_IND_NODE,2026-08-03,,联网搜索
1071322,宏图智能数字科技股份有限公司,AGRI008011,冷藏运输配送,BELONGS_TO_IND_NODE,2026-08-03,,联网搜索
1071322,宏图智能数字科技股份有限公司,AGRI008002,生鲜冷链物流,BELONGS_TO_IND_NODE,2026-08-03,,联网搜索
1071322,宏图智能数字科技股份有限公司,AGRI000008,农产品流通与消费渠道,BELONGS_TO_IND_NODE,2026-08-03,,联网搜索
1730385,深圳市中海通物流股份有限公司,AGRI008010,冷库仓储服务,BELONGS_TO_IND_NODE,2026-08-03,,联网搜索
1730385,深圳市中海通物流股份有限公司,AGRI008002,生鲜冷链物流,BELONGS_TO_IND_NODE,2026-08-03,,联网搜索
1730385,深圳市中海通物流股份有限公司,AGRI000008,农产品流通与消费渠道,BELONGS_TO_IND_NODE,2026-08-03,,联网搜索
2300524,云南云叶化肥股份有限公司,AGRI003004,复合肥与掺混肥,BELONGS_TO_IND_NODE,2026-08-03,,联网搜索
2300524,云南云叶化肥股份有限公司,AGRI000003,农化与肥料,BELONGS_TO_IND_NODE,2026-08-03,,联网搜索
2308238,广州利洋水产科技股份有限公司,AGRI005009,水产疫苗,BELONGS_TO_IND_NODE,2026-08-03,,联网搜索
2308238,广州利洋水产科技股份有限公司,AGRI005001,兽用疫苗,BELONGS_TO_IND_NODE,2026-08-03,,联网搜索
2308238,广州利洋水产科技股份有限公司,AGRI000005,动物保健与兽药,BELONGS_TO_IND_NODE,2026-08-03,,联网搜索
2538942,新疆东方红番茄股份有限公司,AGRI000007,农产品加工与仓储,BELONGS_TO_IND_NODE,2026-08-03,,联网搜索
890141,广东天禾农资股份有限公司,AGRI003010,农资流通与农技服务,BELONGS_TO_IND_NODE,2026-08-03,,联网搜索
890141,广东天禾农资股份有限公司,AGRI000003,农化与肥料,BELONGS_TO_IND_NODE,2026-08-03,,联网搜索
7891813,普洱澜沧古茶股份有限公司,AGRI000007,农产品加工与仓储,BELONGS_TO_IND_NODE,2026-08-03,,联网搜索
3325745,新希望乳业股份有限公司,AGRI007006,乳制品加工,BELONGS_TO_IND_NODE,2026-08-03,,联网搜索
3325745,新希望乳业股份有限公司,AGRI000007,农产品加工与仓储,BELONGS_TO_IND_NODE,2026-08-03,,联网搜索
1113184,江西天新药业股份有限公司,AGRI004003,饲料添加剂,BELONGS_TO_IND_NODE,2026-08-03,,联网搜索
1113184,江西天新药业股份有限公司,AGRI000004,饲料工业,BELONGS_TO_IND_NODE,2026-08-03,,联网搜索
1113184,江西天新药业股份有限公司,AGRI000001,农林牧渔行业,BELONGS_TO_IND_NODE,2026-08-03,,联网搜索
3351741,乐氏国际控股集团有限公司,AGRI008010,冷库仓储服务,BELONGS_TO_IND_NODE,2026-08-03,,联网搜索
3351741,乐氏国际控股集团有限公司,AGRI008002,生鲜冷链物流,BELONGS_TO_IND_NODE,2026-08-03,,联网搜索
3351741,乐氏国际控股集团有限公司,AGRI000008,农产品流通与消费渠道,BELONGS_TO_IND_NODE,2026-08-03,,联网搜索
5387853,江西国光商业连锁股份有限公司,AGRI008004,生鲜零售终端渠道,BELONGS_TO_IND_NODE,2026-08-03,,联网搜索
5387853,江西国光商业连锁股份有限公司,AGRI000008,农产品流通与消费渠道,BELONGS_TO_IND_NODE,2026-08-03,,联网搜索
1129425,浙江江山恒亮蜂产品股份有限公司,AGRI000007,农产品加工与仓储,BELONGS_TO_IND_NODE,2026-08-03,,联网搜索
3320132,运兴泰集团控股有限公司,AGRI007005,肉制品与预制菜加工,BELONGS_TO_IND_NODE,2026-08-03,,联网搜索
3320132,运兴泰集团控股有限公司,AGRI000007,农产品加工与仓储,BELONGS_TO_IND_NODE,2026-08-03,,联网搜索
5220090,中盐安徽红四方肥业股份有限公司,AGRI003004,复合肥与掺混肥,BELONGS_TO_IND_NODE,2026-08-03,,联网搜索
5220090,中盐安徽红四方肥业股份有限公司,AGRI000003,农化与肥料,BELONGS_TO_IND_NODE,2026-08-03,,联网搜索
8091173,安徽上元家居材料股份有限公司,AGRI006006,林业生产,BELONGS_TO_IND_NODE,2026-08-03,,联网搜索
8091173,安徽上元家居材料股份有限公司,AGRI000006,农林牧渔生产,BELONGS_TO_IND_NODE,2026-08-03,,联网搜索
8091173,安徽上元家居材料股份有限公司,AGRI000001,农林牧渔行业,BELONGS_TO_IND_NODE,2026-08-03,,联网搜索
4182047,华农恒青科技股份有限公司,AGRI004006,猪用配合饲料,BELONGS_TO_IND_NODE,2026-08-03,,联网搜索
4182047,华农恒青科技股份有限公司,AGRI004001,配合饲料,BELONGS_TO_IND_NODE,2026-08-03,,联网搜索
4182047,华农恒青科技股份有限公司,AGRI000004,饲料工业,BELONGS_TO_IND_NODE,2026-08-03,,联网搜索
4182047,华农恒青科技股份有限公司,AGRI000001,农林牧渔行业,BELONGS_TO_IND_NODE,2026-08-03,,联网搜索
4182047,华农恒青科技股份有限公司,AGRI004007,禽用配合饲料,BELONGS_TO_IND_NODE,2026-08-03,,联网搜索
4971151,上海永通生态工程股份有限公司,AGRI003004,复合肥与掺混肥,BELONGS_TO_IND_NODE,2026-08-03,,联网搜索
4971151,上海永通生态工程股份有限公司,AGRI000003,农化与肥料,BELONGS_TO_IND_NODE,2026-08-03,,联网搜索
3356187,山西大禹生物工程股份有限公司,AGRI004015,饲用微生态制剂,BELONGS_TO_IND_NODE,2026-08-03,,联网搜索
3356187,山西大禹生物工程股份有限公司,AGRI004003,饲料添加剂,BELONGS_TO_IND_NODE,2026-08-03,,联网搜索
3356187,山西大禹生物工程股份有限公司,AGRI000004,饲料工业,BELONGS_TO_IND_NODE,2026-08-03,,联网搜索
3356187,山西大禹生物工程股份有限公司,AGRI000001,农林牧渔行业,BELONGS_TO_IND_NODE,2026-08-03,,联网搜索
3356657,江苏味巴哥食品股份有限公司,AGRI007005,肉制品与预制菜加工,BELONGS_TO_IND_NODE,2026-08-03,,联网搜索
3356657,江苏味巴哥食品股份有限公司,AGRI000007,农产品加工与仓储,BELONGS_TO_IND_NODE,2026-08-03,,联网搜索
1122033,广东粤海饲料集团股份有限公司,AGRI004008,水产配合饲料,BELONGS_TO_IND_NODE,2026-08-03,,联网搜索
1122033,广东粤海饲料集团股份有限公司,AGRI004001,配合饲料,BELONGS_TO_IND_NODE,2026-08-03,,联网搜索
1122033,广东粤海饲料集团股份有限公司,AGRI000004,饲料工业,BELONGS_TO_IND_NODE,2026-08-03,,联网搜索
1122033,广东粤海饲料集团股份有限公司,AGRI000001,农林牧渔行业,BELONGS_TO_IND_NODE,2026-08-03,,联网搜索
7921545,黄淮农产品股份有限公司,AGRI008001,农产品批发市场,BELONGS_TO_IND_NODE,2026-08-03,,联网搜索
7921545,黄淮农产品股份有限公司,AGRI000008,农产品流通与消费渠道,BELONGS_TO_IND_NODE,2026-08-03,,联网搜索
3356148,徐州天意药业股份有限公司,AGRI005002,兽用化学药品制剂,BELONGS_TO_IND_NODE,2026-08-03,,联网搜索
3356148,徐州天意药业股份有限公司,AGRI000005,动物保健与兽药,BELONGS_TO_IND_NODE,2026-08-03,,联网搜索
3383429,广东和利农生物种业股份有限公司,AGRI002003,蔬菜瓜果种子种苗,BELONGS_TO_IND_NODE,2026-08-03,,联网搜索
3383429,广东和利农生物种业股份有限公司,AGRI000002,种业与生物技术,BELONGS_TO_IND_NODE,2026-08-03,,联网搜索
8077558,浙江英特科技股份有限公司,AGRI007009,农产品冷链仓储,BELONGS_TO_IND_NODE,2026-08-03,,联网搜索
8077558,浙江英特科技股份有限公司,AGRI000007,农产品加工与仓储,BELONGS_TO_IND_NODE,2026-08-03,,联网搜索
6124052,广西辽大农业科技集团股份有限公司,AGRI004001,配合饲料,BELONGS_TO_IND_NODE,2026-08-03,,联网搜索
6124052,广西辽大农业科技集团股份有限公司,AGRI000004,饲料工业,BELONGS_TO_IND_NODE,2026-08-03,,联网搜索
6124052,广西辽大农业科技集团股份有限公司,AGRI000001,农林牧渔行业,BELONGS_TO_IND_NODE,2026-08-03,,联网搜索
1114957,浙江一鸣食品股份有限公司,AGRI007006,乳制品加工,BELONGS_TO_IND_NODE,2026-08-03,,联网搜索
1114957,浙江一鸣食品股份有限公司,AGRI000007,农产品加工与仓储,BELONGS_TO_IND_NODE,2026-08-03,,联网搜索
277047,苏宁易购集团股份有限公司,AGRI008004,生鲜零售终端渠道,BELONGS_TO_IND_NODE,2026-08-03,,联网搜索
277047,苏宁易购集团股份有限公司,AGRI000008,农产品流通与消费渠道,BELONGS_TO_IND_NODE,2026-08-03,,联网搜索
781652,朗源股份有限公司,AGRI007006,乳制品加工,BELONGS_TO_IND_NODE,2026-08-03,,联网搜索
781652,朗源股份有限公司,AGRI000007,农产品加工与仓储,BELONGS_TO_IND_NODE,2026-08-03,,联网搜索
5058710,Legion Consortium Limited,AGRI008010,冷库仓储服务,BELONGS_TO_IND_NODE,2026-08-03,,联网搜索
5058710,Legion Consortium Limited,AGRI008002,生鲜冷链物流,BELONGS_TO_IND_NODE,2026-08-03,,联网搜索
5058710,Legion Consortium Limited,AGRI000008,农产品流通与消费渠道,BELONGS_TO_IND_NODE,2026-08-03,,联网搜索
5162770,甘肃绿能农业科技股份有限公司,AGRI003004,复合肥与掺混肥,BELONGS_TO_IND_NODE,2026-08-03,,联网搜索
5162770,甘肃绿能农业科技股份有限公司,AGRI000003,农化与肥料,BELONGS_TO_IND_NODE,2026-08-03,,联网搜索
5471291,广东顺康生物科技股份有限公司,AGRI004001,配合饲料,BELONGS_TO_IND_NODE,2026-08-03,,联网搜索
5471291,广东顺康生物科技股份有限公司,AGRI000004,饲料工业,BELONGS_TO_IND_NODE,2026-08-03,,联网搜索
5471291,广东顺康生物科技股份有限公司,AGRI000001,农林牧渔行业,BELONGS_TO_IND_NODE,2026-08-03,,联网搜索
5386571,中饮巴比食品股份有限公司,AGRI008007,中央厨房与团餐配送,BELONGS_TO_IND_NODE,2026-08-03,,联网搜索
5386571,中饮巴比食品股份有限公司,AGRI000008,农产品流通与消费渠道,BELONGS_TO_IND_NODE,2026-08-03,,联网搜索
8030048,牧同科技股份有限公司,AGRI007006,乳制品加工,BELONGS_TO_IND_NODE,2026-08-03,,联网搜索
8030048,牧同科技股份有限公司,AGRI000007,农产品加工与仓储,BELONGS_TO_IND_NODE,2026-08-03,,联网搜索
8073889,乡村绿洲(山东)农业科技股份有限公司,AGRI006002,经济作物种植,BELONGS_TO_IND_NODE,2026-08-03,,联网搜索
8073889,乡村绿洲(山东)农业科技股份有限公司,AGRI000006,农林牧渔生产,BELONGS_TO_IND_NODE,2026-08-03,,联网搜索
8073889,乡村绿洲(山东)农业科技股份有限公司,AGRI000001,农林牧渔行业,BELONGS_TO_IND_NODE,2026-08-03,,联网搜索
