起点节点code,起点节点名称,终点节点id,终点节点名称,主体产业链关系,开始时间,结束时间,数据来源
1151380,龙利得智能科技股份有限公司,food_beverage_006_029,纸包装,BELONGS_TO_IND_NODE,2026-07-28,,联网搜索
4579991,四川省福喜迎门酒业有限公司,food_beverage_001_001,白酒,BELONGS_TO_IND_NODE,2026-07-28,,联网搜索
1700240,南京沪江复合材料股份有限公司,food_beverage_006_030,塑料包装,BELONGS_TO_IND_NODE,2026-07-28,,联网搜索
285654,山西杏花村汾酒厂股份有限公司,food_beverage_001_001,白酒,BELONGS_TO_IND_NODE,2026-07-28,,联网搜索
5197238,苏州优乐赛共享服务股份有限公司,food_beverage_006_032,金属包装,BELONGS_TO_IND_NODE,2026-07-28,,联网搜索
8151341,苏州江天包装科技股份有限公司,food_beverage_006_029,纸包装,BELONGS_TO_IND_NODE,2026-07-28,,联网搜索
4805995,仁怀酱酒(集团)有限责任公司,food_beverage_001_001,白酒,BELONGS_TO_IND_NODE,2026-07-28,,联网搜索
285865,北京燕京啤酒股份有限公司,food_beverage_001_003,工业啤酒,BELONGS_TO_IND_NODE,2026-07-28,,联网搜索
362511,江苏洋河集团有限公司,food_beverage_001_001,白酒,BELONGS_TO_IND_NODE,2026-07-28,,联网搜索
1121989,浙江大胜达包装股份有限公司,food_beverage_006_029,纸包装,BELONGS_TO_IND_NODE,2026-07-28,,联网搜索
8174918,浙江东经科技股份有限公司,food_beverage_006_029,纸包装,BELONGS_TO_IND_NODE,2026-07-28,,联网搜索
611353,锦胜集团(控股)有限公司,food_beverage_006_029,纸包装,BELONGS_TO_IND_NODE,2026-07-28,,联网搜索
1256006,安徽宣酒集团股份有限公司,food_beverage_001_001,白酒,BELONGS_TO_IND_NODE,2026-07-28,,联网搜索
332431,深圳市明华澳汉科技股份有限公司,food_beverage_001_001,白酒,BELONGS_TO_IND_NODE,2026-07-28,,联网搜索
838028,青海互助天佑德青稞酒股份有限公司,food_beverage_001_001,白酒,BELONGS_TO_IND_NODE,2026-07-28,,联网搜索
2359394,苏州同里印刷科技股份有限公司,food_beverage_006_029,纸包装,BELONGS_TO_IND_NODE,2026-07-28,,联网搜索
2978431,广东兴艺数字印刷股份有限公司,food_beverage_006_029,纸包装,BELONGS_TO_IND_NODE,2026-07-28,,联网搜索
1372375,苏州华源控股股份有限公司,food_beverage_006_032,金属包装,BELONGS_TO_IND_NODE,2026-07-28,,联网搜索
8242741,浙江众鑫环保科技集团股份有限公司,food_beverage_006_029,纸包装,BELONGS_TO_IND_NODE,2026-07-28,,联网搜索
2402106,无锡美好世界科技股份有限公司,food_beverage_006_029,纸包装,BELONGS_TO_IND_NODE,2026-07-28,,联网搜索
3038070,江苏利民纸品包装股份有限公司,food_beverage_006_029,纸包装,BELONGS_TO_IND_NODE,2026-07-28,,联网搜索
327415,内蒙古河套酒业集团股份有限公司,food_beverage_001_001,白酒,BELONGS_TO_IND_NODE,2026-07-28,,联网搜索
2973871,广东恒泽科技股份有限公司,food_beverage_006_029,纸包装,BELONGS_TO_IND_NODE,2026-07-28,,联网搜索
863083,深圳王子新材料股份有限公司,food_beverage_006_030,塑料包装,BELONGS_TO_IND_NODE,2026-07-28,,联网搜索
1885935,东莞市厚威包装科技股份有限公司,food_beverage_006_029,纸包装,BELONGS_TO_IND_NODE,2026-07-28,,联网搜索
2169672,上海艾录包装股份有限公司,food_beverage_006_029,纸包装,BELONGS_TO_IND_NODE,2026-07-28,,联网搜索
317330,河南省宋河酒业股份有限公司,food_beverage_001_001,白酒,BELONGS_TO_IND_NODE,2026-07-28,,联网搜索
9770980,中宝新材集团有限公司,food_beverage_006_030,塑料包装,BELONGS_TO_IND_NODE,2026-07-28,,联网搜索
776548,纷美包装有限公司,food_beverage_006_029,纸包装,BELONGS_TO_IND_NODE,2026-07-28,,联网搜索
776548,纷美包装有限公司,food_beverage_006_036,无菌纸基复合包,BELONGS_TO_IND_NODE,2026-07-28,,联网搜索
349773,香港生力啤酒厂有限公司,food_beverage_001_002,啤酒,BELONGS_TO_IND_NODE,2026-07-28,,联网搜索
3325718,山东新巨丰科技包装股份有限公司,food_beverage_006_029,纸包装,BELONGS_TO_IND_NODE,2026-07-28,,联网搜索
3325718,山东新巨丰科技包装股份有限公司,food_beverage_006_036,无菌纸基复合包,BELONGS_TO_IND_NODE,2026-07-28,,联网搜索
3357867,东骏控股有限公司,food_beverage_006_029,纸包装,BELONGS_TO_IND_NODE,2026-07-28,,联网搜索
4688192,国际济丰包装集团,food_beverage_006_029,纸包装,BELONGS_TO_IND_NODE,2026-07-28,,联网搜索
863384,昇兴集团股份有限公司,food_beverage_006_032,金属包装,BELONGS_TO_IND_NODE,2026-07-28,,联网搜索
362849,华瑞凤泉包装控股有限公司,food_beverage_006_032,金属包装,BELONGS_TO_IND_NODE,2026-07-28,,联网搜索
2811615,冠均国际控股有限公司,food_beverage_006_029,纸包装,BELONGS_TO_IND_NODE,2026-07-28,,联网搜索
10339126,珍酒李渡集团有限公司,food_beverage_001_001,白酒,BELONGS_TO_IND_NODE,2026-07-28,,联网搜索
2924106,浙江比例聚合科技股份有限公司,food_beverage_006_030,塑料包装,BELONGS_TO_IND_NODE,2026-07-28,,联网搜索
2882648,福建南王环保科技股份有限公司,food_beverage_006_029,纸包装,BELONGS_TO_IND_NODE,2026-07-28,,联网搜索
2844519,嘉兴市豪能科技股份有限公司,food_beverage_006_029,纸包装,BELONGS_TO_IND_NODE,2026-07-28,,联网搜索
6347789,合肥华清高科表面技术股份有限公司,food_beverage_006_032,金属包装,BELONGS_TO_IND_NODE,2026-07-28,,联网搜索
1071396,贵州国台数智酒业集团股份有限公司,food_beverage_001_001,白酒,BELONGS_TO_IND_NODE,2026-07-28,,联网搜索
838030,青海天佑德科技投资管理集团有限公司,food_beverage_001_001,白酒,BELONGS_TO_IND_NODE,2026-07-28,,联网搜索
8294852,广东高义包装科技股份有限公司,food_beverage_006_029,纸包装,BELONGS_TO_IND_NODE,2026-07-28,,联网搜索
2067490,今世缘集团有限公司,food_beverage_001_001,白酒,BELONGS_TO_IND_NODE,2026-07-28,,联网搜索
337706,陕西西凤酒股份有限公司,food_beverage_001_001,白酒,BELONGS_TO_IND_NODE,2026-07-28,,联网搜索
862571,江苏今世缘酒业股份有限公司,food_beverage_001_001,白酒,BELONGS_TO_IND_NODE,2026-07-28,,联网搜索
1999224,无锡市兴港包装股份有限公司,food_beverage_006_029,纸包装,BELONGS_TO_IND_NODE,2026-07-28,,联网搜索
2869168,衡水市建设投资集团有限公司,food_beverage_001_001,白酒,BELONGS_TO_IND_NODE,2026-07-28,,联网搜索
2873421,安徽集友新材料股份有限公司,food_beverage_006_029,纸包装,BELONGS_TO_IND_NODE,2026-07-28,,联网搜索
1122457,广东新宏泽包装股份有限公司,food_beverage_006_029,纸包装,BELONGS_TO_IND_NODE,2026-07-28,,联网搜索
285392,贵州茅台酒股份有限公司,food_beverage_001_001,白酒,BELONGS_TO_IND_NODE,2026-07-28,,联网搜索
6945828,浙江庞度环保科技股份有限公司,food_beverage_006_029,纸包装,BELONGS_TO_IND_NODE,2026-07-28,,联网搜索
378389,湖北黄山头酒业有限公司,food_beverage_001_001,白酒,BELONGS_TO_IND_NODE,2026-07-28,,联网搜索
2868906,济南红霖实业股份有限公司,food_beverage_006_029,纸包装,BELONGS_TO_IND_NODE,2026-07-28,,联网搜索
610852,鸿兴印刷集团有限公司,food_beverage_006_029,纸包装,BELONGS_TO_IND_NODE,2026-07-28,,联网搜索
1934411,华禧控股有限公司,food_beverage_006_029,纸包装,BELONGS_TO_IND_NODE,2026-07-28,,联网搜索
2870955,郑州华英包装股份有限公司,food_beverage_006_029,纸包装,BELONGS_TO_IND_NODE,2026-07-28,,联网搜索
2843834,昆山多宾陈列展示股份有限公司,food_beverage_006_029,纸包装,BELONGS_TO_IND_NODE,2026-07-28,,联网搜索
2849610,港娱国际控股有限公司,food_beverage_006_032,金属包装,BELONGS_TO_IND_NODE,2026-07-28,,联网搜索
6920735,百威亚太控股有限公司,food_beverage_001_003,工业啤酒,BELONGS_TO_IND_NODE,2026-07-28,,联网搜索
286334,酒鬼酒股份有限公司,food_beverage_001_001,白酒,BELONGS_TO_IND_NODE,2026-07-28,,联网搜索
286427,上海君道酒企业发展股份有限公司,food_beverage_001_001,白酒,BELONGS_TO_IND_NODE,2026-07-28,,联网搜索
360623,美盈森集团股份有限公司,food_beverage_006_029,纸包装,BELONGS_TO_IND_NODE,2026-07-28,,联网搜索
286333,安徽古井贡酒股份有限公司,food_beverage_001_001,白酒,BELONGS_TO_IND_NODE,2026-07-28,,联网搜索
1086109,安徽口子酒业股份有限公司,food_beverage_001_001,白酒,BELONGS_TO_IND_NODE,2026-07-28,,联网搜索
311032,黄山永新股份有限公司,food_beverage_006_030,塑料包装,BELONGS_TO_IND_NODE,2026-07-28,,联网搜索
286696,福建省燕京惠泉啤酒股份有限公司,food_beverage_001_003,工业啤酒,BELONGS_TO_IND_NODE,2026-07-28,,联网搜索
286829,北京顺鑫农业股份有限公司,food_beverage_001_001,白酒,BELONGS_TO_IND_NODE,2026-07-28,,联网搜索
2121186,贵州岩博酒业有限公司,food_beverage_001_001,白酒,BELONGS_TO_IND_NODE,2026-07-28,,联网搜索
286628,宜宾五粮液股份有限公司,food_beverage_001_001,白酒,BELONGS_TO_IND_NODE,2026-07-28,,联网搜索
285790,陕西金叶科教集团股份有限公司,food_beverage_006_029,纸包装,BELONGS_TO_IND_NODE,2026-07-28,,联网搜索
290244,合丰集团控股有限公司,food_beverage_006_029,纸包装,BELONGS_TO_IND_NODE,2026-07-28,,联网搜索
286042,兰州黄河企业股份有限公司,food_beverage_001_003,工业啤酒,BELONGS_TO_IND_NODE,2026-07-28,,联网搜索
286147,河北衡水老白干酒业股份有限公司,food_beverage_001_001,白酒,BELONGS_TO_IND_NODE,2026-07-28,,联网搜索
2956391,广东丰高印刷科技股份有限公司,food_beverage_006_029,纸包装,BELONGS_TO_IND_NODE,2026-07-28,,联网搜索
303764,青岛啤酒集团有限公司,food_beverage_001_003,工业啤酒,BELONGS_TO_IND_NODE,2026-07-28,,联网搜索
8159848,安徽亚泰包装科技股份有限公司,food_beverage_006_029,纸包装,BELONGS_TO_IND_NODE,2026-07-28,,联网搜索
286492,新疆伊力特实业股份有限公司,food_beverage_001_001,白酒,BELONGS_TO_IND_NODE,2026-07-28,,联网搜索
286697,泸州老窖股份有限公司,food_beverage_001_001,白酒,BELONGS_TO_IND_NODE,2026-07-28,,联网搜索
355209,力图控股有限公司,food_beverage_006_029,纸包装,BELONGS_TO_IND_NODE,2026-07-28,,联网搜索
790451,正业国际控股有限公司,food_beverage_006_029,纸包装,BELONGS_TO_IND_NODE,2026-07-28,,联网搜索
2822260,苏州宜安诺包装科技有限公司,food_beverage_006_029,纸包装,BELONGS_TO_IND_NODE,2026-07-28,,联网搜索
1762105,金徽酒股份有限公司,food_beverage_001_001,白酒,BELONGS_TO_IND_NODE,2026-07-28,,联网搜索
2952465,宏观世纪(天津)科技股份有限公司,food_beverage_006_029,纸包装,BELONGS_TO_IND_NODE,2026-07-28,,联网搜索
3042152,嘉美食品包装(滁州)股份有限公司,food_beverage_006_032,金属包装,BELONGS_TO_IND_NODE,2026-07-28,,联网搜索
3271978,中荣印刷集团股份有限公司,food_beverage_006_029,纸包装,BELONGS_TO_IND_NODE,2026-07-28,,联网搜索
286471,珠海中富实业股份有限公司,food_beverage_006_030,塑料包装,BELONGS_TO_IND_NODE,2026-07-28,,联网搜索
3968084,昆山佳合纸制品科技股份有限公司,food_beverage_006_029,纸包装,BELONGS_TO_IND_NODE,2026-07-28,,联网搜索
285835,四川水井坊股份有限公司,food_beverage_001_001,白酒,BELONGS_TO_IND_NODE,2026-07-28,,联网搜索
3356230,汇源印刷包装科技(天津)股份有限公司,food_beverage_006_029,纸包装,BELONGS_TO_IND_NODE,2026-07-28,,联网搜索
286038,西藏发展股份有限公司,food_beverage_001_002,啤酒,BELONGS_TO_IND_NODE,2026-07-28,,联网搜索
2103735,江苏安东控股集团有限公司,food_beverage_001_001,白酒,BELONGS_TO_IND_NODE,2026-07-28,,联网搜索
2003646,深圳市柏星龙创意包装股份有限公司,food_beverage_006_029,纸包装,BELONGS_TO_IND_NODE,2026-07-28,,联网搜索
286211,甘肃皇台酒业股份有限公司,food_beverage_001_001,白酒,BELONGS_TO_IND_NODE,2026-07-28,,联网搜索
2171877,广东英联包装股份有限公司,food_beverage_006_033,铝制两片罐,BELONGS_TO_IND_NODE,2026-07-28,,联网搜索
372013,银基集团控股有限公司,food_beverage_001_001,白酒,BELONGS_TO_IND_NODE,2026-07-28,,联网搜索
304900,泸州老窖集团有限责任公司,food_beverage_001_001,白酒,BELONGS_TO_IND_NODE,2026-07-28,,联网搜索
283051,华信地产财务有限公司,food_beverage_006_030,塑料包装,BELONGS_TO_IND_NODE,2026-07-28,,联网搜索
285714,佛山华新包装股份有限公司,food_beverage_006_029,纸包装,BELONGS_TO_IND_NODE,2026-07-28,,联网搜索
286858,安徽金种子酒业股份有限公司,food_beverage_001_001,白酒,BELONGS_TO_IND_NODE,2026-07-28,,联网搜索
323685,四川沱牌舍得集团有限公司,food_beverage_001_001,白酒,BELONGS_TO_IND_NODE,2026-07-28,,联网搜索
288019,广州永新包装有限公司,food_beverage_006_030,塑料包装,BELONGS_TO_IND_NODE,2026-07-28,,联网搜索
2606678,宝艺新材料股份有限公司,food_beverage_006_029,纸包装,BELONGS_TO_IND_NODE,2026-07-28,,联网搜索
2538530,浙江特美新材料股份有限公司,food_beverage_006_029,纸包装,BELONGS_TO_IND_NODE,2026-07-28,,联网搜索
1886788,广源包装集团股份有限公司,food_beverage_006_029,纸包装,BELONGS_TO_IND_NODE,2026-07-28,,联网搜索
889593,山东泰山啤酒股份有限公司,food_beverage_001_002,啤酒,BELONGS_TO_IND_NODE,2026-07-28,,联网搜索
1124240,上海宝钢包装股份有限公司,food_beverage_006_032,金属包装,BELONGS_TO_IND_NODE,2026-07-28,,联网搜索
288111,上海紫江企业集团股份有限公司,food_beverage_006_030,塑料包装,BELONGS_TO_IND_NODE,2026-07-28,,联网搜索
2308236,安徽九华山酒业股份有限公司,food_beverage_001_001,白酒,BELONGS_TO_IND_NODE,2026-07-28,,联网搜索
286277,舍得酒业股份有限公司,food_beverage_001_001,白酒,BELONGS_TO_IND_NODE,2026-07-28,,联网搜索
1249928,四川九里春酒业集团股份有限公司,food_beverage_001_001,白酒,BELONGS_TO_IND_NODE,2026-07-28,,联网搜索
2777490,上海翔港包装科技股份有限公司,food_beverage_006_029,纸包装,BELONGS_TO_IND_NODE,2026-07-28,,联网搜索
382503,广州珠江啤酒股份有限公司,food_beverage_001_003,工业啤酒,BELONGS_TO_IND_NODE,2026-07-28,,联网搜索
286601,青岛啤酒股份有限公司,food_beverage_001_003,工业啤酒,BELONGS_TO_IND_NODE,2026-07-28,,联网搜索
323710,山西杏花村汾酒集团有限责任公司,food_beverage_001_001,白酒,BELONGS_TO_IND_NODE,2026-07-28,,联网搜索
319791,中国贵州茅台酒厂(集团)有限责任公司,food_beverage_001_001,白酒,BELONGS_TO_IND_NODE,2026-07-28,,联网搜索
288834,北京燕京啤酒集团有限公司,food_beverage_001_003,工业啤酒,BELONGS_TO_IND_NODE,2026-07-28,,联网搜索
285351,铭霖控股有限公司,food_beverage_006_030,塑料包装,BELONGS_TO_IND_NODE,2026-07-28,,联网搜索
317966,安徽古井集团有限责任公司,food_beverage_001_001,白酒,BELONGS_TO_IND_NODE,2026-07-28,,联网搜索
780911,上海顺灏新材料科技股份有限公司,food_beverage_006_029,纸包装,BELONGS_TO_IND_NODE,2026-07-28,,联网搜索
333514,万国纸业太阳白卡纸有限公司,food_beverage_006_029,纸包装,BELONGS_TO_IND_NODE,2026-07-28,,联网搜索
8322017,伟立控股有限公司,food_beverage_006_029,纸包装,BELONGS_TO_IND_NODE,2026-07-28,,联网搜索
6634454,长白山酒业集团有限公司,food_beverage_001_001,白酒,BELONGS_TO_IND_NODE,2026-07-28,,联网搜索
3390056,河南中瀛包装科技股份有限公司,food_beverage_006_029,纸包装,BELONGS_TO_IND_NODE,2026-07-28,,联网搜索
286623,重庆啤酒股份有限公司,food_beverage_001_003,工业啤酒,BELONGS_TO_IND_NODE,2026-07-28,,联网搜索
9771733,宝鸡市工业发展集团有限公司,food_beverage_001_001,白酒,BELONGS_TO_IND_NODE,2026-07-28,,联网搜索
377749,湖北宏裕新型包材股份有限公司,food_beverage_006_030,塑料包装,BELONGS_TO_IND_NODE,2026-07-28,,联网搜索
377700,江苏洋河酒厂股份有限公司,food_beverage_001_001,白酒,BELONGS_TO_IND_NODE,2026-07-28,,联网搜索
309851,厦门合兴包装印刷股份有限公司,food_beverage_006_029,纸包装,BELONGS_TO_IND_NODE,2026-07-28,,联网搜索
328283,新疆伊力特集团有限公司,food_beverage_001_001,白酒,BELONGS_TO_IND_NODE,2026-07-28,,联网搜索
269014,山东博润实业有限公司,food_beverage_001_001,白酒,BELONGS_TO_IND_NODE,2026-07-28,,联网搜索
850427,衢州东峰新材料集团股份有限公司,food_beverage_006_029,纸包装,BELONGS_TO_IND_NODE,2026-07-28,,联网搜索
370501,山东中锐产业发展股份有限公司,food_beverage_006_032,金属包装,BELONGS_TO_IND_NODE,2026-07-28,,联网搜索
1333788,山东万国太阳食品包装材料有限公司,food_beverage_006_029,纸包装,BELONGS_TO_IND_NODE,2026-07-28,,联网搜索
5121074,四川省酒业集团有限责任公司,food_beverage_001_001,白酒,BELONGS_TO_IND_NODE,2026-07-28,,联网搜索
2556848,浙江金晟环保股份有限公司,food_beverage_006_029,纸包装,BELONGS_TO_IND_NODE,2026-07-28,,联网搜索
43989519,武汉博源新材料科技集团股份有限公司,food_beverage_006_029,纸包装,BELONGS_TO_IND_NODE,2026-07-28,,联网搜索
843071,Teamway International Group Holdings Limited,food_beverage_006_029,纸包装,BELONGS_TO_IND_NODE,2026-07-28,,联网搜索
338606,华润啤酒(控股)有限公司,food_beverage_001_002,啤酒,BELONGS_TO_IND_NODE,2026-07-28,,联网搜索
1761212,中国铝罐控股有限公司,food_beverage_006_032,金属包装,BELONGS_TO_IND_NODE,2026-07-28,,联网搜索
6883051,英联金属科技(扬州)有限公司,food_beverage_006_032,金属包装,BELONGS_TO_IND_NODE,2026-07-28,,联网搜索
348222,深圳劲嘉集团股份有限公司,food_beverage_006_029,纸包装,BELONGS_TO_IND_NODE,2026-07-28,,联网搜索
2556527,福建鸿志兴股份有限公司,food_beverage_006_029,纸包装,BELONGS_TO_IND_NODE,2026-07-28,,联网搜索
2731886,厦门创业人环保科技股份有限公司,food_beverage_006_029,纸包装,BELONGS_TO_IND_NODE,2026-07-28,,联网搜索
1302726,宁波喜悦智行科技股份有限公司,food_beverage_006_030,塑料包装,BELONGS_TO_IND_NODE,2026-07-28,,联网搜索
1333934,西安环球印务股份有限公司,food_beverage_006_029,纸包装,BELONGS_TO_IND_NODE,2026-07-28,,联网搜索
1126332,贵州永吉印务股份有限公司,food_beverage_006_029,纸包装,BELONGS_TO_IND_NODE,2026-07-28,,联网搜索
2510806,上海海印环保科技股份有限公司,food_beverage_006_029,纸包装,BELONGS_TO_IND_NODE,2026-07-28,,联网搜索
2579738,厦门泉舜纸塑容器股份有限公司,food_beverage_006_029,纸包装,BELONGS_TO_IND_NODE,2026-07-28,,联网搜索
862150,奥瑞金科技股份有限公司,food_beverage_006_032,金属包装,BELONGS_TO_IND_NODE,2026-07-28,,联网搜索
1882339,泗洪光发彩印包装有限公司,food_beverage_006_029,纸包装,BELONGS_TO_IND_NODE,2026-07-28,,联网搜索
1882339,泗洪光发彩印包装有限公司,food_beverage_006_032,金属包装,BELONGS_TO_IND_NODE,2026-07-28,,联网搜索
7744119,苏州炫之彩新材料股份有限公司,food_beverage_006_029,纸包装,BELONGS_TO_IND_NODE,2026-07-28,,联网搜索
1066520,深圳市裕同包装科技股份有限公司,food_beverage_006_029,纸包装,BELONGS_TO_IND_NODE,2026-07-28,,联网搜索
1072210,湖北稻花香酒业股份有限公司,food_beverage_001_001,白酒,BELONGS_TO_IND_NODE,2026-07-28,,联网搜索
863180,宿迁产业发展集团有限公司,food_beverage_001_001,白酒,BELONGS_TO_IND_NODE,2026-07-28,,联网搜索
7937319,衡水市城市投资控股集团有限公司,food_beverage_001_001,白酒,BELONGS_TO_IND_NODE,2026-07-28,,联网搜索
2786388,浙江久灵早教用品科技股份有限公司,food_beverage_006_030,塑料包装,BELONGS_TO_IND_NODE,2026-07-28,,联网搜索
1069255,安徽迎驾贡酒股份有限公司,food_beverage_001_001,白酒,BELONGS_TO_IND_NODE,2026-07-28,,联网搜索
2108763,嘉耀控股有限公司,food_beverage_006_029,纸包装,BELONGS_TO_IND_NODE,2026-07-28,,联网搜索
1715671,广东金冠科技股份有限公司,food_beverage_006_029,纸包装,BELONGS_TO_IND_NODE,2026-07-28,,联网搜索
1073197,四川大胜达中飞包装科技有限公司,food_beverage_006_029,纸包装,BELONGS_TO_IND_NODE,2026-07-28,,联网搜索
2313482,江苏利特尔绿色包装股份有限公司,food_beverage_006_030,塑料包装,BELONGS_TO_IND_NODE,2026-07-28,,联网搜索
5386577,金富科技股份有限公司,food_beverage_006_030,塑料包装,BELONGS_TO_IND_NODE,2026-07-28,,联网搜索
1248842,重庆瑞丰包装股份有限公司,food_beverage_006_029,纸包装,BELONGS_TO_IND_NODE,2026-07-28,,联网搜索
8077030,天津艺虹智能包装科技股份有限公司,food_beverage_006_029,纸包装,BELONGS_TO_IND_NODE,2026-07-28,,联网搜索
1107228,山东扳倒井股份有限公司,food_beverage_001_001,白酒,BELONGS_TO_IND_NODE,2026-07-28,,联网搜索
1703057,浙江茗皇天然食品开发股份有限公司,food_beverage_006_016,茶叶萃取原料,BELONGS_TO_IND_NODE,2026-07-28,,联网搜索
2786586,杭州郝姆斯食品有限公司,food_beverage_004_002,坚果炒货,BELONGS_TO_IND_NODE,2026-07-28,,联网搜索
2445867,中酒时代酒业(北京)有限公司,food_beverage_007_001,线下现代渠道,BELONGS_TO_IND_NODE,2026-07-28,,联网搜索
1112384,山东三星集团有限公司,food_beverage_006_005,油料作物,BELONGS_TO_IND_NODE,2026-07-28,,联网搜索
7642676,苏州市味知香食品股份有限公司,food_beverage_005_008,预制菜与餐食加工,BELONGS_TO_IND_NODE,2026-07-28,,联网搜索
1689780,广西洋浦南华糖业集团股份有限公司,food_beverage_006_007,糖料作物,BELONGS_TO_IND_NODE,2026-07-28,,联网搜索
1165145,宁夏塞尚金河科技有限公司,food_beverage_002_012,乳制品制造,BELONGS_TO_IND_NODE,2026-07-28,,联网搜索
4183130,宾仕国际控股有限公司,food_beverage_004_001,休闲食品制造,BELONGS_TO_IND_NODE,2026-07-28,,联网搜索
2139470,封开县公有资产发展有限公司,food_beverage_005_005,肉制品加工,BELONGS_TO_IND_NODE,2026-07-28,,联网搜索
1196025,上海合印科技股份有限公司,food_beverage_006_028,包装材料,BELONGS_TO_IND_NODE,2026-07-28,,联网搜索
2538092,哈尔滨秋林饮料科技股份有限公司,food_beverage_002_002,碳酸饮料,BELONGS_TO_IND_NODE,2026-07-28,,联网搜索
6356712,湖南省衡缘物流有限公司,food_beverage_007_015,冷链仓储,BELONGS_TO_IND_NODE,2026-07-28,,联网搜索
286615,海南椰岛(集团)股份有限公司,food_beverage_001_001,白酒,BELONGS_TO_IND_NODE,2026-07-28,,联网搜索
1069571,祖名豆制品集团股份有限公司,food_beverage_002_010,豆奶与豆浆饮料,BELONGS_TO_IND_NODE,2026-07-28,,联网搜索
1302112,重庆风平集团股份有限公司,food_beverage_007_015,冷链仓储,BELONGS_TO_IND_NODE,2026-07-28,,联网搜索
1355666,上海顺风餐饮集团股份有限公司,food_beverage_007_005,餐饮与团餐渠道,BELONGS_TO_IND_NODE,2026-07-28,,联网搜索
1128075,江苏苏北粮油股份有限公司,food_beverage_006_002,粮食作物,BELONGS_TO_IND_NODE,2026-07-28,,联网搜索
2075017,诺誓(北京)商业股份有限公司,food_beverage_007_001,线下现代渠道,BELONGS_TO_IND_NODE,2026-07-28,,联网搜索
1335618,河南金丹乳酸科技股份有限公司,food_beverage_006_018,甜味剂,BELONGS_TO_IND_NODE,2026-07-28,,联网搜索
3045138,上海优壹电子商务有限公司,food_beverage_007_006,线上电商渠道,BELONGS_TO_IND_NODE,2026-07-28,,联网搜索
1231812,香港科技探索有限公司,food_beverage_007_006,线上电商渠道,BELONGS_TO_IND_NODE,2026-07-28,,联网搜索
1300326,上海易果电子商务有限公司,food_beverage_007_006,线上电商渠道,BELONGS_TO_IND_NODE,2026-07-28,,联网搜索
286194,烟台张裕葡萄酿酒股份有限公司,food_beverage_001_007,葡萄酒,BELONGS_TO_IND_NODE,2026-07-28,,联网搜索
817742,佳沃食品股份有限公司,food_beverage_006_010,水产品,BELONGS_TO_IND_NODE,2026-07-28,,联网搜索
1699369,湖北华丽食品股份有限公司,food_beverage_006_013,果蔬原料,BELONGS_TO_IND_NODE,2026-07-28,,联网搜索
286766,中基健康产业股份有限公司,food_beverage_006_013,果蔬原料,BELONGS_TO_IND_NODE,2026-07-28,,联网搜索
286649,中信尼雅葡萄酒股份有限公司,food_beverage_001_007,葡萄酒,BELONGS_TO_IND_NODE,2026-07-28,,联网搜索
286421,福建东百集团股份有限公司,food_beverage_007_002,商超卖场,BELONGS_TO_IND_NODE,2026-07-28,,联网搜索
2290347,北京鲜生活电子商务有限公司,food_beverage_007_008,即时零售,BELONGS_TO_IND_NODE,2026-07-28,,联网搜索
338608,有赞科技有限公司,food_beverage_007_006,线上电商渠道,BELONGS_TO_IND_NODE,2026-07-28,,联网搜索
1334573,内蒙古塞飞亚农业科技发展股份有限公司,food_beverage_005_005,肉制品加工,BELONGS_TO_IND_NODE,2026-07-28,,联网搜索
1179956,利和味道(青岛)食品产业股份有限公司,food_beverage_003_010,餐饮定制调味料,BELONGS_TO_IND_NODE,2026-07-28,,联网搜索
4580063,黑龙江蓝海生物蛋白股份公司,food_beverage_006_006,大豆及蛋白粕,BELONGS_TO_IND_NODE,2026-07-28,,联网搜索
1124826,抚顺独凤轩骨神生物技术股份有限公司,food_beverage_003_013,味精与鸡精,BELONGS_TO_IND_NODE,2026-07-28,,联网搜索
1246095,重庆四平塑料包装股份有限公司,food_beverage_006_030,塑料包装,BELONGS_TO_IND_NODE,2026-07-28,,联网搜索
285833,安琪酵母股份有限公司,food_beverage_006_027,烘焙酵母,BELONGS_TO_IND_NODE,2026-07-28,,联网搜索
1115014,湖北均瑶大健康饮品股份有限公司,food_beverage_002_011,含乳饮料,BELONGS_TO_IND_NODE,2026-07-28,,联网搜索
1703077,内蒙古小尾羊餐饮连锁股份有限公司,food_beverage_007_005,餐饮与团餐渠道,BELONGS_TO_IND_NODE,2026-07-28,,联网搜索
1079866,金银岛(宁夏)网络科技股份有限公司,food_beverage_007_006,线上电商渠道,BELONGS_TO_IND_NODE,2026-07-28,,联网搜索
286536,北京华联商厦股份有限公司,food_beverage_007_001,线下现代渠道,BELONGS_TO_IND_NODE,2026-07-28,,联网搜索
474215,金字火腿股份有限公司,food_beverage_005_006,熟肉制品加工,BELONGS_TO_IND_NODE,2026-07-28,,联网搜索
4944969,金磨坊食品股份有限公司,food_beverage_004_003,卤味与肉类零食,BELONGS_TO_IND_NODE,2026-07-28,,联网搜索
475183,湖南胜景干黄酒业股份有限公司,food_beverage_001_008,黄酒,BELONGS_TO_IND_NODE,2026-07-28,,联网搜索
9803784,正味集团控股有限公司,food_beverage_004_001,休闲食品制造,BELONGS_TO_IND_NODE,2026-07-28,,联网搜索
889812,良品铺子股份有限公司,food_beverage_004_001,休闲食品制造,BELONGS_TO_IND_NODE,2026-07-28,,联网搜索
286535,深圳市农产品集团股份有限公司,food_beverage_007_001,线下现代渠道,BELONGS_TO_IND_NODE,2026-07-28,,联网搜索
1249494,四川好彩头实业股份有限公司,food_beverage_002_011,含乳饮料,BELONGS_TO_IND_NODE,2026-07-28,,联网搜索
295191,步步高商业连锁股份有限公司,food_beverage_007_002,商超卖场,BELONGS_TO_IND_NODE,2026-07-28,,联网搜索
4944844,厦门快乐番薯股份有限公司,food_beverage_002_003,茶饮料,BELONGS_TO_IND_NODE,2026-07-28,,联网搜索
1737662,北京九润源电子商务有限公司,food_beverage_007_006,线上电商渠道,BELONGS_TO_IND_NODE,2026-07-28,,联网搜索
295576,国投中鲁果汁股份有限公司,food_beverage_006_014,果蔬汁原料,BELONGS_TO_IND_NODE,2026-07-28,,联网搜索
2166912,阿里巴巴集团控股有限公司,food_beverage_007_006,线上电商渠道,BELONGS_TO_IND_NODE,2026-07-28,,联网搜索
8299417,友和集团控股有限公司,food_beverage_007_006,线上电商渠道,BELONGS_TO_IND_NODE,2026-07-28,,联网搜索
4935467,厦门燕之屋燕窝产业股份有限公司,food_beverage_005_011,保健食品制造,BELONGS_TO_IND_NODE,2026-07-28,,联网搜索
4938880,东营正宜包装股份有限公司,food_beverage_006_028,包装材料,BELONGS_TO_IND_NODE,2026-07-28,,联网搜索
7924388,福禄控股有限公司,food_beverage_007_006,线上电商渠道,BELONGS_TO_IND_NODE,2026-07-28,,联网搜索
6489617,北京顺义商业集团有限公司,food_beverage_007_002,商超卖场,BELONGS_TO_IND_NODE,2026-07-28,,联网搜索
4934987,齐屹科技(开曼)有限公司,food_beverage_007_006,线上电商渠道,BELONGS_TO_IND_NODE,2026-07-28,,联网搜索
1760549,潍坊金正食品股份有限公司,food_beverage_005_005,肉制品加工,BELONGS_TO_IND_NODE,2026-07-28,,联网搜索
4792268,舟山泰和食品股份有限公司,food_beverage_005_010,料理包与半成品菜,BELONGS_TO_IND_NODE,2026-07-28,,联网搜索
342240,广东明珠珍珠红酒业有限公司,food_beverage_001_008,黄酒,BELONGS_TO_IND_NODE,2026-07-28,,联网搜索
858538,四川海底捞餐饮股份有限公司,food_beverage_007_005,餐饮与团餐渠道,BELONGS_TO_IND_NODE,2026-07-28,,联网搜索
774085,湖北福星生物科技有限公司,food_beverage_006_018,甜味剂,BELONGS_TO_IND_NODE,2026-07-28,,联网搜索
4960886,海底捞国际控股有限公司,food_beverage_007_005,餐饮与团餐渠道,BELONGS_TO_IND_NODE,2026-07-28,,联网搜索
2956726,苏州永联天天鲜配送股份有限公司,food_beverage_007_002,商超卖场,BELONGS_TO_IND_NODE,2026-07-28,,联网搜索
9832658,山东天骄生物技术股份有限公司,food_beverage_006_025,营养强化剂,BELONGS_TO_IND_NODE,2026-07-28,,联网搜索
767607,合肥华泰集团股份有限公司,food_beverage_004_002,坚果炒货,BELONGS_TO_IND_NODE,2026-07-28,,联网搜索
351853,环科国际集团有限公司,food_beverage_007_005,餐饮与团餐渠道,BELONGS_TO_IND_NODE,2026-07-28,,联网搜索
351853,环科国际集团有限公司,food_beverage_007_011,餐饮消费,BELONGS_TO_IND_NODE,2026-07-28,,联网搜索
286516,南京中央商场(集团)股份有限公司,food_beverage_007_002,商超卖场,BELONGS_TO_IND_NODE,2026-07-28,,联网搜索
7860093,环球友饮智能控股有限公司,food_beverage_007_005,餐饮与团餐渠道,BELONGS_TO_IND_NODE,2026-07-28,,联网搜索
7860093,环球友饮智能控股有限公司,food_beverage_007_011,餐饮消费,BELONGS_TO_IND_NODE,2026-07-28,,联网搜索
640529,黑龙江宾西集团股份有限公司,food_beverage_005_006,熟肉制品加工,BELONGS_TO_IND_NODE,2026-07-28,,联网搜索
4948898,河北双鸽食品集团股份有限公司,food_beverage_005_012,高温肉制品,BELONGS_TO_IND_NODE,2026-07-28,,联网搜索
365232,供销大集集团股份有限公司,food_beverage_007_002,商超卖场,BELONGS_TO_IND_NODE,2026-07-28,,联网搜索
805784,百福控股有限公司,food_beverage_007_005,餐饮与团餐渠道,BELONGS_TO_IND_NODE,2026-07-28,,联网搜索
363332,上海徐家汇商城股份有限公司,food_beverage_007_002,商超卖场,BELONGS_TO_IND_NODE,2026-07-28,,联网搜索
286241,光明乳业股份有限公司,food_beverage_002_013,常温液态奶,BELONGS_TO_IND_NODE,2026-07-28,,联网搜索
286241,光明乳业股份有限公司,food_beverage_002_015,低温乳制品,BELONGS_TO_IND_NODE,2026-07-28,,联网搜索
4227017,江苏宏信超市连锁股份有限公司,food_beverage_007_002,商超卖场,BELONGS_TO_IND_NODE,2026-07-28,,联网搜索
1068963,盛丰物流集团有限公司,food_beverage_007_018,冷链运输,BELONGS_TO_IND_NODE,2026-07-28,,联网搜索
299621,浙江华康药业股份有限公司,food_beverage_006_018,甜味剂,BELONGS_TO_IND_NODE,2026-07-28,,联网搜索
483771,江苏文峰集团有限公司,food_beverage_007_002,商超卖场,BELONGS_TO_IND_NODE,2026-07-28,,联网搜索
4177013,上海咖嘉电子商务有限公司,food_beverage_007_006,线上电商渠道,BELONGS_TO_IND_NODE,2026-07-28,,联网搜索
1164984,湖南金霞粮食产业有限公司,food_beverage_002,乳品与非酒精饮料制造,BELONGS_TO_IND_NODE,2026-07-28,,联网搜索
2013945,京东集团股份有限公司,food_beverage_007_006,线上电商渠道,BELONGS_TO_IND_NODE,2026-07-28,,联网搜索
832159,广东生和堂健康食品股份有限公司,food_beverage_004_009,蜜饯果冻,BELONGS_TO_IND_NODE,2026-07-28,,联网搜索
6919793,久久王食品国际有限公司,food_beverage_004_007,糖果巧克力,BELONGS_TO_IND_NODE,2026-07-28,,联网搜索
1165141,白象食品股份有限公司,food_beverage_005_014,方便面与冲泡食品,BELONGS_TO_IND_NODE,2026-07-28,,联网搜索
2308223,长春市朱老六食品股份有限公司,food_beverage_003_005,豆瓣酱与腐乳,BELONGS_TO_IND_NODE,2026-07-28,,联网搜索
2505027,北京酥儿胡同科技发展股份有限公司,food_beverage_004_004,烘焙食品制造,BELONGS_TO_IND_NODE,2026-07-28,,联网搜索
1907737,上海米源饮料有限公司,food_beverage_002_001,包装饮用水,BELONGS_TO_IND_NODE,2026-07-28,,联网搜索
869072,谷神生物科技集团有限公司,food_beverage_006_006,大豆及蛋白粕,BELONGS_TO_IND_NODE,2026-07-28,,联网搜索
2556355,宁夏法塞特农业科技股份有限公司,food_beverage_001_007,葡萄酒,BELONGS_TO_IND_NODE,2026-07-28,,联网搜索
5028274,北京越盛腾电子商务股份有限公司,food_beverage_007_006,线上电商渠道,BELONGS_TO_IND_NODE,2026-07-28,,联网搜索
4949364,北京乐纯悠品食品科技有限公司,food_beverage_002_015,低温乳制品,BELONGS_TO_IND_NODE,2026-07-28,,联网搜索
549844,麦德龙商业集团有限公司,food_beverage_007_002,商超卖场,BELONGS_TO_IND_NODE,2026-07-28,,联网搜索
640863,郑州思念食品有限公司,food_beverage_005_002,速冻米面食品,BELONGS_TO_IND_NODE,2026-07-28,,联网搜索
2869794,江苏鸿轩生态农业有限公司,food_beverage_006_009,畜禽产品,BELONGS_TO_IND_NODE,2026-07-28,,联网搜索
280091,传化智联股份有限公司,food_beverage_007_013,冷链物流与仓储,BELONGS_TO_IND_NODE,2026-07-28,,联网搜索
757279,光明食品(集团)有限公司,food_beverage_002_012,乳制品制造,BELONGS_TO_IND_NODE,2026-07-28,,联网搜索
757279,光明食品(集团)有限公司,food_beverage_003_003,酱油,BELONGS_TO_IND_NODE,2026-07-28,,联网搜索
757279,光明食品(集团)有限公司,food_beverage_005_005,肉制品加工,BELONGS_TO_IND_NODE,2026-07-28,,联网搜索
803441,安徽金禾实业股份有限公司,food_beverage_006_018,甜味剂,BELONGS_TO_IND_NODE,2026-07-28,,联网搜索
2445142,杭州碧橙数字技术股份有限公司,food_beverage_007_006,线上电商渠道,BELONGS_TO_IND_NODE,2026-07-28,,联网搜索
522928,上海申丝企业发展有限公司,food_beverage_007_013,冷链物流与仓储,BELONGS_TO_IND_NODE,2026-07-28,,联网搜索
4193349,远成物流股份有限公司,food_beverage_007_015,冷链仓储,BELONGS_TO_IND_NODE,2026-07-28,,联网搜索
1126223,安吉智行物流有限公司,food_beverage_007_013,冷链物流与仓储,BELONGS_TO_IND_NODE,2026-07-28,,联网搜索
873238,知我天成科技(北京)股份有限公司,food_beverage_007_006,线上电商渠道,BELONGS_TO_IND_NODE,2026-07-28,,联网搜索
1751449,北京国联视讯信息技术股份有限公司,food_beverage_007_006,线上电商渠道,BELONGS_TO_IND_NODE,2026-07-28,,联网搜索
872229,北京京东世纪贸易有限公司,food_beverage_007_006,线上电商渠道,BELONGS_TO_IND_NODE,2026-07-28,,联网搜索
2539860,深圳百果园实业(集团)股份有限公司,food_beverage_007_003,便利店与折扣店,BELONGS_TO_IND_NODE,2026-07-28,,联网搜索
1922697,大连港毅都冷链有限公司,food_beverage_007_015,冷链仓储,BELONGS_TO_IND_NODE,2026-07-28,,联网搜索
2212238,绝味食品股份有限公司,food_beverage_004_003,卤味与肉类零食,BELONGS_TO_IND_NODE,2026-07-28,,联网搜索
885574,上海郑明现代物流有限公司,food_beverage_007_018,冷链运输,BELONGS_TO_IND_NODE,2026-07-28,,联网搜索
349567,桂林莱茵生物科技股份有限公司,food_beverage_006_018,甜味剂,BELONGS_TO_IND_NODE,2026-07-28,,联网搜索
4813229,山西牧标牛业股份有限公司,food_beverage_005_005,肉制品加工,BELONGS_TO_IND_NODE,2026-07-28,,联网搜索
6493485,北京很久以前餐饮管理有限公司,food_beverage_007_005,餐饮与团餐渠道,BELONGS_TO_IND_NODE,2026-07-28,,联网搜索
299286,永旺(香港)百货有限公司,food_beverage_007_002,商超卖场,BELONGS_TO_IND_NODE,2026-07-28,,联网搜索
2027030,广州志鸿物流有限公司,food_beverage_007_018,冷链运输,BELONGS_TO_IND_NODE,2026-07-28,,联网搜索
1284943,上海宝珠餐饮有限公司,food_beverage_007_005,餐饮与团餐渠道,BELONGS_TO_IND_NODE,2026-07-28,,联网搜索
5111959,亚洲速运物流控股有限公司,food_beverage_007_015,冷链仓储,BELONGS_TO_IND_NODE,2026-07-28,,联网搜索
863014,陕西秦宝牧业股份有限公司,food_beverage_005_005,肉制品加工,BELONGS_TO_IND_NODE,2026-07-28,,联网搜索
350750,海航商业控股有限公司,food_beverage_007_002,商超卖场,BELONGS_TO_IND_NODE,2026-07-28,,联网搜索
4511724,唇动食品股份有限公司,food_beverage_004_012,中长保糕点,BELONGS_TO_IND_NODE,2026-07-28,,联网搜索
2510251,辽宁北旺农牧股份公司,food_beverage_005_005,肉制品加工,BELONGS_TO_IND_NODE,2026-07-28,,联网搜索
1127427,中铁物流集团有限公司,food_beverage_007_018,冷链运输,BELONGS_TO_IND_NODE,2026-07-28,,联网搜索
6673729,深圳千岸科技股份有限公司,food_beverage_007_006,线上电商渠道,BELONGS_TO_IND_NODE,2026-07-28,,联网搜索
2330336,海航冷链控股股份有限公司,food_beverage_007_015,冷链仓储,BELONGS_TO_IND_NODE,2026-07-28,,联网搜索
6428924,武汉楼兰蜜语生态果业有限公司,food_beverage_004_002,坚果炒货,BELONGS_TO_IND_NODE,2026-07-28,,联网搜索
562759,新疆友好(集团)股份有限公司,food_beverage_007_002,商超卖场,BELONGS_TO_IND_NODE,2026-07-28,,联网搜索
3368322,熊猫精酿(青岛)酒业有限公司,food_beverage_001_004,精酿啤酒,BELONGS_TO_IND_NODE,2026-07-28,,联网搜索
1863645,上海城市超市有限公司,food_beverage_007_002,商超卖场,BELONGS_TO_IND_NODE,2026-07-28,,联网搜索
1272761,多美滋婴幼儿食品有限公司,food_beverage_002_016,奶粉与干乳制品,BELONGS_TO_IND_NODE,2026-07-28,,联网搜索
2230794,新疆恒丰现代农业科技股份有限公司,food_beverage_006_002,粮食作物,BELONGS_TO_IND_NODE,2026-07-28,,联网搜索
6936143,临海市工业投资集团有限公司,food_beverage_005_005,肉制品加工,BELONGS_TO_IND_NODE,2026-07-28,,联网搜索
9505689,福建东西乐活科技股份有限公司,food_beverage_007_003,便利店与折扣店,BELONGS_TO_IND_NODE,2026-07-28,,联网搜索
1350806,远东买卖宝网络科技有限公司,food_beverage_007_006,线上电商渠道,BELONGS_TO_IND_NODE,2026-07-28,,联网搜索
2990927,星商创新技术(深圳)有限公司,food_beverage_007_006,线上电商渠道,BELONGS_TO_IND_NODE,2026-07-28,,联网搜索
2538019,山东华瑞科技服务股份有限公司,food_beverage_006_013,果蔬原料,BELONGS_TO_IND_NODE,2026-07-28,,联网搜索
2509939,宁夏沃福百瑞枸杞产业股份有限公司,food_beverage_006_015,茶叶与植物原料,BELONGS_TO_IND_NODE,2026-07-28,,联网搜索
2406109,生活概念控股有限公司,food_beverage_007_005,餐饮与团餐渠道,BELONGS_TO_IND_NODE,2026-07-28,,联网搜索
2483560,溜溜梅股份有限公司,food_beverage_004_009,蜜饯果冻,BELONGS_TO_IND_NODE,2026-07-28,,联网搜索
2475561,达利食品集团有限公司(境外),food_beverage_004_004,烘焙食品制造,BELONGS_TO_IND_NODE,2026-07-28,,联网搜索
5797328,威海紫光优健科技股份有限公司,food_beverage_005_011,保健食品制造,BELONGS_TO_IND_NODE,2026-07-28,,联网搜索
2259677,青海福来喜得生物科技股份有限公司,food_beverage_006_005,油料作物,BELONGS_TO_IND_NODE,2026-07-28,,联网搜索
2429538,华宝科技股份有限公司,food_beverage_006_020,香精香料,BELONGS_TO_IND_NODE,2026-07-28,,联网搜索
1114768,君乐宝乳业集团股份有限公司,food_beverage_002_012,乳制品制造,BELONGS_TO_IND_NODE,2026-07-28,,联网搜索
2504516,上海禾健营养食品有限公司,food_beverage_005_016,营养补充食品,BELONGS_TO_IND_NODE,2026-07-28,,联网搜索
2454883,江苏锦达保税仓储股份有限公司,food_beverage_007_017,销地冷库,BELONGS_TO_IND_NODE,2026-07-28,,联网搜索
1784328,广东绿之彩科技股份有限公司,food_beverage_006_035,复合软包装,BELONGS_TO_IND_NODE,2026-07-28,,联网搜索
3424354,江门丽宫侨宝陈皮健康产业发展股份有限公司,food_beverage_004_001,休闲食品制造,BELONGS_TO_IND_NODE,2026-07-28,,联网搜索
2175983,浙江茶乾坤食品股份有限公司,food_beverage_006_016,茶叶萃取原料,BELONGS_TO_IND_NODE,2026-07-28,,联网搜索
2501123,内蒙古宏源农牧业科技股份有限公司,food_beverage_006_009,畜禽产品,BELONGS_TO_IND_NODE,2026-07-28,,联网搜索
4215488,中特生命健康科技集团股份有限公司,food_beverage_002_012,乳制品制造,BELONGS_TO_IND_NODE,2026-07-28,,联网搜索
8258529,安能物流集团有限公司,food_beverage_007_018,冷链运输,BELONGS_TO_IND_NODE,2026-07-28,,联网搜索
1888876,万洲国际有限公司,food_beverage_005_005,肉制品加工,BELONGS_TO_IND_NODE,2026-07-28,,联网搜索
1164944,福建省闽中有机食品有限公司,food_beverage_006_013,果蔬原料,BELONGS_TO_IND_NODE,2026-07-28,,联网搜索
1155710,杭州纭毅供应链管理有限公司,food_beverage_007_015,冷链仓储,BELONGS_TO_IND_NODE,2026-07-28,,联网搜索
600610,浙江五芳斋实业股份有限公司,food_beverage_005_002,速冻米面食品,BELONGS_TO_IND_NODE,2026-07-28,,联网搜索
2544703,上海卓额实业有限公司,food_beverage_007_015,冷链仓储,BELONGS_TO_IND_NODE,2026-07-28,,联网搜索
2957557,广东安捷供应链管理股份有限公司,food_beverage_007_015,冷链仓储,BELONGS_TO_IND_NODE,2026-07-28,,联网搜索
865055,龙岩交通发展集团有限公司,food_beverage_007_018,冷链运输,BELONGS_TO_IND_NODE,2026-07-28,,联网搜索
2980280,深圳市洪堡智慧餐饮科技有限公司,food_beverage_005,肉制品与预制便捷食品制造,BELONGS_TO_IND_NODE,2026-07-28,,联网搜索
1352054,千禾味业食品股份有限公司,food_beverage_003,调味发酵品制造,BELONGS_TO_IND_NODE,2026-07-28,,联网搜索
1092896,黑龙江恒阳牛业有限责任公司,food_beverage_005,肉制品与预制便捷食品制造,BELONGS_TO_IND_NODE,2026-07-28,,联网搜索
2485385,北京明通四季科技股份有限公司,food_beverage_007_001,线下现代渠道,BELONGS_TO_IND_NODE,2026-07-28,,联网搜索
1703144,大闽食品(漳州)有限公司,food_beverage_002_003,茶饮料,BELONGS_TO_IND_NODE,2026-07-28,,联网搜索
1770417,淮安开发物流有限公司,food_beverage_007_015,冷链仓储,BELONGS_TO_IND_NODE,2026-07-28,,联网搜索
5236859,上海金广大道物流科技有限公司,food_beverage_007_018,冷链运输,BELONGS_TO_IND_NODE,2026-07-28,,联网搜索
6156896,深圳市友和道通实业有限公司,food_beverage_007_018,冷链运输,BELONGS_TO_IND_NODE,2026-07-28,,联网搜索
4228908,广州九恒条码股份有限公司,food_beverage_006_037,标签与包装耗材,BELONGS_TO_IND_NODE,2026-07-28,,联网搜索
4790114,易站绿色科技集团有限公司,food_beverage_007_005,餐饮与团餐渠道,BELONGS_TO_IND_NODE,2026-07-28,,联网搜索
4950215,味氏(广东)生物科技股份有限公司,food_beverage_006_020,香精香料,BELONGS_TO_IND_NODE,2026-07-28,,联网搜索
286144,广东广弘控股股份有限公司,food_beverage_005_005,肉制品加工,BELONGS_TO_IND_NODE,2026-07-28,,联网搜索
6555967,北京涂多多电子商务股份有限公司,food_beverage_007_006,线上电商渠道,BELONGS_TO_IND_NODE,2026-07-28,,联网搜索
1164904,和田昆仑山枣业股份有限公司,food_beverage_006_013,果蔬原料,BELONGS_TO_IND_NODE,2026-07-28,,联网搜索
2345106,承德博琳包装制品股份有限公司,food_beverage_006_029,纸包装,BELONGS_TO_IND_NODE,2026-07-28,,联网搜索
2978841,江西盛态粮食股份有限公司,food_beverage_006_002,粮食作物,BELONGS_TO_IND_NODE,2026-07-28,,联网搜索
2544608,饶河县中顺农业开发股份有限公司,food_beverage_006_002,粮食作物,BELONGS_TO_IND_NODE,2026-07-28,,联网搜索
612465,高银金融(集团)有限公司,food_beverage_001,酒类制造,BELONGS_TO_IND_NODE,2026-07-28,,联网搜索
347029,日日顺供应链科技股份有限公司,food_beverage_007_015,冷链仓储,BELONGS_TO_IND_NODE,2026-07-28,,联网搜索
347029,日日顺供应链科技股份有限公司,food_beverage_007_018,冷链运输,BELONGS_TO_IND_NODE,2026-07-28,,联网搜索
2247980,宁夏红山河食品股份有限公司,food_beverage_003_008,火锅底料,BELONGS_TO_IND_NODE,2026-07-28,,联网搜索
2168108,新飞达(山东)生物科技有限公司,food_beverage_003_006,酵母及衍生品,BELONGS_TO_IND_NODE,2026-07-28,,联网搜索
888852,福建福鼎海鸥水产食品有限公司,food_beverage_005_001,速冻食品制造,BELONGS_TO_IND_NODE,2026-07-28,,联网搜索
2216992,宁夏塞尚乳业有限公司,food_beverage_002_012,乳制品制造,BELONGS_TO_IND_NODE,2026-07-28,,联网搜索
2548858,郸城财鑫糖业有限责任公司,food_beverage_006_008,白砂糖与糖浆原料,BELONGS_TO_IND_NODE,2026-07-28,,联网搜索
1993164,辽宁五峰农业科技股份有限公司,food_beverage_006_002,粮食作物,BELONGS_TO_IND_NODE,2026-07-28,,联网搜索
3268830,上海华能电子商务有限公司,food_beverage_007_006,线上电商渠道,BELONGS_TO_IND_NODE,2026-07-28,,联网搜索
2544651,广东宏川智慧物流股份有限公司,food_beverage_007_015,冷链仓储,BELONGS_TO_IND_NODE,2026-07-28,,联网搜索
1867990,深圳市顺电连锁股份有限公司,food_beverage_007_002,商超卖场,BELONGS_TO_IND_NODE,2026-07-28,,联网搜索
874444,利群商业集团股份有限公司,food_beverage_007_002,商超卖场,BELONGS_TO_IND_NODE,2026-07-28,,联网搜索
4139142,湖州意诺茶业有限公司,food_beverage_006_016,茶叶萃取原料,BELONGS_TO_IND_NODE,2026-07-28,,联网搜索
4801637,西安每一天便利超市连锁有限公司,food_beverage_007_003,便利店与折扣店,BELONGS_TO_IND_NODE,2026-07-28,,联网搜索
2544696,湖北华鼎团膳管理股份有限公司,food_beverage_007_005,餐饮与团餐渠道,BELONGS_TO_IND_NODE,2026-07-28,,联网搜索
3336302,信良记食品科技(北京)有限公司,food_beverage_005_008,预制菜与餐食加工,BELONGS_TO_IND_NODE,2026-07-28,,联网搜索
521122,中国茶叶股份有限公司,food_beverage_006_016,茶叶萃取原料,BELONGS_TO_IND_NODE,2026-07-28,,联网搜索
2240519,盐津铺子食品股份有限公司,food_beverage_004_001,休闲食品制造,BELONGS_TO_IND_NODE,2026-07-28,,联网搜索
2978745,辽宁宝丽嘉华生物医药科技股份有限公司,food_beverage_002_002,碳酸饮料,BELONGS_TO_IND_NODE,2026-07-28,,联网搜索
2538345,江西人之初营养科技股份有限公司,food_beverage_002_016,奶粉与干乳制品,BELONGS_TO_IND_NODE,2026-07-28,,联网搜索
9419079,贵州南方乳业股份有限公司,food_beverage_002_015,低温乳制品,BELONGS_TO_IND_NODE,2026-07-28,,联网搜索
1301991,新疆百富餐饮股份有限公司,food_beverage_007_005,餐饮与团餐渠道,BELONGS_TO_IND_NODE,2026-07-28,,联网搜索
1214709,河南华丽纸业包装股份有限公司,food_beverage_006_029,纸包装,BELONGS_TO_IND_NODE,2026-07-28,,联网搜索
3384058,福州易鲜冷链物流有限公司,food_beverage_007_018,冷链运输,BELONGS_TO_IND_NODE,2026-07-28,,联网搜索
8111774,浙江丰岛食品股份有限公司,food_beverage_002_005,果汁与果蔬饮料,BELONGS_TO_IND_NODE,2026-07-28,,联网搜索
863115,麦趣尔集团股份有限公司,food_beverage_004_011,短保面包,BELONGS_TO_IND_NODE,2026-07-28,,联网搜索
2294003,中国绿宝集团有限公司,food_beverage_004_001,休闲食品制造,BELONGS_TO_IND_NODE,2026-07-28,,联网搜索
2538316,福建天线宝宝食品股份有限公司,food_beverage_004_007,糖果巧克力,BELONGS_TO_IND_NODE,2026-07-28,,联网搜索
6340736,想念食品股份有限公司,food_beverage_005_014,方便面与冲泡食品,BELONGS_TO_IND_NODE,2026-07-28,,联网搜索
3380437,捷翔饮品(上海)有限公司,food_beverage_007_005,餐饮与团餐渠道,BELONGS_TO_IND_NODE,2026-07-28,,联网搜索
2524673,广西禾美生态农业股份有限公司,food_beverage_006_013,果蔬原料,BELONGS_TO_IND_NODE,2026-07-28,,联网搜索
2990755,北京新东安有限公司,food_beverage_007_002,商超卖场,BELONGS_TO_IND_NODE,2026-07-28,,联网搜索
2957635,北京幸运时间餐饮文化股份有限公司,food_beverage_007_011,餐饮消费,BELONGS_TO_IND_NODE,2026-07-28,,联网搜索
4180481,上海锐舒电子商务有限公司,food_beverage_007_006,线上电商渠道,BELONGS_TO_IND_NODE,2026-07-28,,联网搜索
2978520,山东味正品康食品科技有限公司,food_beverage_003_002,复合调味料,BELONGS_TO_IND_NODE,2026-07-28,,联网搜索
8192814,奈雪的茶控股有限公司,food_beverage_007_011,餐饮消费,BELONGS_TO_IND_NODE,2026-07-28,,联网搜索
2307824,江苏康能生物工程股份有限公司,food_beverage_006_015,茶叶与植物原料,BELONGS_TO_IND_NODE,2026-07-28,,联网搜索
1925385,甘肃国芳工贸(集团)股份有限公司,food_beverage_007_002,商超卖场,BELONGS_TO_IND_NODE,2026-07-28,,联网搜索
2993921,广东宝信环球家居股份有限公司,food_beverage_007_001,线下现代渠道,BELONGS_TO_IND_NODE,2026-07-28,,联网搜索
2109788,安徽雪郎生物科技股份有限公司,food_beverage_006_018,甜味剂,BELONGS_TO_IND_NODE,2026-07-28,,联网搜索
1146212,青岛蔚蓝生物股份有限公司,food_beverage_006_017,食品添加剂与配料,BELONGS_TO_IND_NODE,2026-07-28,,联网搜索
2388747,福建康之味食品工业有限公司,food_beverage_002_008,电解质饮料,BELONGS_TO_IND_NODE,2026-07-28,,联网搜索
2182742,江西杨氏果业股份有限公司,food_beverage_006_013,果蔬原料,BELONGS_TO_IND_NODE,2026-07-28,,联网搜索
4217909,南侨食品集团(上海)股份有限公司,food_beverage_004_004,烘焙食品制造,BELONGS_TO_IND_NODE,2026-07-28,,联网搜索
2988806,汉诺佳池控股有限公司,food_beverage_007_005,餐饮与团餐渠道,BELONGS_TO_IND_NODE,2026-07-28,,联网搜索
7450403,荣庆物流供应链有限公司,food_beverage_007_013,冷链物流与仓储,BELONGS_TO_IND_NODE,2026-07-28,,联网搜索
4950191,新畅月医疗控股(甘肃)股份有限公司,food_beverage_003,调味发酵品制造,BELONGS_TO_IND_NODE,2026-07-28,,联网搜索
2957636,安徽荷金来农业发展股份有限公司,food_beverage_005_005,肉制品加工,BELONGS_TO_IND_NODE,2026-07-28,,联网搜索
2139581,海丰县投资控股集团有限公司,food_beverage_005_005,肉制品加工,BELONGS_TO_IND_NODE,2026-07-28,,联网搜索
286305,武商集团股份有限公司,food_beverage_007_002,商超卖场,BELONGS_TO_IND_NODE,2026-07-28,,联网搜索
2347304,田野创新股份有限公司,food_beverage_006_014,果蔬汁原料,BELONGS_TO_IND_NODE,2026-07-28,,联网搜索
1689859,日照市凌云海糖业集团有限公司,food_beverage_006_008,白砂糖与糖浆原料,BELONGS_TO_IND_NODE,2026-07-28,,联网搜索
1356696,广州立达尔生物科技股份有限公司,food_beverage_006_017,食品添加剂与配料,BELONGS_TO_IND_NODE,2026-07-28,,联网搜索
6644193,重庆猫宁电子商务有限公司,food_beverage_007_006,线上电商渠道,BELONGS_TO_IND_NODE,2026-07-28,,联网搜索
1744020,深圳市金谷园实业发展有限公司,food_beverage_007_005,餐饮与团餐渠道,BELONGS_TO_IND_NODE,2026-07-28,,联网搜索
2978800,湖北仕外田源网商股份有限公司,food_beverage_006_013,果蔬原料,BELONGS_TO_IND_NODE,2026-07-28,,联网搜索
2978811,东莞市华源包装股份有限公司,food_beverage_006_035,复合软包装,BELONGS_TO_IND_NODE,2026-07-28,,联网搜索
9825127,特海国际控股有限公司,food_beverage_007_005,餐饮与团餐渠道,BELONGS_TO_IND_NODE,2026-07-28,,联网搜索
1147796,安徽老乡鸡餐饮有限公司,food_beverage_007_005,餐饮与团餐渠道,BELONGS_TO_IND_NODE,2026-07-28,,联网搜索
95573541,华润饮料(控股)有限公司,food_beverage_002_001,包装饮用水,BELONGS_TO_IND_NODE,2026-07-28,,联网搜索
3036698,浙江沐家家居股份有限公司,food_beverage_007_001,线下现代渠道,BELONGS_TO_IND_NODE,2026-07-28,,联网搜索
5048132,认养一头牛控股集团股份有限公司,food_beverage_002_013,常温液态奶,BELONGS_TO_IND_NODE,2026-07-28,,联网搜索
2978440,苏州宇信特殊包装股份有限公司,food_beverage_006_035,复合软包装,BELONGS_TO_IND_NODE,2026-07-28,,联网搜索
2116495,武汉九生堂生物科技股份有限公司,food_beverage_005_011,保健食品制造,BELONGS_TO_IND_NODE,2026-07-28,,联网搜索
1127327,河南金誉包装科技有限公司,food_beverage_006_028,包装材料,BELONGS_TO_IND_NODE,2026-07-28,,联网搜索
3269168,中山中健环保包装有限公司,food_beverage_006_028,包装材料,BELONGS_TO_IND_NODE,2026-07-28,,联网搜索
1257137,河南中鹤纯净粉业有限公司,food_beverage_006_003,制粉用小麦,BELONGS_TO_IND_NODE,2026-07-28,,联网搜索
354523,芜湖信合科技有限公司,food_beverage_007_018,冷链运输,BELONGS_TO_IND_NODE,2026-07-28,,联网搜索
2978760,山东万泽冷链股份有限公司,food_beverage_007_015,冷链仓储,BELONGS_TO_IND_NODE,2026-07-28,,联网搜索
777331,北京首农股份有限公司,food_beverage_005_005,肉制品加工,BELONGS_TO_IND_NODE,2026-07-28,,联网搜索
2312154,上海中道糖业有限公司,food_beverage_006_008,白砂糖与糖浆原料,BELONGS_TO_IND_NODE,2026-07-28,,联网搜索
2814299,天大文化控股(中国)股份有限公司,food_beverage_006_028,包装材料,BELONGS_TO_IND_NODE,2026-07-28,,联网搜索
5242203,上海易友通科技发展有限公司,food_beverage_007_013,冷链物流与仓储,BELONGS_TO_IND_NODE,2026-07-28,,联网搜索
2799990,浙江金海蕴生物股份有限公司,food_beverage_005_005,肉制品加工,BELONGS_TO_IND_NODE,2026-07-28,,联网搜索
338701,鲜驰达控股集团有限公司,food_beverage_005_001,速冻食品制造,BELONGS_TO_IND_NODE,2026-07-28,,联网搜索
863104,上海奕方农业科技有限公司,food_beverage_006_013,果蔬原料,BELONGS_TO_IND_NODE,2026-07-28,,联网搜索
2173448,壹玖壹玖酒类平台科技股份有限公司,food_beverage_007_001,线下现代渠道,BELONGS_TO_IND_NODE,2026-07-28,,联网搜索
2241565,大连凯洋世界海鲜股份有限公司,food_beverage_006_010,水产品,BELONGS_TO_IND_NODE,2026-07-28,,联网搜索
4316018,金翼食品(吉林)股份有限公司,food_beverage_002_012,乳制品制造,BELONGS_TO_IND_NODE,2026-07-28,,联网搜索
5257590,上海能运物流有限公司,food_beverage_007_018,冷链运输,BELONGS_TO_IND_NODE,2026-07-28,,联网搜索
6190190,北京中都格罗唯视物流有限公司,food_beverage_007_018,冷链运输,BELONGS_TO_IND_NODE,2026-07-28,,联网搜索
1794656,广州摩登百货股份有限公司,food_beverage_007_002,商超卖场,BELONGS_TO_IND_NODE,2026-07-28,,联网搜索
640533,北京厨鲜丰企业管理有限公司,food_beverage_007_005,餐饮与团餐渠道,BELONGS_TO_IND_NODE,2026-07-28,,联网搜索
2843466,山东嘉华生物科技股份有限公司,food_beverage_006_006,大豆及蛋白粕,BELONGS_TO_IND_NODE,2026-07-28,,联网搜索
2552636,格润食品集团股份有限公司,food_beverage_006_012,生鲜乳,BELONGS_TO_IND_NODE,2026-07-28,,联网搜索
3278029,内蒙古金沙葡萄酒业股份有限公司,food_beverage_001_007,葡萄酒,BELONGS_TO_IND_NODE,2026-07-28,,联网搜索
6851430,山东德州扒鸡股份有限公司,food_beverage_005_006,熟肉制品加工,BELONGS_TO_IND_NODE,2026-07-28,,联网搜索
2837224,北京田园婆婆商贸股份有限公司,food_beverage_006_013,果蔬原料,BELONGS_TO_IND_NODE,2026-07-28,,联网搜索
2806619,广西农村投资集团有限公司,food_beverage_006_001,农产品原料,BELONGS_TO_IND_NODE,2026-07-28,,联网搜索
302245,南顺(香港)有限公司,food_beverage_006_005,油料作物,BELONGS_TO_IND_NODE,2026-07-28,,联网搜索
364887,北京数聚智连科技股份有限公司,food_beverage_007_006,线上电商渠道,BELONGS_TO_IND_NODE,2026-07-28,,联网搜索
2844345,深圳佳利达供应链管理有限公司,food_beverage_007_018,冷链运输,BELONGS_TO_IND_NODE,2026-07-28,,联网搜索
4140951,上海晨冠乳业有限公司,food_beverage_002_016,奶粉与干乳制品,BELONGS_TO_IND_NODE,2026-07-28,,联网搜索
1882044,北京金源时代购物中心有限公司,food_beverage_007_002,商超卖场,BELONGS_TO_IND_NODE,2026-07-28,,联网搜索
4997408,北京新辣道餐饮管理有限公司,food_beverage_007_005,餐饮与团餐渠道,BELONGS_TO_IND_NODE,2026-07-28,,联网搜索
2994014,福建闽威实业股份有限公司,food_beverage_005_005,肉制品加工,BELONGS_TO_IND_NODE,2026-07-28,,联网搜索
1083343,安记食品股份有限公司,food_beverage_003_002,复合调味料,BELONGS_TO_IND_NODE,2026-07-28,,联网搜索
2957608,青岛城业城供应链股份有限公司,food_beverage_007_015,冷链仓储,BELONGS_TO_IND_NODE,2026-07-28,,联网搜索
3037330,中工美(北京)供应链物流管理有限责任公司,food_beverage_007_015,冷链仓储,BELONGS_TO_IND_NODE,2026-07-28,,联网搜索
4950209,湖北众诚五六超市有限公司,food_beverage_007_002,商超卖场,BELONGS_TO_IND_NODE,2026-07-28,,联网搜索
2882949,兆华供应链管理集团有限公司,food_beverage_007_015,冷链仓储,BELONGS_TO_IND_NODE,2026-07-28,,联网搜索
1731228,绍兴御茶村茶业有限公司,food_beverage_006_016,茶叶萃取原料,BELONGS_TO_IND_NODE,2026-07-28,,联网搜索
286034,狮头科技发展股份有限公司,food_beverage_007_006,线上电商渠道,BELONGS_TO_IND_NODE,2026-07-28,,联网搜索
2924385,江西博莱农业高科技股份有限公司,food_beverage_005_005,肉制品加工,BELONGS_TO_IND_NODE,2026-07-28,,联网搜索
1076095,新疆芳香庄园酒业股份有限公司,food_beverage_001_007,葡萄酒,BELONGS_TO_IND_NODE,2026-07-28,,联网搜索
886926,河南科迪乳业股份有限公司,food_beverage_002_013,常温液态奶,BELONGS_TO_IND_NODE,2026-07-28,,联网搜索
2789981,广东天池茶业股份有限公司,food_beverage_006_016,茶叶萃取原料,BELONGS_TO_IND_NODE,2026-07-28,,联网搜索
6606025,湖州老恒和酿造有限公司,food_beverage_003_001,发酵调味品,BELONGS_TO_IND_NODE,2026-07-28,,联网搜索
2924238,江苏建伟物流股份有限公司,food_beverage_007_013,冷链物流与仓储,BELONGS_TO_IND_NODE,2026-07-28,,联网搜索
2240030,河南永达美基食品有限公司,food_beverage_003_002,复合调味料,BELONGS_TO_IND_NODE,2026-07-28,,联网搜索
160617359,江苏新天地食品股份有限公司,food_beverage_006_001,农产品原料,BELONGS_TO_IND_NODE,2026-07-28,,联网搜索
2978525,济南金恒宇包装科技股份有限公司,food_beverage_006_028,包装材料,BELONGS_TO_IND_NODE,2026-07-28,,联网搜索
6986316,河南壹仓优品百货有限公司,food_beverage_007_001,线下现代渠道,BELONGS_TO_IND_NODE,2026-07-28,,联网搜索
1331118,净雅食品股份有限公司,food_beverage_007_005,餐饮与团餐渠道,BELONGS_TO_IND_NODE,2026-07-28,,联网搜索
330469,中国海升果汁控股有限公司,food_beverage_006_014,果蔬汁原料,BELONGS_TO_IND_NODE,2026-07-28,,联网搜索
2168000,青岛天行健物流股份有限公司,food_beverage_007_018,冷链运输,BELONGS_TO_IND_NODE,2026-07-28,,联网搜索
3324142,江西阳光乳业股份有限公司,food_beverage_002_015,低温乳制品,BELONGS_TO_IND_NODE,2026-07-28,,联网搜索
2612446,上海丰云餐饮(集团)股份有限公司,food_beverage_007_005,餐饮与团餐渠道,BELONGS_TO_IND_NODE,2026-07-28,,联网搜索
153718556,成都太和坊食品股份有限公司,food_beverage_003_001,发酵调味品,BELONGS_TO_IND_NODE,2026-07-28,,联网搜索
3270266,北京优鼎优餐饮管理有限公司,food_beverage_007_005,餐饮与团餐渠道,BELONGS_TO_IND_NODE,2026-07-28,,联网搜索
2871190,浙江京华激光科技股份有限公司,food_beverage_006_037,标签与包装耗材,BELONGS_TO_IND_NODE,2026-07-28,,联网搜索
2830331,黑龙江北鳐食品股份有限公司,food_beverage_005_008,预制菜与餐食加工,BELONGS_TO_IND_NODE,2026-07-28,,联网搜索
2924446,安徽合益食品股份有限公司,food_beverage_006_013,果蔬原料,BELONGS_TO_IND_NODE,2026-07-28,,联网搜索
1751446,广东原尚物流股份有限公司,food_beverage_007_018,冷链运输,BELONGS_TO_IND_NODE,2026-07-28,,联网搜索
2844796,绿爱控股股份有限公司,food_beverage_004_007,糖果巧克力,BELONGS_TO_IND_NODE,2026-07-28,,联网搜索
2843446,武汉巨力鼎兴冷链股份有限公司,food_beverage_007_015,冷链仓储,BELONGS_TO_IND_NODE,2026-07-28,,联网搜索
2801859,一木集团(控股)有限公司,food_beverage_007_005,餐饮与团餐渠道,BELONGS_TO_IND_NODE,2026-07-28,,联网搜索
2978497,东营新山海奥特莱斯商业管理有限公司,food_beverage_007_002,商超卖场,BELONGS_TO_IND_NODE,2026-07-28,,联网搜索
863085,爱普香料集团股份有限公司,food_beverage_006_020,香精香料,BELONGS_TO_IND_NODE,2026-07-28,,联网搜索
3270317,山东吉田香料股份有限公司,food_beverage_006_020,香精香料,BELONGS_TO_IND_NODE,2026-07-28,,联网搜索
3282755,河南永丰面业股份有限公司,food_beverage_006_003,制粉用小麦,BELONGS_TO_IND_NODE,2026-07-28,,联网搜索
2138338,嘉士利集团有限公司,food_beverage_004_010,饼干,BELONGS_TO_IND_NODE,2026-07-28,,联网搜索
2233394,福建神农菇业股份有限公司,food_beverage_006_013,果蔬原料,BELONGS_TO_IND_NODE,2026-07-28,,联网搜索
1741704,厦门吉宏科技股份有限公司,food_beverage_007_006,线上电商渠道,BELONGS_TO_IND_NODE,2026-07-28,,联网搜索
2132055,河北康远清真食品股份有限公司,food_beverage_005_006,熟肉制品加工,BELONGS_TO_IND_NODE,2026-07-28,,联网搜索
2089725,大连冰洋科技股份有限公司,food_beverage_005_001,速冻食品制造,BELONGS_TO_IND_NODE,2026-07-28,,联网搜索
6500425,天舜(杭州)食品股份有限公司,food_beverage_005_008,预制菜与餐食加工,BELONGS_TO_IND_NODE,2026-07-28,,联网搜索
2843434,内蒙古伊赫塔拉牧业股份有限公司,food_beverage_005_005,肉制品加工,BELONGS_TO_IND_NODE,2026-07-28,,联网搜索
2837225,安徽省天麒面业科技股份有限公司,food_beverage_006_003,制粉用小麦,BELONGS_TO_IND_NODE,2026-07-28,,联网搜索
2880382,中国万天控股有限公司,food_beverage_005_007,方便食品制造,BELONGS_TO_IND_NODE,2026-07-28,,联网搜索
2844320,福建省熠烁科技股份有限公司,food_beverage_007_015,冷链仓储,BELONGS_TO_IND_NODE,2026-07-28,,联网搜索
362850,中国通天酒业集团有限公司,food_beverage_001_007,葡萄酒,BELONGS_TO_IND_NODE,2026-07-28,,联网搜索
1269699,天津安达物流股份有限公司,food_beverage_007_018,冷链运输,BELONGS_TO_IND_NODE,2026-07-28,,联网搜索
10294641,宁波玉健健康科技股份有限公司,food_beverage_006_018,甜味剂,BELONGS_TO_IND_NODE,2026-07-28,,联网搜索
2882390,苏州欧福蛋业股份有限公司,food_beverage_006_012,生鲜乳,BELONGS_TO_IND_NODE,2026-07-28,,联网搜索
863341,广东燕塘乳业股份有限公司,food_beverage_002_013,常温液态奶,BELONGS_TO_IND_NODE,2026-07-28,,联网搜索
2818205,颐海国际控股有限公司,food_beverage_003_008,火锅底料,BELONGS_TO_IND_NODE,2026-07-28,,联网搜索
3324146,青木科技股份有限公司,food_beverage_007_006,线上电商渠道,BELONGS_TO_IND_NODE,2026-07-28,,联网搜索
298163,中国北大荒产业集团控股有限公司,food_beverage_001_008,黄酒,BELONGS_TO_IND_NODE,2026-07-28,,联网搜索
130138962,广东百利食品股份有限公司,food_beverage_003_002,复合调味料,BELONGS_TO_IND_NODE,2026-07-28,,联网搜索
3420350,广东真美食品股份有限公司,food_beverage_005_006,熟肉制品加工,BELONGS_TO_IND_NODE,2026-07-28,,联网搜索
890363,北京天天美尚信息科技股份有限公司,food_beverage_007_002,商超卖场,BELONGS_TO_IND_NODE,2026-07-28,,联网搜索
1123796,通化百泉参业集团有限公司,food_beverage_005_016,营养补充食品,BELONGS_TO_IND_NODE,2026-07-28,,联网搜索
1750135,河南飞天生物科技股份有限公司,food_beverage_006_018,甜味剂,BELONGS_TO_IND_NODE,2026-07-28,,联网搜索
2607283,广东南字科技股份有限公司,food_beverage_006_018,甜味剂,BELONGS_TO_IND_NODE,2026-07-28,,联网搜索
1147762,眉州东坡餐饮管理(北京)有限公司,food_beverage_007_005,餐饮与团餐渠道,BELONGS_TO_IND_NODE,2026-07-28,,联网搜索
2844248,济宁鸿润食品股份有限公司,food_beverage_005_006,熟肉制品加工,BELONGS_TO_IND_NODE,2026-07-28,,联网搜索
2818206,亲亲食品集团(开曼)股份有限公司,food_beverage_004_007,糖果巧克力,BELONGS_TO_IND_NODE,2026-07-28,,联网搜索
665176,神冠控股(集团)有限公司,food_beverage_006_030,塑料包装,BELONGS_TO_IND_NODE,2026-07-28,,联网搜索
1165282,道道全粮油股份有限公司,food_beverage_006_005,油料作物,BELONGS_TO_IND_NODE,2026-07-28,,联网搜索
452911,浙江新和成股份有限公司,food_beverage_006_025,营养强化剂,BELONGS_TO_IND_NODE,2026-07-28,,联网搜索
2830347,辽宁弘侨生物科技股份有限公司,food_beverage_006_018,甜味剂,BELONGS_TO_IND_NODE,2026-07-28,,联网搜索
2843225,湖南黄兴冷链物流股份有限公司,food_beverage_007_015,冷链仓储,BELONGS_TO_IND_NODE,2026-07-28,,联网搜索
2843225,湖南黄兴冷链物流股份有限公司,food_beverage_007_018,冷链运输,BELONGS_TO_IND_NODE,2026-07-28,,联网搜索
2844398,北京天时恒生网络股份有限公司,food_beverage_007_001,线下现代渠道,BELONGS_TO_IND_NODE,2026-07-28,,联网搜索
8198120,舟山馋文化电子商务有限公司,food_beverage_007_006,线上电商渠道,BELONGS_TO_IND_NODE,2026-07-28,,联网搜索
382074,北京首农食品集团有限公司,food_beverage_002_012,乳制品制造,BELONGS_TO_IND_NODE,2026-07-28,,联网搜索
382074,北京首农食品集团有限公司,food_beverage_005,肉制品与预制便捷食品制造,BELONGS_TO_IND_NODE,2026-07-28,,联网搜索
362361,人人乐连锁商业集团股份有限公司,food_beverage_007_002,商超卖场,BELONGS_TO_IND_NODE,2026-07-28,,联网搜索
1356252,滨州中裕食品有限公司,food_beverage_006_002,粮食作物,BELONGS_TO_IND_NODE,2026-07-28,,联网搜索
6738179,兴化格林生物制品有限公司,food_beverage_003_001,发酵调味品,BELONGS_TO_IND_NODE,2026-07-28,,联网搜索
1883939,上海母婴之家网络科技股份有限公司,food_beverage_007_006,线上电商渠道,BELONGS_TO_IND_NODE,2026-07-28,,联网搜索
2882398,浙江奥奇食品股份有限公司,food_beverage_004_010,饼干,BELONGS_TO_IND_NODE,2026-07-28,,联网搜索
1072383,透云生物科技集团有限公司,food_beverage_006_035,复合软包装,BELONGS_TO_IND_NODE,2026-07-28,,联网搜索
1996769,福格森(武汉)生物科技股份有限公司,food_beverage_005_016,营养补充食品,BELONGS_TO_IND_NODE,2026-07-28,,联网搜索
2924496,福建绿田股份有限公司,food_beverage_006_013,果蔬原料,BELONGS_TO_IND_NODE,2026-07-28,,联网搜索
2924066,杭州滨兴科技股份有限公司,food_beverage_007_006,线上电商渠道,BELONGS_TO_IND_NODE,2026-07-28,,联网搜索
8078699,蜜雪冰城股份有限公司,food_beverage_007_005,餐饮与团餐渠道,BELONGS_TO_IND_NODE,2026-07-28,,联网搜索
2844253,上海大力人良科技发展股份有限公司,food_beverage_006_017,食品添加剂与配料,BELONGS_TO_IND_NODE,2026-07-28,,联网搜索
1677803,三只松鼠股份有限公司,food_beverage_004_001,休闲食品制造,BELONGS_TO_IND_NODE,2026-07-28,,联网搜索
1797804,香飘飘食品股份有限公司,food_beverage_002_003,茶饮料,BELONGS_TO_IND_NODE,2026-07-28,,联网搜索
1124649,老恒和酿造有限公司,food_beverage_003_004,食醋,BELONGS_TO_IND_NODE,2026-07-28,,联网搜索
2924276,广之益农业股份有限公司,food_beverage_006_002,粮食作物,BELONGS_TO_IND_NODE,2026-07-28,,联网搜索
5157716,中福(南京)农产品大市场股份有限公司,food_beverage_007_015,冷链仓储,BELONGS_TO_IND_NODE,2026-07-28,,联网搜索
2843631,宁夏万齐农业股份有限公司,food_beverage_006_002,粮食作物,BELONGS_TO_IND_NODE,2026-07-28,,联网搜索
2843639,宁波保税区正正电子商务股份有限公司,food_beverage_007_006,线上电商渠道,BELONGS_TO_IND_NODE,2026-07-28,,联网搜索
2817999,中国物流资产控股有限公司,food_beverage_007_015,冷链仓储,BELONGS_TO_IND_NODE,2026-07-28,,联网搜索
2839528,骏高控股有限公司,food_beverage_007_015,冷链仓储,BELONGS_TO_IND_NODE,2026-07-28,,联网搜索
2087183,上海顶誉食品有限公司,food_beverage_004_001,休闲食品制造,BELONGS_TO_IND_NODE,2026-07-28,,联网搜索
2924522,青岛师帅冷链物流股份有限公司,food_beverage_007_018,冷链运输,BELONGS_TO_IND_NODE,2026-07-28,,联网搜索
1781959,扬州瘦西湖旅游度假投资管理集团有限责任公司,food_beverage_007_005,餐饮与团餐渠道,BELONGS_TO_IND_NODE,2026-07-28,,联网搜索
2844503,辽宁仁达食品股份有限公司,food_beverage_005_005,肉制品加工,BELONGS_TO_IND_NODE,2026-07-28,,联网搜索
2843719,安庆新雪莲生物科技股份有限公司,food_beverage_005_006,熟肉制品加工,BELONGS_TO_IND_NODE,2026-07-28,,联网搜索
2844805,苏州东冠包装股份有限公司,food_beverage_006_035,复合软包装,BELONGS_TO_IND_NODE,2026-07-28,,联网搜索
2844778,安徽省抱儿钟秀茶业股份有限公司,food_beverage_006_016,茶叶萃取原料,BELONGS_TO_IND_NODE,2026-07-28,,联网搜索
1865680,泰州永盛包装股份有限公司,food_beverage_006_035,复合软包装,BELONGS_TO_IND_NODE,2026-07-28,,联网搜索
2924531,贵州省仁怀市衡昌烧坊供应链有限责任公司,food_beverage_007_015,冷链仓储,BELONGS_TO_IND_NODE,2026-07-28,,联网搜索
2924077,河北天天智慧商业连锁股份有限公司,food_beverage_007_002,商超卖场,BELONGS_TO_IND_NODE,2026-07-28,,联网搜索
2924110,浙江鹿草堂健康科技股份有限公司,food_beverage_007_002,商超卖场,BELONGS_TO_IND_NODE,2026-07-28,,联网搜索
2882602,常州春水堂健康科技股份有限公司,food_beverage_007_002,商超卖场,BELONGS_TO_IND_NODE,2026-07-28,,联网搜索
2882614,吐鲁番楼兰酒庄股份有限公司,food_beverage_001_007,葡萄酒,BELONGS_TO_IND_NODE,2026-07-28,,联网搜索
2830340,精为天生态农业股份有限公司,food_beverage_006_002,粮食作物,BELONGS_TO_IND_NODE,2026-07-28,,联网搜索
1115020,浙江李子园食品股份有限公司,food_beverage_002_011,含乳饮料,BELONGS_TO_IND_NODE,2026-07-28,,联网搜索
285866,海南京粮控股股份有限公司,food_beverage_006_005,油料作物,BELONGS_TO_IND_NODE,2026-07-28,,联网搜索
1164649,山西紫林调味食品股份有限公司,food_beverage_003_004,食醋,BELONGS_TO_IND_NODE,2026-07-28,,联网搜索
1249962,黑龙江鹿源春鹿业股份有限公司,food_beverage_001_001,白酒,BELONGS_TO_IND_NODE,2026-07-28,,联网搜索
2799457,宁夏全通枸杞供应链管理股份有限公司,food_beverage_006_013,果蔬原料,BELONGS_TO_IND_NODE,2026-07-28,,联网搜索
1067549,辽宁金印文化传媒股份有限公司,food_beverage_006_029,纸包装,BELONGS_TO_IND_NODE,2026-07-28,,联网搜索
2924441,安徽柏兆记食品股份有限公司,food_beverage_004_004,烘焙食品制造,BELONGS_TO_IND_NODE,2026-07-28,,联网搜索
2830395,苏州美集供应链管理股份有限公司,food_beverage_007_015,冷链仓储,BELONGS_TO_IND_NODE,2026-07-28,,联网搜索
2830321,福建东水食品股份有限公司,food_beverage_005_005,肉制品加工,BELONGS_TO_IND_NODE,2026-07-28,,联网搜索
2812161,VSING Limited,food_beverage_007_015,冷链仓储,BELONGS_TO_IND_NODE,2026-07-28,,联网搜索
6594485,上海托普旺物流有限公司,food_beverage_007_018,冷链运输,BELONGS_TO_IND_NODE,2026-07-28,,联网搜索
4270050,点晶网络(浙江)股份有限公司,food_beverage_007_003,便利店与折扣店,BELONGS_TO_IND_NODE,2026-07-28,,联网搜索
474085,雅士利国际控股有限公司,food_beverage_002_016,奶粉与干乳制品,BELONGS_TO_IND_NODE,2026-07-28,,联网搜索
8258351,湖南鸣鸣很忙商业连锁股份有限公司,food_beverage_007_003,便利店与折扣店,BELONGS_TO_IND_NODE,2026-07-28,,联网搜索
473859,重庆市涪陵榨菜集团股份有限公司,food_beverage_003_005,豆瓣酱与腐乳,BELONGS_TO_IND_NODE,2026-07-28,,联网搜索
1157632,福建科宏生物工程股份有限公司,food_beverage_006_026,酶制剂与发酵配料,BELONGS_TO_IND_NODE,2026-07-28,,联网搜索
1293247,深圳市万通顺达科技股份有限公司,food_beverage_007_001,线下现代渠道,BELONGS_TO_IND_NODE,2026-07-28,,联网搜索
1164865,舟山水产品中心批发市场有限责任公司,food_beverage_007_004,传统流通渠道,BELONGS_TO_IND_NODE,2026-07-28,,联网搜索
1146481,仲景食品股份有限公司,food_beverage_003_002,复合调味料,BELONGS_TO_IND_NODE,2026-07-28,,联网搜索
5072393,谊和股份有限公司,food_beverage_007_005,餐饮与团餐渠道,BELONGS_TO_IND_NODE,2026-07-28,,联网搜索
822739,宝湾物流控股有限公司,food_beverage_007_015,冷链仓储,BELONGS_TO_IND_NODE,2026-07-28,,联网搜索
6880224,信基沙溪集团股份有限公司,food_beverage_007_004,传统流通渠道,BELONGS_TO_IND_NODE,2026-07-28,,联网搜索
2837276,福建纸匠文化科技股份有限公司,food_beverage_006_029,纸包装,BELONGS_TO_IND_NODE,2026-07-28,,联网搜索
6361354,巴楚县汇富棉业有限公司,food_beverage_006_002,粮食作物,BELONGS_TO_IND_NODE,2026-07-28,,联网搜索
99108669,山东唯可鲜食品集团股份有限公司,food_beverage_002_005,果汁与果蔬饮料,BELONGS_TO_IND_NODE,2026-07-28,,联网搜索
1267452,山东绿润食品有限公司,food_beverage_006_009,畜禽产品,BELONGS_TO_IND_NODE,2026-07-28,,联网搜索
832675,上海小南国控股有限公司,food_beverage_007_005,餐饮与团餐渠道,BELONGS_TO_IND_NODE,2026-07-28,,联网搜索
2769685,北京洪海龙腾电子商务股份有限公司,food_beverage_007_006,线上电商渠道,BELONGS_TO_IND_NODE,2026-07-28,,联网搜索
6610235,湖南老百姓怀仁药房连锁有限公司,food_beverage_006_029,纸包装,BELONGS_TO_IND_NODE,2026-07-28,,联网搜索
1154241,山东省阳信广富畜产品有限公司,food_beverage_005_005,肉制品加工,BELONGS_TO_IND_NODE,2026-07-28,,联网搜索
1776845,杭州铁集货运股份有限公司,food_beverage_007_018,冷链运输,BELONGS_TO_IND_NODE,2026-07-28,,联网搜索
846444,蜡笔小新休闲食品集团有限公司,food_beverage_004_007,糖果巧克力,BELONGS_TO_IND_NODE,2026-07-28,,联网搜索
2190989,中农颖泰林州生物科园有限公司,food_beverage_006_017,食品添加剂与配料,BELONGS_TO_IND_NODE,2026-07-28,,联网搜索
4966289,杭州易杯食品科技有限公司,food_beverage_002_017,即饮咖啡,BELONGS_TO_IND_NODE,2026-07-28,,联网搜索
2375287,晋华和佐(厦门)食品股份有限公司,food_beverage_003_010,餐饮定制调味料,BELONGS_TO_IND_NODE,2026-07-28,,联网搜索
8104759,广东喜百年供应链科技有限公司,food_beverage_007_015,冷链仓储,BELONGS_TO_IND_NODE,2026-07-28,,联网搜索
6426628,九三食品股份有限公司,food_beverage_006_005,油料作物,BELONGS_TO_IND_NODE,2026-07-28,,联网搜索
3417997,禾朗食品南通有限公司,food_beverage_005_008,预制菜与餐食加工,BELONGS_TO_IND_NODE,2026-07-28,,联网搜索
6229825,秋之友生物科技(无锡)有限公司,food_beverage_003_003,酱油,BELONGS_TO_IND_NODE,2026-07-28,,联网搜索
2242341,河南省天润包装有限公司,food_beverage_006_035,复合软包装,BELONGS_TO_IND_NODE,2026-07-28,,联网搜索
2844581,艾米利亚(大连)股份有限公司,food_beverage_005_005,肉制品加工,BELONGS_TO_IND_NODE,2026-07-28,,联网搜索
352119,北京华联精品超市有限公司,food_beverage_007_002,商超卖场,BELONGS_TO_IND_NODE,2026-07-28,,联网搜索
845453,杨凌本香农业产业集团有限公司,food_beverage_006_009,畜禽产品,BELONGS_TO_IND_NODE,2026-07-28,,联网搜索
6972327,水发物流集团有限公司,food_beverage_007_019,干线冷链运输,BELONGS_TO_IND_NODE,2026-07-28,,联网搜索
145530801,IFBH Limited,food_beverage_002_002,碳酸饮料,BELONGS_TO_IND_NODE,2026-07-28,,联网搜索
863094,山东龙大美食股份有限公司,food_beverage_005_005,肉制品加工,BELONGS_TO_IND_NODE,2026-07-28,,联网搜索
4295918,中山市宏川石化仓储有限公司,food_beverage_007_015,冷链仓储,BELONGS_TO_IND_NODE,2026-07-28,,联网搜索
2508706,陕西红星美羚乳业股份有限公司,food_beverage_002_012,乳制品制造,BELONGS_TO_IND_NODE,2026-07-28,,联网搜索
360016,湖南友谊阿波罗商业股份有限公司,food_beverage_007_002,商超卖场,BELONGS_TO_IND_NODE,2026-07-28,,联网搜索
2176010,安徽华恒生物科技股份有限公司,food_beverage_006_018,甜味剂,BELONGS_TO_IND_NODE,2026-07-28,,联网搜索
1923057,益华控股有限公司,food_beverage_007_002,商超卖场,BELONGS_TO_IND_NODE,2026-07-28,,联网搜索
8299416,子不语集团有限公司,food_beverage_007_006,线上电商渠道,BELONGS_TO_IND_NODE,2026-07-28,,联网搜索
298851,贝因美股份有限公司,food_beverage_002_016,奶粉与干乳制品,BELONGS_TO_IND_NODE,2026-07-28,,联网搜索
285295,江苏恒顺醋业股份有限公司,food_beverage_003_004,食醋,BELONGS_TO_IND_NODE,2026-07-28,,联网搜索
5039047,广州华糖食品有限公司,food_beverage_006_008,白砂糖与糖浆原料,BELONGS_TO_IND_NODE,2026-07-28,,联网搜索
547159,南海油脂工业(赤湾)有限公司,food_beverage_006_005,油料作物,BELONGS_TO_IND_NODE,2026-07-28,,联网搜索
1868522,佳禾食品工业股份有限公司,food_beverage_002_011,含乳饮料,BELONGS_TO_IND_NODE,2026-07-28,,联网搜索
6387539,长春吉粮天裕生物工程有限公司,food_beverage_001_001,白酒,BELONGS_TO_IND_NODE,2026-07-28,,联网搜索
1068616,深圳市品尚汇酒业集团股份公司,food_beverage_007_001,线下现代渠道,BELONGS_TO_IND_NODE,2026-07-28,,联网搜索
1126914,贵州永红食品有限公司,food_beverage_005_006,熟肉制品加工,BELONGS_TO_IND_NODE,2026-07-28,,联网搜索
2896888,焦作康利达食品股份有限公司,food_beverage_005_006,熟肉制品加工,BELONGS_TO_IND_NODE,2026-07-28,,联网搜索
10351196,山东艾德森生物科技股份有限公司,food_beverage_006_017,食品添加剂与配料,BELONGS_TO_IND_NODE,2026-07-28,,联网搜索
6471213,平舆康博汇鑫油脂有限公司,food_beverage_006_005,油料作物,BELONGS_TO_IND_NODE,2026-07-28,,联网搜索
2339909,合肥银山棉麻股份有限公司,food_beverage_006_002,粮食作物,BELONGS_TO_IND_NODE,2026-07-28,,联网搜索
9545870,达势股份有限公司,food_beverage_007_005,餐饮与团餐渠道,BELONGS_TO_IND_NODE,2026-07-28,,联网搜索
1885380,内蒙古赛诺种羊科技有限公司,food_beverage_006_009,畜禽产品,BELONGS_TO_IND_NODE,2026-07-28,,联网搜索
2443931,新疆天山黑蜂产业股份有限公司,food_beverage_006_018,甜味剂,BELONGS_TO_IND_NODE,2026-07-28,,联网搜索
2978506,安徽宇宁果胶股份有限公司,food_beverage_006_024,增稠胶体,BELONGS_TO_IND_NODE,2026-07-28,,联网搜索
1887984,北京住总物流科技有限公司,food_beverage_007_015,冷链仓储,BELONGS_TO_IND_NODE,2026-07-28,,联网搜索
2943040,合肥燕庄食用油有限责任公司,food_beverage_006_005,油料作物,BELONGS_TO_IND_NODE,2026-07-28,,联网搜索
1072466,湖南盈成油脂工业有限公司,food_beverage_006_005,油料作物,BELONGS_TO_IND_NODE,2026-07-28,,联网搜索
1869906,东晓生物科技股份有限公司,food_beverage_006_018,甜味剂,BELONGS_TO_IND_NODE,2026-07-28,,联网搜索
640356,两湖绿谷物流股份有限公司,food_beverage_007_015,冷链仓储,BELONGS_TO_IND_NODE,2026-07-28,,联网搜索
1911006,江苏众客食品股份有限公司,food_beverage_005_005,肉制品加工,BELONGS_TO_IND_NODE,2026-07-28,,联网搜索
3038096,富诺健康股份有限公司,food_beverage_005_011,保健食品制造,BELONGS_TO_IND_NODE,2026-07-28,,联网搜索
6631639,华稼食品科技(上海)股份有限公司,food_beverage_003_002,复合调味料,BELONGS_TO_IND_NODE,2026-07-28,,联网搜索
2878266,湖北一致魔芋生物科技股份有限公司,food_beverage_006_017,食品添加剂与配料,BELONGS_TO_IND_NODE,2026-07-28,,联网搜索
4978289,西安东方乳业有限公司,food_beverage_002_015,低温乳制品,BELONGS_TO_IND_NODE,2026-07-28,,联网搜索
1086056,四川天味食品集团股份有限公司,food_beverage_003_002,复合调味料,BELONGS_TO_IND_NODE,2026-07-28,,联网搜索
863082,青海小西牛生物乳业有限公司,food_beverage_002_013,常温液态奶,BELONGS_TO_IND_NODE,2026-07-28,,联网搜索
862503,江西煌上煌集团食品股份有限公司,food_beverage_004_003,卤味与肉类零食,BELONGS_TO_IND_NODE,2026-07-28,,联网搜索
1164825,海南翔泰渔业股份有限公司,food_beverage_006_010,水产品,BELONGS_TO_IND_NODE,2026-07-28,,联网搜索
2882507,深圳市鲜动生活股份有限公司,food_beverage_005_013,低温肉制品,BELONGS_TO_IND_NODE,2026-07-28,,联网搜索
3269179,湖南长乐情食品科技股份有限公司,food_beverage_001_008,黄酒,BELONGS_TO_IND_NODE,2026-07-28,,联网搜索
848064,广西南城百货有限责任公司,food_beverage_007_002,商超卖场,BELONGS_TO_IND_NODE,2026-07-28,,联网搜索
1164555,蓝顿旭美食品有限公司,food_beverage_005_008,预制菜与餐食加工,BELONGS_TO_IND_NODE,2026-07-28,,联网搜索
2924108,浙江柚香谷控股股份有限公司,food_beverage_002_005,果汁与果蔬饮料,BELONGS_TO_IND_NODE,2026-07-28,,联网搜索
2843654,敦化市福兴粮油股份有限公司,food_beverage_006_005,油料作物,BELONGS_TO_IND_NODE,2026-07-28,,联网搜索
2837207,利福中国集团有限公司,food_beverage_007_002,商超卖场,BELONGS_TO_IND_NODE,2026-07-28,,联网搜索
2923893,内蒙古昶辉生物科技股份有限公司,food_beverage_006_025,营养强化剂,BELONGS_TO_IND_NODE,2026-07-28,,联网搜索
2837280,四川金鼎印业股份有限公司,food_beverage_006_029,纸包装,BELONGS_TO_IND_NODE,2026-07-28,,联网搜索
1737470,苏州松鹤楼饮食文化有限公司,food_beverage_007_005,餐饮与团餐渠道,BELONGS_TO_IND_NODE,2026-07-28,,联网搜索
2844252,链酒科技(北京)股份有限公司,food_beverage_007_006,线上电商渠道,BELONGS_TO_IND_NODE,2026-07-28,,联网搜索
1121058,绍兴市国有资本运营有限公司,food_beverage_001_008,黄酒,BELONGS_TO_IND_NODE,2026-07-28,,联网搜索
1129201,青岛国星食品股份有限公司,food_beverage_006_010,水产品,BELONGS_TO_IND_NODE,2026-07-28,,联网搜索
2843807,福建环海生物科技股份有限公司,food_beverage_006_010,水产品,BELONGS_TO_IND_NODE,2026-07-28,,联网搜索
2843858,云南东达物流股份有限公司,food_beverage_007_015,冷链仓储,BELONGS_TO_IND_NODE,2026-07-28,,联网搜索
2843556,南京合纵连横供应链管理股份有限公司,food_beverage_007_015,冷链仓储,BELONGS_TO_IND_NODE,2026-07-28,,联网搜索
2830757,湖南津之源食品科技股份有限公司,food_beverage_004_001,休闲食品制造,BELONGS_TO_IND_NODE,2026-07-28,,联网搜索
2831664,嘉必优生物技术(武汉)股份有限公司,food_beverage_006_025,营养强化剂,BELONGS_TO_IND_NODE,2026-07-28,,联网搜索
4108464,安徽天地精华股份有限公司,food_beverage_002_001,包装饮用水,BELONGS_TO_IND_NODE,2026-07-28,,联网搜索
2882609,哈尔滨鹏程新材料科技股份有限公司,food_beverage_006_029,纸包装,BELONGS_TO_IND_NODE,2026-07-28,,联网搜索
2800104,广州市和兴隆食品科技股份有限公司,food_beverage_007_005,餐饮与团餐渠道,BELONGS_TO_IND_NODE,2026-07-28,,联网搜索
2115788,圆通国际快递供应链科技有限公司,food_beverage_007_018,冷链运输,BELONGS_TO_IND_NODE,2026-07-28,,联网搜索
2878897,中粮家佳康食品有限公司,food_beverage_005_005,肉制品加工,BELONGS_TO_IND_NODE,2026-07-28,,联网搜索
2843224,河北方大新材料股份有限公司,food_beverage_006_029,纸包装,BELONGS_TO_IND_NODE,2026-07-28,,联网搜索
2923898,宁夏荣盛商业连锁股份有限公司,food_beverage_007_002,商超卖场,BELONGS_TO_IND_NODE,2026-07-28,,联网搜索
455626,广东佳隆食品股份有限公司,food_beverage_003_011,基础调味品,BELONGS_TO_IND_NODE,2026-07-28,,联网搜索
6464967,粤海永顺泰集团股份有限公司,food_beverage_006_002,粮食作物,BELONGS_TO_IND_NODE,2026-07-28,,联网搜索
300656,金源发展国际实业有限公司,food_beverage_007_002,商超卖场,BELONGS_TO_IND_NODE,2026-07-28,,联网搜索
286595,河南双汇投资发展股份有限公司,food_beverage_005_006,熟肉制品加工,BELONGS_TO_IND_NODE,2026-07-28,,联网搜索
286595,河南双汇投资发展股份有限公司,food_beverage_005_012,高温肉制品,BELONGS_TO_IND_NODE,2026-07-28,,联网搜索
286626,长春欧亚集团股份有限公司,food_beverage_007_002,商超卖场,BELONGS_TO_IND_NODE,2026-07-28,,联网搜索
1330990,合肥华力食品有限公司,food_beverage_004_004,烘焙食品制造,BELONGS_TO_IND_NODE,2026-07-28,,联网搜索
1085779,菱花集团有限公司,food_beverage_003_013,味精与鸡精,BELONGS_TO_IND_NODE,2026-07-28,,联网搜索
328076,中国旺旺控股有限公司,food_beverage_002_013,常温液态奶,BELONGS_TO_IND_NODE,2026-07-28,,联网搜索
328076,中国旺旺控股有限公司,food_beverage_004_010,饼干,BELONGS_TO_IND_NODE,2026-07-28,,联网搜索
1682620,东莞港务集团有限公司,food_beverage_007_015,冷链仓储,BELONGS_TO_IND_NODE,2026-07-28,,联网搜索
862783,金鹤农业股份有限公司,food_beverage_006_002,粮食作物,BELONGS_TO_IND_NODE,2026-07-28,,联网搜索
2923799,广东唯诺冠动漫食品股份有限公司,food_beverage_004_007,糖果巧克力,BELONGS_TO_IND_NODE,2026-07-28,,联网搜索
2694246,盖世食品股份有限公司,food_beverage_005_009,净菜产品,BELONGS_TO_IND_NODE,2026-07-28,,联网搜索
8007925,湖州佳乐福商城有限公司,food_beverage_007_001,线下现代渠道,BELONGS_TO_IND_NODE,2026-07-28,,联网搜索
610854,岁宝百货控股(中国)有限公司,food_beverage_007_001,线下现代渠道,BELONGS_TO_IND_NODE,2026-07-28,,联网搜索
6417042,湖南汇升生物科技有限公司,food_beverage_003_001,发酵调味品,BELONGS_TO_IND_NODE,2026-07-28,,联网搜索
2873311,郑州千味央厨食品股份有限公司,food_beverage_005_002,速冻米面食品,BELONGS_TO_IND_NODE,2026-07-28,,联网搜索
1999293,济南老来寿生物集团股份有限公司,food_beverage_005_016,营养补充食品,BELONGS_TO_IND_NODE,2026-07-28,,联网搜索
2924228,江苏安邦物流股份有限公司,food_beverage_007_015,冷链仓储,BELONGS_TO_IND_NODE,2026-07-28,,联网搜索
283254,新维国际控股有限公司,food_beverage_007_006,线上电商渠道,BELONGS_TO_IND_NODE,2026-07-28,,联网搜索
1904669,北京良物珍品电子商务股份有限公司,food_beverage_007_006,线上电商渠道,BELONGS_TO_IND_NODE,2026-07-28,,联网搜索
2923785,广东德力智慧物流股份有限公司,food_beverage_007_013,冷链物流与仓储,BELONGS_TO_IND_NODE,2026-07-28,,联网搜索
1377873,河南众品食品有限公司,food_beverage_005_005,肉制品加工,BELONGS_TO_IND_NODE,2026-07-28,,联网搜索
356832,烟台双塔食品股份有限公司,food_beverage_006_009,畜禽产品,BELONGS_TO_IND_NODE,2026-07-28,,联网搜索
2868623,山东健源生物工程股份有限公司,food_beverage_006_025,营养强化剂,BELONGS_TO_IND_NODE,2026-07-28,,联网搜索
5230662,宁夏华宝枸杞产业有限公司,food_beverage_006_013,果蔬原料,BELONGS_TO_IND_NODE,2026-07-28,,联网搜索
1238944,北京二商肉类食品集团有限公司,food_beverage_005_005,肉制品加工,BELONGS_TO_IND_NODE,2026-07-28,,联网搜索
5030438,内蒙古蒙牛圣牧高科奶业有限公司,food_beverage_006_012,生鲜乳,BELONGS_TO_IND_NODE,2026-07-28,,联网搜索
338902,阜丰集团有限公司,food_beverage_003_013,味精与鸡精,BELONGS_TO_IND_NODE,2026-07-28,,联网搜索
286161,中百控股集团股份有限公司,food_beverage_007_002,商超卖场,BELONGS_TO_IND_NODE,2026-07-28,,联网搜索
1977201,美捷汇控股有限公司,food_beverage_001_009,预调酒,BELONGS_TO_IND_NODE,2026-07-28,,联网搜索
6878608,新疆泰昆蛋白科技股份有限公司,food_beverage_006_009,畜禽产品,BELONGS_TO_IND_NODE,2026-07-28,,联网搜索
9831431,普乐师集团控股有限公司,food_beverage_007_006,线上电商渠道,BELONGS_TO_IND_NODE,2026-07-28,,联网搜索
2924523,上海大牧汗食品股份有限公司,food_beverage_005_006,熟肉制品加工,BELONGS_TO_IND_NODE,2026-07-28,,联网搜索
1736088,上海凯诘电子商务股份有限公司,food_beverage_007_006,线上电商渠道,BELONGS_TO_IND_NODE,2026-07-28,,联网搜索
286576,上海新世界股份有限公司,food_beverage_007_002,商超卖场,BELONGS_TO_IND_NODE,2026-07-28,,联网搜索
267104,晨光生物科技集团股份有限公司,food_beverage_006_020,香精香料,BELONGS_TO_IND_NODE,2026-07-28,,联网搜索
2844786,杭州壹网壹创科技股份有限公司,food_beverage_007_006,线上电商渠道,BELONGS_TO_IND_NODE,2026-07-28,,联网搜索
1999240,柳州爱格富食品科技股份有限公司,food_beverage_006_018,甜味剂,BELONGS_TO_IND_NODE,2026-07-28,,联网搜索
1088039,深圳茂业百货有限公司,food_beverage_007_002,商超卖场,BELONGS_TO_IND_NODE,2026-07-28,,联网搜索
11237065,大连海宝食品股份有限公司,food_beverage_006_010,水产品,BELONGS_TO_IND_NODE,2026-07-28,,联网搜索
853103,山东物流集团(青岛)有限公司,food_beverage_007_018,冷链运输,BELONGS_TO_IND_NODE,2026-07-28,,联网搜索
609495,曌生命控股有限公司,food_beverage_007_001,线下现代渠道,BELONGS_TO_IND_NODE,2026-07-28,,联网搜索
1083345,天津一商友谊股份有限公司,food_beverage_007_002,商超卖场,BELONGS_TO_IND_NODE,2026-07-28,,联网搜索
548336,秦皇岛金海粮油工业有限公司,food_beverage_006_002,粮食作物,BELONGS_TO_IND_NODE,2026-07-28,,联网搜索
473886,龙辉国际控股有限公司,food_beverage_007_005,餐饮与团餐渠道,BELONGS_TO_IND_NODE,2026-07-28,,联网搜索
1768271,新疆汇嘉时代百货股份有限公司,food_beverage_007_002,商超卖场,BELONGS_TO_IND_NODE,2026-07-28,,联网搜索
350554,荣晖控股有限公司,food_beverage_007_005,餐饮与团餐渠道,BELONGS_TO_IND_NODE,2026-07-28,,联网搜索
315785,北京京客隆商业集团股份有限公司,food_beverage_007_002,商超卖场,BELONGS_TO_IND_NODE,2026-07-28,,联网搜索
790689,海南航旅饮品股份有限公司,food_beverage_002_001,包装饮用水,BELONGS_TO_IND_NODE,2026-07-28,,联网搜索
364310,天虹数科商业股份有限公司,food_beverage_007_002,商超卖场,BELONGS_TO_IND_NODE,2026-07-28,,联网搜索
611224,成都红旗连锁股份有限公司,food_beverage_007_003,便利店与折扣店,BELONGS_TO_IND_NODE,2026-07-28,,联网搜索
2862478,吉林安广物流股份有限公司,food_beverage_007_018,冷链运输,BELONGS_TO_IND_NODE,2026-07-28,,联网搜索
314626,北京艾莱发喜食品有限公司,food_beverage_002_015,低温乳制品,BELONGS_TO_IND_NODE,2026-07-28,,联网搜索
286568,南宁百货大楼股份有限公司,food_beverage_007_002,商超卖场,BELONGS_TO_IND_NODE,2026-07-28,,联网搜索
624513,中兴-沈阳商业大厦(集团)股份有限公司,food_beverage_007_002,商超卖场,BELONGS_TO_IND_NODE,2026-07-28,,联网搜索
1357602,德御坊食品股份有限公司,food_beverage_002_001,包装饮用水,BELONGS_TO_IND_NODE,2026-07-28,,联网搜索
2606626,厦门茶人岭电子商务有限公司,food_beverage_007_006,线上电商渠道,BELONGS_TO_IND_NODE,2026-07-28,,联网搜索
2009958,山东东阿东方阿胶股份有限公司,food_beverage_005_016,营养补充食品,BELONGS_TO_IND_NODE,2026-07-28,,联网搜索
2024171,吉林省金塔实业(集团)股份有限公司,food_beverage_006_013,果蔬原料,BELONGS_TO_IND_NODE,2026-07-28,,联网搜索
6700365,杭州富义仓米业有限公司,food_beverage_006_002,粮食作物,BELONGS_TO_IND_NODE,2026-07-28,,联网搜索
2876421,周黑鸭国际控股有限公司,food_beverage_004_003,卤味与肉类零食,BELONGS_TO_IND_NODE,2026-07-28,,联网搜索
3350572,安捷包装(苏州)股份有限公司,food_beverage_006_029,纸包装,BELONGS_TO_IND_NODE,2026-07-28,,联网搜索
1739681,深圳市鸿益达供应链股份有限公司,food_beverage_007_015,冷链仓储,BELONGS_TO_IND_NODE,2026-07-28,,联网搜索
611274,国农金融投资有限公司,food_beverage_001_009,预调酒,BELONGS_TO_IND_NODE,2026-07-28,,联网搜索
2119861,山东金鹏生物科技有限公司,food_beverage_006_005,油料作物,BELONGS_TO_IND_NODE,2026-07-28,,联网搜索
770201,浙江小贝大美控股有限公司,food_beverage_002_012,乳制品制造,BELONGS_TO_IND_NODE,2026-07-28,,联网搜索
342778,甘肃莫高实业发展股份有限公司,food_beverage_001_007,葡萄酒,BELONGS_TO_IND_NODE,2026-07-28,,联网搜索
285250,承德露露股份公司,food_beverage_002_009,植物蛋白饮料,BELONGS_TO_IND_NODE,2026-07-28,,联网搜索
311309,湖南盐业集团有限公司,food_beverage_003_012,食盐,BELONGS_TO_IND_NODE,2026-07-28,,联网搜索
1876182,大连东霖食品股份有限公司,food_beverage_005_005,肉制品加工,BELONGS_TO_IND_NODE,2026-07-28,,联网搜索
285682,百大集团股份有限公司,food_beverage_007_002,商超卖场,BELONGS_TO_IND_NODE,2026-07-28,,联网搜索
286785,大商股份有限公司,food_beverage_007_002,商超卖场,BELONGS_TO_IND_NODE,2026-07-28,,联网搜索
289327,利亚零售有限公司,food_beverage_007_003,便利店与折扣店,BELONGS_TO_IND_NODE,2026-07-28,,联网搜索
363449,益海嘉里金龙鱼食品集团股份有限公司,food_beverage_006_002,粮食作物,BELONGS_TO_IND_NODE,2026-07-28,,联网搜索
363449,益海嘉里金龙鱼食品集团股份有限公司,food_beverage_006_005,油料作物,BELONGS_TO_IND_NODE,2026-07-28,,联网搜索
283791,宁波中百股份有限公司,food_beverage_007_002,商超卖场,BELONGS_TO_IND_NODE,2026-07-28,,联网搜索
1829441,洛娃科技实业集团有限公司,food_beverage_002_012,乳制品制造,BELONGS_TO_IND_NODE,2026-07-28,,联网搜索
1357601,四川自贡百味斋食品股份有限公司,food_beverage_003_008,火锅底料,BELONGS_TO_IND_NODE,2026-07-28,,联网搜索
1921668,原生态牧业有限公司,food_beverage_006_012,生鲜乳,BELONGS_TO_IND_NODE,2026-07-28,,联网搜索
1917592,云南羊泉生物科技股份有限公司,food_beverage_003_003,酱油,BELONGS_TO_IND_NODE,2026-07-28,,联网搜索
610912,西王集团有限公司,food_beverage_006_006,大豆及蛋白粕,BELONGS_TO_IND_NODE,2026-07-28,,联网搜索
2051439,天方茶业股份有限公司,food_beverage_006_016,茶叶萃取原料,BELONGS_TO_IND_NODE,2026-07-28,,联网搜索
2022114,大连金玛商城企业集团有限公司,food_beverage_007_002,商超卖场,BELONGS_TO_IND_NODE,2026-07-28,,联网搜索
1359846,河南众品食业股份有限公司,food_beverage_005_005,肉制品加工,BELONGS_TO_IND_NODE,2026-07-28,,联网搜索
615967,内蒙古蒙牛乳业(集团)股份有限公司,food_beverage_002_013,常温液态奶,BELONGS_TO_IND_NODE,2026-07-28,,联网搜索
615967,内蒙古蒙牛乳业(集团)股份有限公司,food_beverage_002_015,低温乳制品,BELONGS_TO_IND_NODE,2026-07-28,,联网搜索
8137764,兰雀食品科技有限公司,food_beverage_002_016,奶粉与干乳制品,BELONGS_TO_IND_NODE,2026-07-28,,联网搜索
6711868,山东新和盛飨食集团有限公司,food_beverage_005_005,肉制品加工,BELONGS_TO_IND_NODE,2026-07-28,,联网搜索
317774,山东省商业集团有限公司,food_beverage_007_002,商超卖场,BELONGS_TO_IND_NODE,2026-07-28,,联网搜索
1370403,浙江益纸淀粉科技股份有限公司,food_beverage_006_002,粮食作物,BELONGS_TO_IND_NODE,2026-07-28,,联网搜索
8149564,杭州优全生活科技股份有限公司,food_beverage_007_003,便利店与折扣店,BELONGS_TO_IND_NODE,2026-07-28,,联网搜索
5386425,北京北建通成国际物流有限公司,food_beverage_007_015,冷链仓储,BELONGS_TO_IND_NODE,2026-07-28,,联网搜索
1069136,桃李面包股份有限公司,food_beverage_004_011,短保面包,BELONGS_TO_IND_NODE,2026-07-28,,联网搜索
739669,重庆商社(集团)有限公司,food_beverage_007_002,商超卖场,BELONGS_TO_IND_NODE,2026-07-28,,联网搜索
592681,上海徐汇商业(集团)有限公司,food_beverage_007_002,商超卖场,BELONGS_TO_IND_NODE,2026-07-28,,联网搜索
287467,蓝星安迪苏股份有限公司,food_beverage_006_017,食品添加剂与配料,BELONGS_TO_IND_NODE,2026-07-28,,联网搜索
8065162,擎扬包装科技(上海)有限公司,food_beverage_006_035,复合软包装,BELONGS_TO_IND_NODE,2026-07-28,,联网搜索
357430,盛融控股有限公司,food_beverage_005_005,肉制品加工,BELONGS_TO_IND_NODE,2026-07-28,,联网搜索
1967626,湖北米婆婆生物科技股份有限公司,food_beverage_001_008,黄酒,BELONGS_TO_IND_NODE,2026-07-28,,联网搜索
2049486,云南腾晋物流股份有限公司,food_beverage_007_015,冷链仓储,BELONGS_TO_IND_NODE,2026-07-28,,联网搜索
2844491,北京纯聚科技股份有限公司,food_beverage_007_003,便利店与折扣店,BELONGS_TO_IND_NODE,2026-07-28,,联网搜索
2018313,大连弘佳物流有限公司,food_beverage_007_013,冷链物流与仓储,BELONGS_TO_IND_NODE,2026-07-28,,联网搜索
1102247,杭州市商贸旅游集团有限公司,food_beverage_007_002,商超卖场,BELONGS_TO_IND_NODE,2026-07-28,,联网搜索
7569081,锅圈食品(上海)股份有限公司,food_beverage_005_004,速冻火锅料,BELONGS_TO_IND_NODE,2026-07-28,,联网搜索
7569081,锅圈食品(上海)股份有限公司,food_beverage_005_010,料理包与半成品菜,BELONGS_TO_IND_NODE,2026-07-28,,联网搜索
2049483,辽宁西柳商贸物流集团有限公司,food_beverage_007_013,冷链物流与仓储,BELONGS_TO_IND_NODE,2026-07-28,,联网搜索
9507003,申驰通物流(上海)有限公司,food_beverage_007_013,冷链物流与仓储,BELONGS_TO_IND_NODE,2026-07-28,,联网搜索
23996785,河北永和荣达生物科技股份有限公司,food_beverage_006_017,食品添加剂与配料,BELONGS_TO_IND_NODE,2026-07-28,,联网搜索
298562,三全食品股份有限公司,food_beverage_005_003,速冻水饺,BELONGS_TO_IND_NODE,2026-07-28,,联网搜索
285465,王府井集团股份有限公司,food_beverage_007_002,商超卖场,BELONGS_TO_IND_NODE,2026-07-28,,联网搜索
4122779,怡园酒业控股有限公司,food_beverage_001_007,葡萄酒,BELONGS_TO_IND_NODE,2026-07-28,,联网搜索
607335,北京翠微大厦股份有限公司,food_beverage_007_002,商超卖场,BELONGS_TO_IND_NODE,2026-07-28,,联网搜索
28016187,聚水潭集团股份有限公司,food_beverage_007_006,线上电商渠道,BELONGS_TO_IND_NODE,2026-07-28,,联网搜索
1106233,山东省盐业集团有限公司,food_beverage_003_012,食盐,BELONGS_TO_IND_NODE,2026-07-28,,联网搜索
286616,包头华资实业股份有限公司,food_beverage_006_007,糖料作物,BELONGS_TO_IND_NODE,2026-07-28,,联网搜索
1726901,湖北李时珍生物科技股份有限公司,food_beverage_005_016,营养补充食品,BELONGS_TO_IND_NODE,2026-07-28,,联网搜索
1164917,齐齐哈尔瑞盛食品制造有限公司,food_beverage_006_005,油料作物,BELONGS_TO_IND_NODE,2026-07-28,,联网搜索
1148852,老娘舅餐饮股份有限公司,food_beverage_007_005,餐饮与团餐渠道,BELONGS_TO_IND_NODE,2026-07-28,,联网搜索
2928781,广东展翠食品股份有限公司,food_beverage_004_001,休闲食品制造,BELONGS_TO_IND_NODE,2026-07-28,,联网搜索
608894,成都希望食品有限公司,food_beverage_005_005,肉制品加工,BELONGS_TO_IND_NODE,2026-07-28,,联网搜索
607432,中国幸福投资(控股)有限公司,food_beverage_001_001,白酒,BELONGS_TO_IND_NODE,2026-07-28,,联网搜索
315324,广州市广百股份有限公司,food_beverage_007_002,商超卖场,BELONGS_TO_IND_NODE,2026-07-28,,联网搜索
316696,永安国际有限公司,food_beverage_007_002,商超卖场,BELONGS_TO_IND_NODE,2026-07-28,,联网搜索
304477,武汉商贸国有控股集团有限公司,food_beverage_007_015,冷链仓储,BELONGS_TO_IND_NODE,2026-07-28,,联网搜索
5161987,遨森电子商务股份有限公司,food_beverage_007_006,线上电商渠道,BELONGS_TO_IND_NODE,2026-07-28,,联网搜索
6697772,内蒙古草原蒙福食品股份有限公司,food_beverage_005_005,肉制品加工,BELONGS_TO_IND_NODE,2026-07-28,,联网搜索
292082,大成玉米集团有限公司,food_beverage_006_002,粮食作物,BELONGS_TO_IND_NODE,2026-07-28,,联网搜索
496381,陕西海升果业发展股份有限公司,food_beverage_002_005,果汁与果蔬饮料,BELONGS_TO_IND_NODE,2026-07-28,,联网搜索
308738,味丹国际(控股)有限公司,food_beverage_003_013,味精与鸡精,BELONGS_TO_IND_NODE,2026-07-28,,联网搜索
287957,杭州解百集团股份有限公司,food_beverage_007_002,商超卖场,BELONGS_TO_IND_NODE,2026-07-28,,联网搜索
542131,四川省盐业集团有限责任公司,food_beverage_003_012,食盐,BELONGS_TO_IND_NODE,2026-07-28,,联网搜索
602864,中炬高新技术实业(集团)股份有限公司,food_beverage_003_003,酱油,BELONGS_TO_IND_NODE,2026-07-28,,联网搜索
286563,浙江中国小商品城集团股份有限公司,food_beverage_007_004,传统流通渠道,BELONGS_TO_IND_NODE,2026-07-28,,联网搜索
6105656,无锡天鹏菜篮子工程有限公司,food_beverage_005_009,净菜产品,BELONGS_TO_IND_NODE,2026-07-28,,联网搜索
4799741,海皇食品(天津)有限公司,food_beverage_005_001,速冻食品制造,BELONGS_TO_IND_NODE,2026-07-28,,联网搜索
604849,新疆冠农股份有限公司,food_beverage_006_013,果蔬原料,BELONGS_TO_IND_NODE,2026-07-28,,联网搜索
286145,维维食品饮料股份有限公司,food_beverage_002_010,豆奶与豆浆饮料,BELONGS_TO_IND_NODE,2026-07-28,,联网搜索
1164990,吉香居食品有限公司,food_beverage_003_002,复合调味料,BELONGS_TO_IND_NODE,2026-07-28,,联网搜索
4703932,国投生物能源(海伦)有限公司,food_beverage_006_008,白砂糖与糖浆原料,BELONGS_TO_IND_NODE,2026-07-28,,联网搜索
2118674,山东圣琪生物有限公司,food_beverage_006_026,酶制剂与发酵配料,BELONGS_TO_IND_NODE,2026-07-28,,联网搜索
286541,上海豫园旅游商城(集团)股份有限公司,food_beverage_007_002,商超卖场,BELONGS_TO_IND_NODE,2026-07-28,,联网搜索
286695,中粮生物科技股份有限公司,food_beverage_006_008,白砂糖与糖浆原料,BELONGS_TO_IND_NODE,2026-07-28,,联网搜索
6280052,肇庆焕发生物科技有限公司,food_beverage_006_020,香精香料,BELONGS_TO_IND_NODE,2026-07-28,,联网搜索
5160179,纽瑞滋(上海)食品有限公司,food_beverage_002_016,奶粉与干乳制品,BELONGS_TO_IND_NODE,2026-07-28,,联网搜索
348924,世纪金花商业控股有限公司,food_beverage_007_002,商超卖场,BELONGS_TO_IND_NODE,2026-07-28,,联网搜索
4160075,亚洲渔港股份有限公司,food_beverage_007_018,冷链运输,BELONGS_TO_IND_NODE,2026-07-28,,联网搜索
1250433,吉林万家福食品股份有限公司,food_beverage_005_006,熟肉制品加工,BELONGS_TO_IND_NODE,2026-07-28,,联网搜索
469131,湖北省粮油集团有限公司,food_beverage_006_002,粮食作物,BELONGS_TO_IND_NODE,2026-07-28,,联网搜索
640171,青岛渤海农业发展有限公司,food_beverage_006_006,大豆及蛋白粕,BELONGS_TO_IND_NODE,2026-07-28,,联网搜索
2956088,宁波飞润海洋生物科技股份有限公司,food_beverage_005_005,肉制品加工,BELONGS_TO_IND_NODE,2026-07-28,,联网搜索
4798319,上海山林食品有限公司,food_beverage_005_006,熟肉制品加工,BELONGS_TO_IND_NODE,2026-07-28,,联网搜索
382093,山东龙力生物科技股份有限公司,food_beverage_006_018,甜味剂,BELONGS_TO_IND_NODE,2026-07-28,,联网搜索
8141642,赤峰宏发食品有限责任公司,food_beverage_005_006,熟肉制品加工,BELONGS_TO_IND_NODE,2026-07-28,,联网搜索
3262461,浙江元祖食品有限公司,food_beverage_004_012,中长保糕点,BELONGS_TO_IND_NODE,2026-07-28,,联网搜索
285826,金健米业股份有限公司,food_beverage_002,乳品与非酒精饮料制造,BELONGS_TO_IND_NODE,2026-07-28,,联网搜索
614076,临沂新程金锣肉制品集团有限公司,food_beverage_005,肉制品与预制便捷食品制造,BELONGS_TO_IND_NODE,2026-07-28,,联网搜索
6076149,杭州饱嗝电子商务有限公司,food_beverage_006,食品原料、辅料与包材供应链,BELONGS_TO_IND_NODE,2026-07-28,,联网搜索
2994401,百胜中国控股有限公司,food_beverage_005,肉制品与预制便捷食品制造,BELONGS_TO_IND_NODE,2026-07-28,,联网搜索
3018758,劲仔食品集团股份有限公司,food_beverage_004,休闲食品与烘焙制造,BELONGS_TO_IND_NODE,2026-07-28,,联网搜索
2176828,珠海天香苑生物科技发展股份有限公司,food_beverage_003_006,酵母及衍生品,BELONGS_TO_IND_NODE,2026-07-28,,联网搜索
2426989,广州若羽臣科技股份有限公司,food_beverage_007_006,线上电商渠道,BELONGS_TO_IND_NODE,2026-07-28,,联网搜索
1735456,云南乍甸乳业有限责任公司,food_beverage_002_012,乳制品制造,BELONGS_TO_IND_NODE,2026-07-28,,联网搜索
869076,山东绿健生物技术有限公司,food_beverage_002_012,乳制品制造,BELONGS_TO_IND_NODE,2026-07-28,,联网搜索
2958436,上海宝立食品科技股份有限公司,food_beverage_003_002,复合调味料,BELONGS_TO_IND_NODE,2026-07-28,,联网搜索
2956311,成都巨龙生物科技股份有限公司,food_beverage_001_009,预调酒,BELONGS_TO_IND_NODE,2026-07-28,,联网搜索
2956393,浙江香海食品股份有限公司,food_beverage_005_005,肉制品加工,BELONGS_TO_IND_NODE,2026-07-28,,联网搜索
2956086,江苏快而捷物流股份有限公司,food_beverage_007_018,冷链运输,BELONGS_TO_IND_NODE,2026-07-28,,联网搜索
268839,亚洲果业控股有限公司,food_beverage_006_013,果蔬原料,BELONGS_TO_IND_NODE,2026-07-28,,联网搜索
3264195,山东香驰健源生物科技有限公司,food_beverage_006_006,大豆及蛋白粕,BELONGS_TO_IND_NODE,2026-07-28,,联网搜索
4807344,河北首衡农副产品有限公司,food_beverage_007_002,商超卖场,BELONGS_TO_IND_NODE,2026-07-28,,联网搜索
310614,恒基兆业发展有限公司,food_beverage_007_002,商超卖场,BELONGS_TO_IND_NODE,2026-07-28,,联网搜索
29576889,EDA集团控股有限公司,food_beverage_007_006,线上电商渠道,BELONGS_TO_IND_NODE,2026-07-28,,联网搜索
268824,澳优乳业股份有限公司,food_beverage_002_016,奶粉与干乳制品,BELONGS_TO_IND_NODE,2026-07-28,,联网搜索
3038295,深圳市日迅鑫科技股份有限公司,food_beverage_006,食品原料、辅料与包材供应链,BELONGS_TO_IND_NODE,2026-07-28,,联网搜索
3038290,浙江荣舟海洋产业股份有限公司,food_beverage_005_005,肉制品加工,BELONGS_TO_IND_NODE,2026-07-28,,联网搜索
2976720,太平洋酒吧集团控股有限公司,food_beverage_007_005,餐饮与团餐渠道,BELONGS_TO_IND_NODE,2026-07-28,,联网搜索
846185,加加食品集团股份有限公司,food_beverage_003_003,酱油,BELONGS_TO_IND_NODE,2026-07-28,,联网搜索
2952462,江西润心科技股份有限公司,food_beverage_006_005,油料作物,BELONGS_TO_IND_NODE,2026-07-28,,联网搜索
330186,河南省漯河市双汇实业集团有限责任公司,food_beverage_005_012,高温肉制品,BELONGS_TO_IND_NODE,2026-07-28,,联网搜索
3037515,江苏宏马物流股份有限公司,food_beverage_007_018,冷链运输,BELONGS_TO_IND_NODE,2026-07-28,,联网搜索
1345775,草原兴发食品科技(北京)股份有限公司,food_beverage_005_005,肉制品加工,BELONGS_TO_IND_NODE,2026-07-28,,联网搜索
1872267,浙江衢州东方集团股份有限公司,food_beverage_007_002,商超卖场,BELONGS_TO_IND_NODE,2026-07-28,,联网搜索
499978,南京音飞储存设备(集团)股份有限公司,food_beverage_007_015,冷链仓储,BELONGS_TO_IND_NODE,2026-07-28,,联网搜索
315616,慧聪集团有限公司,food_beverage_007_006,线上电商渠道,BELONGS_TO_IND_NODE,2026-07-28,,联网搜索
841975,云南龙生茶业股份有限公司,food_beverage_006_016,茶叶萃取原料,BELONGS_TO_IND_NODE,2026-07-28,,联网搜索
2956758,浙江越顺物流股份有限公司,food_beverage_007_018,冷链运输,BELONGS_TO_IND_NODE,2026-07-28,,联网搜索
2994210,上海绿洲源香料股份有限公司,food_beverage_006_020,香精香料,BELONGS_TO_IND_NODE,2026-07-28,,联网搜索
1125743,南京雨润食品有限公司,food_beverage_005_005,肉制品加工,BELONGS_TO_IND_NODE,2026-07-28,,联网搜索
3006757,陕西德元数字科技股份有限公司,food_beverage_007_018,冷链运输,BELONGS_TO_IND_NODE,2026-07-28,,联网搜索
2991901,广东便捷神科技股份有限公司,food_beverage_007_003,便利店与折扣店,BELONGS_TO_IND_NODE,2026-07-28,,联网搜索
4122368,黄山市超港食品有限公司,food_beverage_004_004,烘焙食品制造,BELONGS_TO_IND_NODE,2026-07-28,,联网搜索
285647,张家港保税科技(集团)股份有限公司,food_beverage_007_015,冷链仓储,BELONGS_TO_IND_NODE,2026-07-28,,联网搜索
340489,佳景集团有限公司,food_beverage_007_005,餐饮与团餐渠道,BELONGS_TO_IND_NODE,2026-07-28,,联网搜索
8310167,南京果果食品有限公司,food_beverage_004_001,休闲食品制造,BELONGS_TO_IND_NODE,2026-07-28,,联网搜索
286567,中粮糖业控股股份有限公司,food_beverage_006_007,糖料作物,BELONGS_TO_IND_NODE,2026-07-28,,联网搜索
2956959,南京味洲航空食品股份有限公司,food_beverage_005_008,预制菜与餐食加工,BELONGS_TO_IND_NODE,2026-07-28,,联网搜索
2956964,甘肃陇萃堂营养保健食品股份有限公司,food_beverage_005_011,保健食品制造,BELONGS_TO_IND_NODE,2026-07-28,,联网搜索
1164942,湖北裕国菇业股份有限公司,food_beverage_006_013,果蔬原料,BELONGS_TO_IND_NODE,2026-07-28,,联网搜索
351208,大连微冷食品股份有限公司,food_beverage_007_015,冷链仓储,BELONGS_TO_IND_NODE,2026-07-28,,联网搜索
334218,中国全聚德(集团)股份有限公司,food_beverage_007_005,餐饮与团餐渠道,BELONGS_TO_IND_NODE,2026-07-28,,联网搜索
2140547,南京虎凤蝶电子商务科技股份有限公司,food_beverage_007_001,线下现代渠道,BELONGS_TO_IND_NODE,2026-07-28,,联网搜索
3284167,四川百夫长清真食品股份有限公司,food_beverage_002_009,植物蛋白饮料,BELONGS_TO_IND_NODE,2026-07-28,,联网搜索
351274,中国蒙牛乳业有限公司,food_beverage_002_012,乳制品制造,BELONGS_TO_IND_NODE,2026-07-28,,联网搜索
3973528,ISP Global Limited,food_beverage_007_006,线上电商渠道,BELONGS_TO_IND_NODE,2026-07-28,,联网搜索
8192809,双财庄有限公司,food_beverage_007_002,商超卖场,BELONGS_TO_IND_NODE,2026-07-28,,联网搜索
346642,广州岭南商旅投资集团有限公司,food_beverage_007_001,线下现代渠道,BELONGS_TO_IND_NODE,2026-07-28,,联网搜索
302998,味千(中国)控股有限公司,food_beverage_007_005,餐饮与团餐渠道,BELONGS_TO_IND_NODE,2026-07-28,,联网搜索
1924710,河南恒瑞淀粉科技股份有限公司,food_beverage_006_002,粮食作物,BELONGS_TO_IND_NODE,2026-07-28,,联网搜索
3958722,聚利宝控股有限公司,food_beverage_007_005,餐饮与团餐渠道,BELONGS_TO_IND_NODE,2026-07-28,,联网搜索
349777,金鹰商贸集团有限公司,food_beverage_007_001,线下现代渠道,BELONGS_TO_IND_NODE,2026-07-28,,联网搜索
1957586,深圳市中吉号茶业股份有限公司,food_beverage_006_016,茶叶萃取原料,BELONGS_TO_IND_NODE,2026-07-28,,联网搜索
286449,梅花生物科技集团股份有限公司,food_beverage_003_013,味精与鸡精,BELONGS_TO_IND_NODE,2026-07-28,,联网搜索
1165147,早康枸杞股份有限公司,food_beverage_006_013,果蔬原料,BELONGS_TO_IND_NODE,2026-07-28,,联网搜索
327487,名科国际控股有限公司,food_beverage_007_006,线上电商渠道,BELONGS_TO_IND_NODE,2026-07-28,,联网搜索
286593,康欣新材料股份有限公司,food_beverage_006_029,纸包装,BELONGS_TO_IND_NODE,2026-07-28,,联网搜索
2110694,北海保通食品股份有限公司,food_beverage_005_005,肉制品加工,BELONGS_TO_IND_NODE,2026-07-28,,联网搜索
1250037,河南伊赛牛肉股份有限公司,food_beverage_005_005,肉制品加工,BELONGS_TO_IND_NODE,2026-07-28,,联网搜索
343421,北京物美商业集团股份有限公司,food_beverage_007_002,商超卖场,BELONGS_TO_IND_NODE,2026-07-28,,联网搜索
538315,好想你健康食品股份有限公司,food_beverage_004_002,坚果炒货,BELONGS_TO_IND_NODE,2026-07-28,,联网搜索
776750,北京绿润食品有限公司,food_beverage_006_013,果蔬原料,BELONGS_TO_IND_NODE,2026-07-28,,联网搜索
25558377,四川百茶百道实业股份有限公司,food_beverage_007_005,餐饮与团餐渠道,BELONGS_TO_IND_NODE,2026-07-28,,联网搜索
574032,三江购物俱乐部股份有限公司,food_beverage_007_002,商超卖场,BELONGS_TO_IND_NODE,2026-07-28,,联网搜索
3282438,南充三樱药用包装材料有限公司,food_beverage_006_035,复合软包装,BELONGS_TO_IND_NODE,2026-07-28,,联网搜索
356803,中细软科技控股有限公司,food_beverage_007_006,线上电商渠道,BELONGS_TO_IND_NODE,2026-07-28,,联网搜索
331106,佛山市海天调味食品股份有限公司,food_beverage_003_003,酱油,BELONGS_TO_IND_NODE,2026-07-28,,联网搜索
3426531,荣成协汇食品股份有限公司,food_beverage_003_008,火锅底料,BELONGS_TO_IND_NODE,2026-07-28,,联网搜索
586226,株洲百货股份有限公司,food_beverage_007_002,商超卖场,BELONGS_TO_IND_NODE,2026-07-28,,联网搜索
2198795,江苏中联物流股份有限公司,food_beverage_007_018,冷链运输,BELONGS_TO_IND_NODE,2026-07-28,,联网搜索
1250185,大连九羊乳业股份有限公司,food_beverage_002_012,乳制品制造,BELONGS_TO_IND_NODE,2026-07-28,,联网搜索
4123061,江西绿源油脂实业有限公司,food_beverage_006_005,油料作物,BELONGS_TO_IND_NODE,2026-07-28,,联网搜索
3282934,江西华诚海富生物工程有限公司,food_beverage_002,乳品与非酒精饮料制造,BELONGS_TO_IND_NODE,2026-07-28,,联网搜索
2205466,上海全胜物流股份有限公司,food_beverage_007_015,冷链仓储,BELONGS_TO_IND_NODE,2026-07-28,,联网搜索
325785,上海市糖业烟酒(集团)有限公司,food_beverage_007_002,商超卖场,BELONGS_TO_IND_NODE,2026-07-28,,联网搜索
5202335,广州智特奇生物科技股份有限公司,food_beverage_006_025,营养强化剂,BELONGS_TO_IND_NODE,2026-07-28,,联网搜索
6710366,山东诺德英物流有限公司,food_beverage_007_018,冷链运输,BELONGS_TO_IND_NODE,2026-07-28,,联网搜索
8108376,沪上阿姨(上海)实业股份有限公司,food_beverage_007_005,餐饮与团餐渠道,BELONGS_TO_IND_NODE,2026-07-28,,联网搜索
814382,高鑫零售有限公司,food_beverage_007_002,商超卖场,BELONGS_TO_IND_NODE,2026-07-28,,联网搜索
345042,山东东方海洋科技股份有限公司,food_beverage_006_010,水产品,BELONGS_TO_IND_NODE,2026-07-28,,联网搜索
858889,克莉丝汀国际控股有限公司,food_beverage_004_004,烘焙食品制造,BELONGS_TO_IND_NODE,2026-07-28,,联网搜索
1886972,安徽詹氏食品股份有限公司,food_beverage_004_002,坚果炒货,BELONGS_TO_IND_NODE,2026-07-28,,联网搜索
1252251,迈安德集团有限公司,food_beverage_006_006,大豆及蛋白粕,BELONGS_TO_IND_NODE,2026-07-28,,联网搜索
2956404,美灵宝现代农业股份有限公司,food_beverage_006_016,茶叶萃取原料,BELONGS_TO_IND_NODE,2026-07-28,,联网搜索
8112649,中国优然牧业集团有限公司,food_beverage_006_012,生鲜乳,BELONGS_TO_IND_NODE,2026-07-28,,联网搜索
285215,银川新华百货商业集团股份有限公司,food_beverage_007_002,商超卖场,BELONGS_TO_IND_NODE,2026-07-28,,联网搜索
369385,山东得利斯食品股份有限公司,food_beverage_005_006,熟肉制品加工,BELONGS_TO_IND_NODE,2026-07-28,,联网搜索
3283144,黑龙江海赫饮品有限公司,food_beverage_002_001,包装饮用水,BELONGS_TO_IND_NODE,2026-07-28,,联网搜索
2994208,上海凯淳实业股份有限公司,food_beverage_007_006,线上电商渠道,BELONGS_TO_IND_NODE,2026-07-28,,联网搜索
2957047,福建省沈郎油茶股份有限公司,food_beverage_006_005,油料作物,BELONGS_TO_IND_NODE,2026-07-28,,联网搜索
886086,山东三元生物科技股份有限公司,food_beverage_006_019,糖醇与天然代糖,BELONGS_TO_IND_NODE,2026-07-28,,联网搜索
7842348,锦航能源科技(天津)有限公司,food_beverage_007_015,冷链仓储,BELONGS_TO_IND_NODE,2026-07-28,,联网搜索
3284057,北京金百万餐饮股份有限公司,food_beverage_007_005,餐饮与团餐渠道,BELONGS_TO_IND_NODE,2026-07-28,,联网搜索
2994233,上海高更食品科技股份有限公司,food_beverage_003,调味发酵品制造,BELONGS_TO_IND_NODE,2026-07-28,,联网搜索
338636,北京新华空港航空食品有限公司,food_beverage_005,肉制品与预制便捷食品制造,BELONGS_TO_IND_NODE,2026-07-28,,联网搜索
2994180,延边金刚山食品股份有限公司,food_beverage_003,调味发酵品制造,BELONGS_TO_IND_NODE,2026-07-28,,联网搜索
807595,四川岷江雪盐化有限公司,food_beverage_003_012,食盐,BELONGS_TO_IND_NODE,2026-07-28,,联网搜索
3426157,秦皇岛慈生堂食品股份有限公司,food_beverage_006_013,果蔬原料,BELONGS_TO_IND_NODE,2026-07-28,,联网搜索
458670,新疆天润乳业股份有限公司,food_beverage_002_012,乳制品制造,BELONGS_TO_IND_NODE,2026-07-28,,联网搜索
3356821,中凰国际供应链(广东)股份有限公司,food_beverage_001,酒类制造,BELONGS_TO_IND_NODE,2026-07-28,,联网搜索
294357,北京王府井国际商业发展有限公司,food_beverage_007_001,线下现代渠道,BELONGS_TO_IND_NODE,2026-07-28,,联网搜索
2533025,汕尾高峰科特纸业股份有限公司,food_beverage_006_029,纸包装,BELONGS_TO_IND_NODE,2026-07-28,,联网搜索
1154217,威龙葡萄酒股份有限公司,food_beverage_001_007,葡萄酒,BELONGS_TO_IND_NODE,2026-07-28,,联网搜索
4944032,河北一然生物科技股份有限公司,food_beverage_002_008,电解质饮料,BELONGS_TO_IND_NODE,2026-07-28,,联网搜索
2552423,内蒙古澳菲利食品股份有限公司,food_beverage_005_005,肉制品加工,BELONGS_TO_IND_NODE,2026-07-28,,联网搜索
2521730,广州盛盈汇电子商务股份有限公司,food_beverage_007_006,线上电商渠道,BELONGS_TO_IND_NODE,2026-07-28,,联网搜索
2549896,山东综艺联创包装股份有限公司,food_beverage_006_029,纸包装,BELONGS_TO_IND_NODE,2026-07-28,,联网搜索
286355,中储发展股份有限公司,food_beverage_007_015,冷链仓储,BELONGS_TO_IND_NODE,2026-07-28,,联网搜索
2546739,广西海世通食品股份有限公司,food_beverage_005_001,速冻食品制造,BELONGS_TO_IND_NODE,2026-07-28,,联网搜索
3391585,青岛日辰食品股份有限公司,food_beverage_003_010,餐饮定制调味料,BELONGS_TO_IND_NODE,2026-07-28,,联网搜索
2431613,广东佳业食品有限公司,food_beverage_004_007,糖果巧克力,BELONGS_TO_IND_NODE,2026-07-28,,联网搜索
8012128,江苏健安物流有限公司,food_beverage_007_015,冷链仓储,BELONGS_TO_IND_NODE,2026-07-28,,联网搜索
2546613,广西桂牛水牛乳业股份有限公司,food_beverage_002_012,乳制品制造,BELONGS_TO_IND_NODE,2026-07-28,,联网搜索
2070516,海南火焰柒号文化传媒股份有限公司,food_beverage_007_006,线上电商渠道,BELONGS_TO_IND_NODE,2026-07-28,,联网搜索
2540121,陕西伟恒生物科技股份有限公司,food_beverage_006_009,畜禽产品,BELONGS_TO_IND_NODE,2026-07-28,,联网搜索
886072,中澳控股集团有限公司,food_beverage_005_005,肉制品加工,BELONGS_TO_IND_NODE,2026-07-28,,联网搜索
6816278,青岛聚大洋藻业集团有限公司,food_beverage_006_023,乳化稳定剂与胶体,BELONGS_TO_IND_NODE,2026-07-28,,联网搜索
3426363,山西东方亮生命科技股份有限公司,food_beverage_006_002,粮食作物,BELONGS_TO_IND_NODE,2026-07-28,,联网搜索
4180446,万励达国际有限公司,food_beverage_007_013,冷链物流与仓储,BELONGS_TO_IND_NODE,2026-07-28,,联网搜索
1083230,浙江华统肉制品股份有限公司,food_beverage_005_005,肉制品加工,BELONGS_TO_IND_NODE,2026-07-28,,联网搜索
6684670,广东润科生物工程股份有限公司,food_beverage_006_025,营养强化剂,BELONGS_TO_IND_NODE,2026-07-28,,联网搜索
3336300,椰丰集团有限公司,food_beverage_006_013,果蔬原料,BELONGS_TO_IND_NODE,2026-07-28,,联网搜索
339096,维他奶国际集团有限公司,food_beverage_002_011,含乳饮料,BELONGS_TO_IND_NODE,2026-07-28,,联网搜索
334776,香港食品投资控股有限公司,food_beverage_005_005,肉制品加工,BELONGS_TO_IND_NODE,2026-07-28,,联网搜索
286322,西安饮食股份有限公司,food_beverage_007_005,餐饮与团餐渠道,BELONGS_TO_IND_NODE,2026-07-28,,联网搜索
5781796,云南红创包装有限公司,food_beverage_006_028,包装材料,BELONGS_TO_IND_NODE,2026-07-28,,联网搜索
4114608,恒月控股有限公司,food_beverage_007_002,商超卖场,BELONGS_TO_IND_NODE,2026-07-28,,联网搜索
641021,安徽富煌三珍食品集团有限公司,food_beverage_006_010,水产品,BELONGS_TO_IND_NODE,2026-07-28,,联网搜索
2540368,猫屎咖啡控股有限公司,food_beverage_007_005,餐饮与团餐渠道,BELONGS_TO_IND_NODE,2026-07-28,,联网搜索
1127938,青岛海升果业有限责任公司,food_beverage_002_005,果汁与果蔬饮料,BELONGS_TO_IND_NODE,2026-07-28,,联网搜索
287378,南方黑芝麻集团股份有限公司,food_beverage_004_001,休闲食品制造,BELONGS_TO_IND_NODE,2026-07-28,,联网搜索
303607,王朝酒业集团有限公司,food_beverage_001_007,葡萄酒,BELONGS_TO_IND_NODE,2026-07-28,,联网搜索
2546681,新疆伊珠葡萄酒股份有限公司,food_beverage_001_007,葡萄酒,BELONGS_TO_IND_NODE,2026-07-28,,联网搜索
831147,跨境通宝电子商务股份有限公司,food_beverage_007_006,线上电商渠道,BELONGS_TO_IND_NODE,2026-07-28,,联网搜索
286371,内蒙古伊利实业集团股份有限公司,food_beverage_002_012,乳制品制造,BELONGS_TO_IND_NODE,2026-07-28,,联网搜索
338850,中国雨润食品集团有限公司,food_beverage_005_005,肉制品加工,BELONGS_TO_IND_NODE,2026-07-28,,联网搜索
6079682,新蓝海乳业(北京)有限公司,food_beverage_002_012,乳制品制造,BELONGS_TO_IND_NODE,2026-07-28,,联网搜索
2496013,黑龙江省恒源食品股份有限公司,food_beverage_006_013,果蔬原料,BELONGS_TO_IND_NODE,2026-07-28,,联网搜索
286093,吉林泉阳泉股份有限公司,food_beverage_002_001,包装饮用水,BELONGS_TO_IND_NODE,2026-07-28,,联网搜索
814028,百利达集团控股有限公司,food_beverage_001_009,预调酒,BELONGS_TO_IND_NODE,2026-07-28,,联网搜索
285213,沈阳商业城股份有限公司,food_beverage_007_002,商超卖场,BELONGS_TO_IND_NODE,2026-07-28,,联网搜索
2540177,江西风尚电视购物股份有限公司,food_beverage_007_006,线上电商渠道,BELONGS_TO_IND_NODE,2026-07-28,,联网搜索
285695,上海九百股份有限公司,food_beverage_007_002,商超卖场,BELONGS_TO_IND_NODE,2026-07-28,,联网搜索
3263749,九州通医药集团物流有限公司,food_beverage_007_015,冷链仓储,BELONGS_TO_IND_NODE,2026-07-28,,联网搜索
3263749,九州通医药集团物流有限公司,food_beverage_007_018,冷链运输,BELONGS_TO_IND_NODE,2026-07-28,,联网搜索
285870,上海金枫酒业股份有限公司,food_beverage_001_008,黄酒,BELONGS_TO_IND_NODE,2026-07-28,,联网搜索
286401,深圳市深粮控股股份有限公司,food_beverage_006_002,粮食作物,BELONGS_TO_IND_NODE,2026-07-28,,联网搜索
770209,健合(H&H)国际控股有限公司,food_beverage_002_016,奶粉与干乳制品,BELONGS_TO_IND_NODE,2026-07-28,,联网搜索
314648,浙江伊宝馨生物科技股份有限公司,food_beverage_006_017,食品添加剂与配料,BELONGS_TO_IND_NODE,2026-07-28,,联网搜索
331358,南通醋酸化工股份有限公司,food_beverage_006_017,食品添加剂与配料,BELONGS_TO_IND_NODE,2026-07-28,,联网搜索
341184,中国食品有限公司,food_beverage_002_001,包装饮用水,BELONGS_TO_IND_NODE,2026-07-28,,联网搜索
341184,中国食品有限公司,food_beverage_002_002,碳酸饮料,BELONGS_TO_IND_NODE,2026-07-28,,联网搜索
341184,中国食品有限公司,food_beverage_002_005,果汁与果蔬饮料,BELONGS_TO_IND_NODE,2026-07-28,,联网搜索
285473,长沙通程控股股份有限公司,food_beverage_007_002,商超卖场,BELONGS_TO_IND_NODE,2026-07-28,,联网搜索
2428276,江苏同益国际物流股份有限公司,food_beverage_007_018,冷链运输,BELONGS_TO_IND_NODE,2026-07-28,,联网搜索
2539114,五常市乔府大院农业股份有限公司,food_beverage_006_002,粮食作物,BELONGS_TO_IND_NODE,2026-07-28,,联网搜索
286303,大连友谊(集团)股份有限公司,food_beverage_007_002,商超卖场,BELONGS_TO_IND_NODE,2026-07-28,,联网搜索
1880921,渔阳饭店有限公司,food_beverage_007_005,餐饮与团餐渠道,BELONGS_TO_IND_NODE,2026-07-28,,联网搜索
3972764,温州温都猫股份有限公司,food_beverage_007_002,商超卖场,BELONGS_TO_IND_NODE,2026-07-28,,联网搜索
3972764,温州温都猫股份有限公司,food_beverage_007_003,便利店与折扣店,BELONGS_TO_IND_NODE,2026-07-28,,联网搜索
8229856,海伦司国际控股有限公司,food_beverage_007_005,餐饮与团餐渠道,BELONGS_TO_IND_NODE,2026-07-28,,联网搜索
3962688,桂林西麦食品股份有限公司,food_beverage_004_010,饼干,BELONGS_TO_IND_NODE,2026-07-28,,联网搜索
4106732,大团结农业股份有限公司,food_beverage_006_002,粮食作物,BELONGS_TO_IND_NODE,2026-07-28,,联网搜索
4142759,英记茶庄集团有限公司,food_beverage_006_016,茶叶萃取原料,BELONGS_TO_IND_NODE,2026-07-28,,联网搜索
2540134,北京朔方科技发展股份有限公司,food_beverage_006_002,粮食作物,BELONGS_TO_IND_NODE,2026-07-28,,联网搜索
3428535,倩碧控股有限公司,food_beverage_007_005,餐饮与团餐渠道,BELONGS_TO_IND_NODE,2026-07-28,,联网搜索
2546617,天图控股集团股份有限公司,food_beverage_007_015,冷链仓储,BELONGS_TO_IND_NODE,2026-07-28,,联网搜索
2087713,内蒙古草原宏宝食品股份有限公司,food_beverage_005_005,肉制品加工,BELONGS_TO_IND_NODE,2026-07-28,,联网搜索
1335314,熊猫乳品集团股份有限公司,food_beverage_002_012,乳制品制造,BELONGS_TO_IND_NODE,2026-07-28,,联网搜索
2476292,张家口长城乳业有限公司,food_beverage_002_012,乳制品制造,BELONGS_TO_IND_NODE,2026-07-28,,联网搜索
2539097,北京瓜尔润科技股份有限公司,food_beverage_006_024,增稠胶体,BELONGS_TO_IND_NODE,2026-07-28,,联网搜索
286231,兰州丽尚国潮实业集团股份有限公司,food_beverage_007_002,商超卖场,BELONGS_TO_IND_NODE,2026-07-28,,联网搜索
1949118,营口沿海产业物流基地有限公司,food_beverage_007_015,冷链仓储,BELONGS_TO_IND_NODE,2026-07-28,,联网搜索
1732773,河北快运集团有限公司,food_beverage_007_018,冷链运输,BELONGS_TO_IND_NODE,2026-07-28,,联网搜索
1923254,梁山菱花生物科技有限公司,food_beverage_003_006,酵母及衍生品,BELONGS_TO_IND_NODE,2026-07-28,,联网搜索
2546624,黑龙江省五米常香农业科技发展股份有限公司,food_beverage_006_002,粮食作物,BELONGS_TO_IND_NODE,2026-07-28,,联网搜索
8229854,绿茶集团有限公司,food_beverage_007_005,餐饮与团餐渠道,BELONGS_TO_IND_NODE,2026-07-28,,联网搜索
891237,丹东禾丰成三食品有限公司,food_beverage_005_005,肉制品加工,BELONGS_TO_IND_NODE,2026-07-28,,联网搜索
1809220,河南巨龙生物工程股份有限公司,food_beverage_006_018,甜味剂,BELONGS_TO_IND_NODE,2026-07-28,,联网搜索
1945594,吉林派诺生物技术股份有限公司,food_beverage_006_018,甜味剂,BELONGS_TO_IND_NODE,2026-07-28,,联网搜索
8243148,谭仔国际有限公司,food_beverage_007_005,餐饮与团餐渠道,BELONGS_TO_IND_NODE,2026-07-28,,联网搜索
315135,中国物流股份有限公司,food_beverage_007_018,冷链运输,BELONGS_TO_IND_NODE,2026-07-28,,联网搜索
2138931,富临集团控股有限公司,food_beverage_007_005,餐饮与团餐渠道,BELONGS_TO_IND_NODE,2026-07-28,,联网搜索
1070551,福建光阳蛋业股份有限公司,food_beverage_006_009,畜禽产品,BELONGS_TO_IND_NODE,2026-07-28,,联网搜索
3428536,亚洲实业集团(控股)有限公司,food_beverage_007_015,冷链仓储,BELONGS_TO_IND_NODE,2026-07-28,,联网搜索
288494,合兴集团控股有限公司,food_beverage_007_005,餐饮与团餐渠道,BELONGS_TO_IND_NODE,2026-07-28,,联网搜索
1106071,江苏淮安苏食肉品有限公司,food_beverage_005_005,肉制品加工,BELONGS_TO_IND_NODE,2026-07-28,,联网搜索
2549969,宁夏新华物流股份有限公司,food_beverage_007_018,冷链运输,BELONGS_TO_IND_NODE,2026-07-28,,联网搜索
325899,深圳茂业商厦有限公司,food_beverage_007_001,线下现代渠道,BELONGS_TO_IND_NODE,2026-07-28,,联网搜索
1285476,广西建工集团智慧制造有限公司,food_beverage_007_018,冷链运输,BELONGS_TO_IND_NODE,2026-07-28,,联网搜索
319948,孟州市金玉米有限责任公司,food_beverage_006_002,粮食作物,BELONGS_TO_IND_NODE,2026-07-28,,联网搜索
8200971,陕西省秦川大厨食品股份有限公司,food_beverage_003_007,中式复合调味料,BELONGS_TO_IND_NODE,2026-07-28,,联网搜索
2375575,云南海潮集团听牧肉牛产业股份有限公司,food_beverage_005_005,肉制品加工,BELONGS_TO_IND_NODE,2026-07-28,,联网搜索
2060767,上海手乐电子商务股份有限公司,food_beverage_007_006,线上电商渠道,BELONGS_TO_IND_NODE,2026-07-28,,联网搜索
285507,浙江东日股份有限公司,food_beverage_007_001,线下现代渠道,BELONGS_TO_IND_NODE,2026-07-28,,联网搜索
323150,江苏苏豪天鹏农产品集团有限公司,food_beverage_006_009,畜禽产品,BELONGS_TO_IND_NODE,2026-07-28,,联网搜索
8351008,湖南味知巢餐饮连锁管理有限公司,food_beverage_007_005,餐饮与团餐渠道,BELONGS_TO_IND_NODE,2026-07-28,,联网搜索
3426323,镇江宝华物流有限公司,food_beverage_007_018,冷链运输,BELONGS_TO_IND_NODE,2026-07-28,,联网搜索
1331143,新疆梅花氨基酸有限责任公司,food_beverage_006_026,酶制剂与发酵配料,BELONGS_TO_IND_NODE,2026-07-28,,联网搜索
2070515,深圳市三态电子商务股份有限公司,food_beverage_007_006,线上电商渠道,BELONGS_TO_IND_NODE,2026-07-28,,联网搜索
3356819,深圳市水润天下健康饮用水科技股份有限公司,food_beverage_002_001,包装饮用水,BELONGS_TO_IND_NODE,2026-07-28,,联网搜索
2111959,鸿福堂集团控股有限公司,food_beverage_002_003,茶饮料,BELONGS_TO_IND_NODE,2026-07-28,,联网搜索
2539124,南京联畅物流股份有限公司,food_beverage_007_015,冷链仓储,BELONGS_TO_IND_NODE,2026-07-28,,联网搜索
3356219,江西正味食品有限公司,food_beverage_006_013,果蔬原料,BELONGS_TO_IND_NODE,2026-07-28,,联网搜索
839542,新疆晨曦椒业有限公司,food_beverage_006_013,果蔬原料,BELONGS_TO_IND_NODE,2026-07-28,,联网搜索
2839625,濮阳市皇哺牛奶有限公司,food_beverage_002_012,乳制品制造,BELONGS_TO_IND_NODE,2026-07-28,,联网搜索
286783,上海妙可蓝多食品科技股份有限公司,food_beverage_002_012,乳制品制造,BELONGS_TO_IND_NODE,2026-07-28,,联网搜索
2406778,山东凯翔生物科技股份有限公司,food_beverage_006_026,酶制剂与发酵配料,BELONGS_TO_IND_NODE,2026-07-28,,联网搜索
308631,湖北安琪生物集团有限公司,food_beverage_003_006,酵母及衍生品,BELONGS_TO_IND_NODE,2026-07-28,,联网搜索
797122,河北养元智汇饮品股份有限公司,food_beverage_002_009,植物蛋白饮料,BELONGS_TO_IND_NODE,2026-07-28,,联网搜索
344441,先施有限公司,food_beverage_007_002,商超卖场,BELONGS_TO_IND_NODE,2026-07-28,,联网搜索
770526,中国现代牧业控股有限公司,food_beverage_006_012,生鲜乳,BELONGS_TO_IND_NODE,2026-07-28,,联网搜索
285756,上海光明肉业集团股份有限公司,food_beverage_005_005,肉制品加工,BELONGS_TO_IND_NODE,2026-07-28,,联网搜索
2546919,武汉红鼎豆捞餐饮股份有限公司,food_beverage_007_005,餐饮与团餐渠道,BELONGS_TO_IND_NODE,2026-07-28,,联网搜索
2345097,海益宝科技股份有限公司,food_beverage_005_004,速冻火锅料,BELONGS_TO_IND_NODE,2026-07-28,,联网搜索
4126858,浙江大家食品股份有限公司,food_beverage_005_002,速冻米面食品,BELONGS_TO_IND_NODE,2026-07-28,,联网搜索
285310,上海百联集团股份有限公司,food_beverage_007_002,商超卖场,BELONGS_TO_IND_NODE,2026-07-28,,联网搜索
2423582,银盛数惠数字有限公司,food_beverage_007_006,线上电商渠道,BELONGS_TO_IND_NODE,2026-07-28,,联网搜索
2786109,中科凤祥生物工程股份有限公司,food_beverage_003_003,酱油,BELONGS_TO_IND_NODE,2026-07-28,,联网搜索
1954641,广东美味源香料股份有限公司,food_beverage_006_020,香精香料,BELONGS_TO_IND_NODE,2026-07-28,,联网搜索
285747,无锡商业大厦大东方股份有限公司,food_beverage_007_002,商超卖场,BELONGS_TO_IND_NODE,2026-07-28,,联网搜索
2431363,广东兴亿海洋生物工程股份有限公司,food_beverage_006_010,水产品,BELONGS_TO_IND_NODE,2026-07-28,,联网搜索
285752,通化葡萄酒股份有限公司,food_beverage_007_006,线上电商渠道,BELONGS_TO_IND_NODE,2026-07-28,,联网搜索
2547161,广东泰通农业发展集团股份有限公司,food_beverage_006_001,农产品原料,BELONGS_TO_IND_NODE,2026-07-28,,联网搜索
1124266,河南省淼雨饮品股份有限公司,food_beverage_002_001,包装饮用水,BELONGS_TO_IND_NODE,2026-07-28,,联网搜索
1695050,河南龙丰实业股份有限公司,food_beverage_006_002,粮食作物,BELONGS_TO_IND_NODE,2026-07-28,,联网搜索
5797331,福建花巷营养科技股份有限公司,food_beverage_005_005,肉制品加工,BELONGS_TO_IND_NODE,2026-07-28,,联网搜索
1328513,陕西恒通果汁集团股份有限公司,food_beverage_006_014,果蔬汁原料,BELONGS_TO_IND_NODE,2026-07-28,,联网搜索
7939227,宁夏红中宁枸杞制品有限公司,food_beverage_006_013,果蔬原料,BELONGS_TO_IND_NODE,2026-07-28,,联网搜索
7403461,安徽古南丰实业股份有限公司,food_beverage_001_008,黄酒,BELONGS_TO_IND_NODE,2026-07-28,,联网搜索
7983774,宿迁市洋河新区润洋包装发展有限公司,food_beverage_006_034,玻璃包装,BELONGS_TO_IND_NODE,2026-07-28,,联网搜索
4167016,昆山亚香香料股份有限公司,food_beverage_006_020,香精香料,BELONGS_TO_IND_NODE,2026-07-28,,联网搜索
1730797,四川早白尖茶业有限公司,food_beverage_006_016,茶叶萃取原料,BELONGS_TO_IND_NODE,2026-07-28,,联网搜索
308592,烟台北方安德利果汁股份有限公司,food_beverage_006_014,果蔬汁原料,BELONGS_TO_IND_NODE,2026-07-28,,联网搜索
547544,上海百润投资控股集团股份有限公司,food_beverage_001_009,预调酒,BELONGS_TO_IND_NODE,2026-07-28,,联网搜索
4149960,品渥食品股份有限公司,food_beverage_002_012,乳制品制造,BELONGS_TO_IND_NODE,2026-07-28,,联网搜索
2176973,上海富鹰物流股份有限公司,food_beverage_007_018,冷链运输,BELONGS_TO_IND_NODE,2026-07-28,,联网搜索
4313623,北京科拓恒通生物技术股份有限公司,food_beverage_006_027,烘焙酵母,BELONGS_TO_IND_NODE,2026-07-28,,联网搜索
2308235,北京奥斯马特科技发展股份有限公司,food_beverage_007_001,线下现代渠道,BELONGS_TO_IND_NODE,2026-07-28,,联网搜索
2195103,邹平三星油脂工业有限公司,food_beverage_006_005,油料作物,BELONGS_TO_IND_NODE,2026-07-28,,联网搜索
2167989,公准肉食品股份有限公司,food_beverage_005_005,肉制品加工,BELONGS_TO_IND_NODE,2026-07-28,,联网搜索
2786110,福建功夫谷股份有限公司,food_beverage_006_002,粮食作物,BELONGS_TO_IND_NODE,2026-07-28,,联网搜索
2405341,成都邻你生活股份有限公司,food_beverage_007_002,商超卖场,BELONGS_TO_IND_NODE,2026-07-28,,联网搜索
337417,大成生化科技集团有限公司,food_beverage_006_002,粮食作物,BELONGS_TO_IND_NODE,2026-07-28,,联网搜索
5049409,宁夏农垦乳业股份有限公司,food_beverage_002_012,乳制品制造,BELONGS_TO_IND_NODE,2026-07-28,,联网搜索
295415,会稽山绍兴酒股份有限公司,food_beverage_001_008,黄酒,BELONGS_TO_IND_NODE,2026-07-28,,联网搜索
9946415,河北华鑫洺源石油储运股份有限公司,food_beverage_007_015,冷链仓储,BELONGS_TO_IND_NODE,2026-07-28,,联网搜索
1848531,湖北新力大风车现代农业科技有限责任公司,food_beverage_006_013,果蔬原料,BELONGS_TO_IND_NODE,2026-07-28,,联网搜索
303010,北京三元食品股份有限公司,food_beverage_002_012,乳制品制造,BELONGS_TO_IND_NODE,2026-07-28,,联网搜索
2546776,辽宁太阳谷庄园葡萄酒业股份有限公司,food_beverage_001_007,葡萄酒,BELONGS_TO_IND_NODE,2026-07-28,,联网搜索
305980,力宝有限公司,food_beverage_007_005,餐饮与团餐渠道,BELONGS_TO_IND_NODE,2026-07-28,,联网搜索
5242052,K2 F&B Holdings Limited,food_beverage_007_005,餐饮与团餐渠道,BELONGS_TO_IND_NODE,2026-07-28,,联网搜索
2455059,上海金杉粮油食品有限公司,food_beverage_006_005,油料作物,BELONGS_TO_IND_NODE,2026-07-28,,联网搜索
2547490,内蒙古华欧淀粉工业股份有限公司,food_beverage_006_002,粮食作物,BELONGS_TO_IND_NODE,2026-07-28,,联网搜索
286720,莲花控股股份有限公司,food_beverage_003_013,味精与鸡精,BELONGS_TO_IND_NODE,2026-07-28,,联网搜索
4122364,云南景谷白龙茶业股份有限公司,food_beverage_006_016,茶叶萃取原料,BELONGS_TO_IND_NODE,2026-07-28,,联网搜索
4226869,新琪安集团股份有限公司,food_beverage_006_019,糖醇与天然代糖,BELONGS_TO_IND_NODE,2026-07-28,,联网搜索
2546749,广州捷世通供应链股份有限公司,food_beverage_007_018,冷链运输,BELONGS_TO_IND_NODE,2026-07-28,,联网搜索
7676807,潜江市柳伍水产食品有限公司,food_beverage_005_004,速冻火锅料,BELONGS_TO_IND_NODE,2026-07-28,,联网搜索
1123169,辽宁晟麦实业股份有限公司,food_beverage_006_005,油料作物,BELONGS_TO_IND_NODE,2026-07-28,,联网搜索
1114776,兰州庄园牧场股份有限公司,food_beverage_002_012,乳制品制造,BELONGS_TO_IND_NODE,2026-07-28,,联网搜索
332660,盐城捷康三氯蔗糖制造有限公司,food_beverage_006_018,甜味剂,BELONGS_TO_IND_NODE,2026-07-28,,联网搜索
2782405,参园庄生物科技股份有限公司,food_beverage_006_001,农产品原料,BELONGS_TO_IND_NODE,2026-07-28,,联网搜索
2714408,深圳迷你仓仓储有限责任公司,food_beverage_007_015,冷链仓储,BELONGS_TO_IND_NODE,2026-07-28,,联网搜索
2972078,茂名市电白发展集团有限公司,food_beverage_005_005,肉制品加工,BELONGS_TO_IND_NODE,2026-07-28,,联网搜索
2582896,安徽利民生物科技股份有限公司,food_beverage_006_001,农产品原料,BELONGS_TO_IND_NODE,2026-07-28,,联网搜索
2347320,新疆蕃海食品科技股份有限公司,food_beverage_007_005,餐饮与团餐渠道,BELONGS_TO_IND_NODE,2026-07-28,,联网搜索
2785921,厦门元初食品股份有限公司,food_beverage_007_001,线下现代渠道,BELONGS_TO_IND_NODE,2026-07-28,,联网搜索
9392096,九多肉多食品集团有限公司,food_beverage_005_006,熟肉制品加工,BELONGS_TO_IND_NODE,2026-07-28,,联网搜索
2770711,唐山华磊餐饮文化传播股份有限公司,food_beverage_007_005,餐饮与团餐渠道,BELONGS_TO_IND_NODE,2026-07-28,,联网搜索
2406784,甘肃巨鹏清真食品股份有限公司,food_beverage_006_013,果蔬原料,BELONGS_TO_IND_NODE,2026-07-28,,联网搜索
2238094,呷哺呷哺餐饮管理(中国)控股有限公司,food_beverage_007_005,餐饮与团餐渠道,BELONGS_TO_IND_NODE,2026-07-28,,联网搜索
1317406,连云港市天缘食品有限公司,food_beverage_005_006,熟肉制品加工,BELONGS_TO_IND_NODE,2026-07-28,,联网搜索
6334617,重庆农投恒天冷链物流有限公司,food_beverage_007_013,冷链物流与仓储,BELONGS_TO_IND_NODE,2026-07-28,,联网搜索
286243,浙江古越龙山绍兴酒股份有限公司,food_beverage_001_008,黄酒,BELONGS_TO_IND_NODE,2026-07-28,,联网搜索
1326290,湖南友谊阿波罗控股股份有限公司,food_beverage_007_002,商超卖场,BELONGS_TO_IND_NODE,2026-07-28,,联网搜索
8263220,卫龙美味全球控股有限公司,food_beverage_004_001,休闲食品制造,BELONGS_TO_IND_NODE,2026-07-28,,联网搜索
1759652,重庆市原卤食品有限公司,food_beverage_003_008,火锅底料,BELONGS_TO_IND_NODE,2026-07-28,,联网搜索
2843927,山东普利思饮用水股份有限公司,food_beverage_002_001,包装饮用水,BELONGS_TO_IND_NODE,2026-07-28,,联网搜索
308326,江苏恒顺集团有限公司,food_beverage_003_003,酱油,BELONGS_TO_IND_NODE,2026-07-28,,联网搜索
308326,江苏恒顺集团有限公司,food_beverage_003_004,食醋,BELONGS_TO_IND_NODE,2026-07-28,,联网搜索
552942,文峰大世界连锁发展股份有限公司,food_beverage_007_002,商超卖场,BELONGS_TO_IND_NODE,2026-07-28,,联网搜索
334209,森美(集团)控股有限公司,food_beverage_002_002,碳酸饮料,BELONGS_TO_IND_NODE,2026-07-28,,联网搜索
2439528,中国顺客隆控股有限公司,food_beverage_007_001,线下现代渠道,BELONGS_TO_IND_NODE,2026-07-28,,联网搜索
891642,山东万得福实业集团有限公司,food_beverage_006_006,大豆及蛋白粕,BELONGS_TO_IND_NODE,2026-07-28,,联网搜索
1117897,广东华业包装材料有限公司,food_beverage_006_035,复合软包装,BELONGS_TO_IND_NODE,2026-07-28,,联网搜索
2785885,杭州华商物流股份有限公司,food_beverage_007_015,冷链仓储,BELONGS_TO_IND_NODE,2026-07-28,,联网搜索
605781,四洲集团有限公司,food_beverage_004_001,休闲食品制造,BELONGS_TO_IND_NODE,2026-07-28,,联网搜索
2606624,浙江浮力森林食品有限公司,food_beverage_004_004,烘焙食品制造,BELONGS_TO_IND_NODE,2026-07-28,,联网搜索
281364,粤海广南(集团)有限公司,food_beverage_005_005,肉制品加工,BELONGS_TO_IND_NODE,2026-07-28,,联网搜索
336265,百联集团有限公司,food_beverage_007_001,线下现代渠道,BELONGS_TO_IND_NODE,2026-07-28,,联网搜索
766632,天地壹号饮料股份有限公司,food_beverage_002_009,植物蛋白饮料,BELONGS_TO_IND_NODE,2026-07-28,,联网搜索
1069688,北京随视传媒科技股份有限公司,food_beverage_007_006,线上电商渠道,BELONGS_TO_IND_NODE,2026-07-28,,联网搜索
547384,华润万家有限公司,food_beverage_007_002,商超卖场,BELONGS_TO_IND_NODE,2026-07-28,,联网搜索
2538461,山东龙盛食品股份有限公司,food_beverage_003_003,酱油,BELONGS_TO_IND_NODE,2026-07-28,,联网搜索
2606610,济南吉联包装有限公司,food_beverage_006_028,包装材料,BELONGS_TO_IND_NODE,2026-07-28,,联网搜索
330180,亚洲木薯资源控股有限公司,food_beverage_006_002,粮食作物,BELONGS_TO_IND_NODE,2026-07-28,,联网搜索
2509850,山东中惠生物科技股份有限公司,food_beverage_003_003,酱油,BELONGS_TO_IND_NODE,2026-07-28,,联网搜索
2606948,江苏润普食品科技股份有限公司,food_beverage_006_018,甜味剂,BELONGS_TO_IND_NODE,2026-07-28,,联网搜索
285562,银座集团股份有限公司,food_beverage_007_002,商超卖场,BELONGS_TO_IND_NODE,2026-07-28,,联网搜索
329242,山东西王糖业有限公司,food_beverage_006_018,甜味剂,BELONGS_TO_IND_NODE,2026-07-28,,联网搜索
286217,广东肇庆星湖生物科技股份有限公司,food_beverage_006_020,香精香料,BELONGS_TO_IND_NODE,2026-07-28,,联网搜索
303584,北京鹫峰科技开发股份有限公司,food_beverage_005_006,熟肉制品加工,BELONGS_TO_IND_NODE,2026-07-28,,联网搜索
2536530,宁夏鼎力农业开发有限公司,food_beverage_006_009,畜禽产品,BELONGS_TO_IND_NODE,2026-07-28,,联网搜索
861795,中国普甜食品控股有限公司,food_beverage_005_005,肉制品加工,BELONGS_TO_IND_NODE,2026-07-28,,联网搜索
312913,联华超市股份有限公司,food_beverage_007_002,商超卖场,BELONGS_TO_IND_NODE,2026-07-28,,联网搜索
2538468,广东林中宝生物科技股份有限公司,food_beverage_004_001,休闲食品制造,BELONGS_TO_IND_NODE,2026-07-28,,联网搜索
2606627,北京亿商联动国际电子商务股份有限公司,food_beverage_007_006,线上电商渠道,BELONGS_TO_IND_NODE,2026-07-28,,联网搜索
285493,广西农投糖业集团股份有限公司,food_beverage_006_007,糖料作物,BELONGS_TO_IND_NODE,2026-07-28,,联网搜索
2855420,四川省物流产业集团股份有限公司,food_beverage_007_013,冷链物流与仓储,BELONGS_TO_IND_NODE,2026-07-28,,联网搜索
1703133,山东即墨黄酒厂有限公司,food_beverage_001_008,黄酒,BELONGS_TO_IND_NODE,2026-07-28,,联网搜索
2506875,正大蛋鸡养殖(北京)有限公司,food_beverage_006_009,畜禽产品,BELONGS_TO_IND_NODE,2026-07-28,,联网搜索
2538475,漯河市众益达食品有限公司,food_beverage_005_005,肉制品加工,BELONGS_TO_IND_NODE,2026-07-28,,联网搜索
2414405,甘露国际发展有限公司,food_beverage_006_013,果蔬原料,BELONGS_TO_IND_NODE,2026-07-28,,联网搜索
4161140,上海美农生物科技股份有限公司,food_beverage_006_017,食品添加剂与配料,BELONGS_TO_IND_NODE,2026-07-28,,联网搜索
7848332,重庆周师兄餐饮文化有限公司,food_beverage_007_005,餐饮与团餐渠道,BELONGS_TO_IND_NODE,2026-07-28,,联网搜索
2782355,黑龙江昊伟农庄食品股份有限公司,food_beverage_006_002,粮食作物,BELONGS_TO_IND_NODE,2026-07-28,,联网搜索
2779236,湖南盈田农业发展股份有限公司,food_beverage_006_002,粮食作物,BELONGS_TO_IND_NODE,2026-07-28,,联网搜索
1727596,河北中北商贸股份有限公司,food_beverage_007_002,商超卖场,BELONGS_TO_IND_NODE,2026-07-28,,联网搜索
2264801,湖南黑美人茶业股份有限公司,food_beverage_006_015,茶叶与植物原料,BELONGS_TO_IND_NODE,2026-07-28,,联网搜索
2293088,山东三信商贸股份有限公司,food_beverage_007_002,商超卖场,BELONGS_TO_IND_NODE,2026-07-28,,联网搜索
5585337,新疆叶河源果业有限公司,food_beverage_006_013,果蔬原料,BELONGS_TO_IND_NODE,2026-07-28,,联网搜索
3306720,新疆吐鲁番果业有限公司,food_beverage_006_013,果蔬原料,BELONGS_TO_IND_NODE,2026-07-28,,联网搜索
2167991,保定味群食品科技股份有限公司,food_beverage_003_001,发酵调味品,BELONGS_TO_IND_NODE,2026-07-28,,联网搜索
2786099,福建佳客来食品股份有限公司,food_beverage_005_005,肉制品加工,BELONGS_TO_IND_NODE,2026-07-28,,联网搜索
2400454,沈阳递家物流股份有限公司,food_beverage_007_018,冷链运输,BELONGS_TO_IND_NODE,2026-07-28,,联网搜索
343334,步步高投资集团股份有限公司,food_beverage_007_002,商超卖场,BELONGS_TO_IND_NODE,2026-07-28,,联网搜索
546607,临海市国有资产投资控股集团有限公司,food_beverage_007_001,线下现代渠道,BELONGS_TO_IND_NODE,2026-07-28,,联网搜索
2500590,延边宝利祥蜂业股份有限公司,food_beverage_006_015,茶叶与植物原料,BELONGS_TO_IND_NODE,2026-07-28,,联网搜索
2347349,恩施自治州好又多商贸有限责任公司,food_beverage_007_002,商超卖场,BELONGS_TO_IND_NODE,2026-07-28,,联网搜索
2777489,上海海融食品科技股份有限公司,food_beverage_006_018,甜味剂,BELONGS_TO_IND_NODE,2026-07-28,,联网搜索
2733543,成都新图新材料股份有限公司,food_beverage_006_037,标签与包装耗材,BELONGS_TO_IND_NODE,2026-07-28,,联网搜索
6079334,大地(宁夏)数字科技有限公司,food_beverage_007_018,冷链运输,BELONGS_TO_IND_NODE,2026-07-28,,联网搜索
3337568,广东文彩金冠环保包装股份有限公司,food_beverage_006_029,纸包装,BELONGS_TO_IND_NODE,2026-07-28,,联网搜索
1944023,浙江一景乳业股份有限公司,food_beverage_002_015,低温乳制品,BELONGS_TO_IND_NODE,2026-07-28,,联网搜索
1885823,大连华富食品有限公司,food_beverage_005_005,肉制品加工,BELONGS_TO_IND_NODE,2026-07-28,,联网搜索
7257757,贵州金晨农产品开发有限责任公司,food_beverage_006_013,果蔬原料,BELONGS_TO_IND_NODE,2026-07-28,,联网搜索
2843951,武汉新五心服务管理股份有限公司,food_beverage_007_005,餐饮与团餐渠道,BELONGS_TO_IND_NODE,2026-07-28,,联网搜索
8002591,妙飞江苏食品科技有限公司,food_beverage_002_012,乳制品制造,BELONGS_TO_IND_NODE,2026-07-28,,联网搜索
584543,北京三元种业科技有限公司,food_beverage_006_012,生鲜乳,BELONGS_TO_IND_NODE,2026-07-28,,联网搜索
339355,中国水产舟山海洋渔业制品有限公司,food_beverage_005_005,肉制品加工,BELONGS_TO_IND_NODE,2026-07-28,,联网搜索
1881629,安徽华业香料股份有限公司,food_beverage_006_020,香精香料,BELONGS_TO_IND_NODE,2026-07-28,,联网搜索
1859296,深圳小田冷链物流股份有限公司,food_beverage_007_018,冷链运输,BELONGS_TO_IND_NODE,2026-07-28,,联网搜索
282604,常茂生物化学工程股份有限公司,food_beverage_003_004,食醋,BELONGS_TO_IND_NODE,2026-07-28,,联网搜索
2843942,广东金添动漫股份有限公司,food_beverage_004_007,糖果巧克力,BELONGS_TO_IND_NODE,2026-07-28,,联网搜索
776794,北京优源牧业有限公司,food_beverage_006_012,生鲜乳,BELONGS_TO_IND_NODE,2026-07-28,,联网搜索
1885983,南京云田网络科技(集团)股份有限公司,food_beverage_007_006,线上电商渠道,BELONGS_TO_IND_NODE,2026-07-28,,联网搜索
640105,云南建投物流有限公司,food_beverage_007_018,冷链运输,BELONGS_TO_IND_NODE,2026-07-28,,联网搜索
1178678,昆明七彩云南实业股份有限公司,food_beverage_007_002,商超卖场,BELONGS_TO_IND_NODE,2026-07-28,,联网搜索
2510273,广东福星健康产业股份有限公司,food_beverage_007_003,便利店与折扣店,BELONGS_TO_IND_NODE,2026-07-28,,联网搜索
1182506,厦门康达尔圆香食品有限公司,food_beverage_005_006,熟肉制品加工,BELONGS_TO_IND_NODE,2026-07-28,,联网搜索
3364524,中国飞鹤有限公司,food_beverage_002_016,奶粉与干乳制品,BELONGS_TO_IND_NODE,2026-07-28,,联网搜索
3356550,福建清铧茶业股份有限公司,food_beverage_006_016,茶叶萃取原料,BELONGS_TO_IND_NODE,2026-07-28,,联网搜索
782137,兄弟科技股份有限公司,food_beverage_006_017,食品添加剂与配料,BELONGS_TO_IND_NODE,2026-07-28,,联网搜索
3392557,尝·高美集团有限公司,food_beverage_007_005,餐饮与团餐渠道,BELONGS_TO_IND_NODE,2026-07-28,,联网搜索
3390073,杭州博可生物科技股份有限公司,food_beverage_005_016,营养补充食品,BELONGS_TO_IND_NODE,2026-07-28,,联网搜索
3390887,安康荣泰农业科技股份有限公司,food_beverage_006_002,粮食作物,BELONGS_TO_IND_NODE,2026-07-28,,联网搜索
3388993,上海众智电子商务有限公司,food_beverage_007_006,线上电商渠道,BELONGS_TO_IND_NODE,2026-07-28,,联网搜索
560553,江苏省江海粮油集团有限公司,food_beverage_006_002,粮食作物,BELONGS_TO_IND_NODE,2026-07-28,,联网搜索
5029112,优品360控股有限公司,food_beverage_007_003,便利店与折扣店,BELONGS_TO_IND_NODE,2026-07-28,,联网搜索
525366,金鹰国际商贸集团(中国)有限公司,food_beverage_007_002,商超卖场,BELONGS_TO_IND_NODE,2026-07-28,,联网搜索
3374928,苏州蓝鼎餐饮管理股份有限公司,food_beverage_007_005,餐饮与团餐渠道,BELONGS_TO_IND_NODE,2026-07-28,,联网搜索
8048450,厦门傲农肉业有限公司,food_beverage_005_005,肉制品加工,BELONGS_TO_IND_NODE,2026-07-28,,联网搜索
8030785,宝酝(天津)商业管理有限公司,food_beverage_007_001,线下现代渠道,BELONGS_TO_IND_NODE,2026-07-28,,联网搜索
317029,长沙通程实业(集团)有限公司,food_beverage_007_002,商超卖场,BELONGS_TO_IND_NODE,2026-07-28,,联网搜索
8002319,优趣汇控股有限公司,food_beverage_007_006,线上电商渠道,BELONGS_TO_IND_NODE,2026-07-28,,联网搜索
1700311,上海富仓智能供应链服务有限公司,food_beverage_007_018,冷链运输,BELONGS_TO_IND_NODE,2026-07-28,,联网搜索
7273450,辽宁益海嘉里淀粉科技有限公司,food_beverage_006_002,粮食作物,BELONGS_TO_IND_NODE,2026-07-28,,联网搜索
522206,黑龙江省维多宝食品股份有限公司,food_beverage_006_013,果蔬原料,BELONGS_TO_IND_NODE,2026-07-28,,联网搜索
6646388,江苏丰禾科技发展有限公司,food_beverage_005_008,预制菜与餐食加工,BELONGS_TO_IND_NODE,2026-07-28,,联网搜索
1300857,四川华冠食品有限公司,food_beverage_002_005,果汁与果蔬饮料,BELONGS_TO_IND_NODE,2026-07-28,,联网搜索
2927944,佛山市南海嘉润食品饮料有限公司,food_beverage_003_001,发酵调味品,BELONGS_TO_IND_NODE,2026-07-28,,联网搜索
2781990,佛山睿优仓储有限公司,food_beverage_007_015,冷链仓储,BELONGS_TO_IND_NODE,2026-07-28,,联网搜索
1792519,青岛食品股份有限公司,food_beverage_004_004,烘焙食品制造,BELONGS_TO_IND_NODE,2026-07-28,,联网搜索
3264777,四川吉恒食品有限公司,food_beverage_004_001,休闲食品制造,BELONGS_TO_IND_NODE,2026-07-28,,联网搜索
6544682,北京卫多多电子商务股份有限公司,food_beverage_007_006,线上电商渠道,BELONGS_TO_IND_NODE,2026-07-28,,联网搜索
1793219,山东百龙创园生物科技股份有限公司,food_beverage_006_018,甜味剂,BELONGS_TO_IND_NODE,2026-07-28,,联网搜索
6115577,江苏环球海洋生物科技有限公司,food_beverage_006_017,食品添加剂与配料,BELONGS_TO_IND_NODE,2026-07-28,,联网搜索
6521278,江苏苏鲜生冷链科技有限公司,food_beverage_007_013,冷链物流与仓储,BELONGS_TO_IND_NODE,2026-07-28,,联网搜索
1884858,金太阳粮油股份有限公司,food_beverage_006_005,油料作物,BELONGS_TO_IND_NODE,2026-07-28,,联网搜索
776473,新疆利华(集团)股份有限公司,food_beverage_006_012,生鲜乳,BELONGS_TO_IND_NODE,2026-07-28,,联网搜索
608888,北京二商集团有限责任公司,food_beverage_003_003,酱油,BELONGS_TO_IND_NODE,2026-07-28,,联网搜索
608888,北京二商集团有限责任公司,food_beverage_005_006,熟肉制品加工,BELONGS_TO_IND_NODE,2026-07-28,,联网搜索
1271353,广东新粤物流实业有限公司,food_beverage_007_018,冷链运输,BELONGS_TO_IND_NODE,2026-07-28,,联网搜索
2193031,浙江新美心食品工业有限公司,food_beverage_004_005,短保烘焙,BELONGS_TO_IND_NODE,2026-07-28,,联网搜索
354244,皇氏集团股份有限公司,food_beverage_002_015,低温乳制品,BELONGS_TO_IND_NODE,2026-07-28,,联网搜索
872810,河南龙大龙牧肉食品有限公司,food_beverage_005_006,熟肉制品加工,BELONGS_TO_IND_NODE,2026-07-28,,联网搜索
1126952,福建东亚水产股份有限公司,food_beverage_006_010,水产品,BELONGS_TO_IND_NODE,2026-07-28,,联网搜索
1951099,上海展骋高分子材料股份有限公司,food_beverage_006_035,复合软包装,BELONGS_TO_IND_NODE,2026-07-28,,联网搜索
767572,洽洽食品股份有限公司,food_beverage_004_002,坚果炒货,BELONGS_TO_IND_NODE,2026-07-28,,联网搜索
1861705,上海南翔食品股份有限公司,food_beverage_004_004,烘焙食品制造,BELONGS_TO_IND_NODE,2026-07-28,,联网搜索
286780,上海益民商业集团股份有限公司,food_beverage_007_002,商超卖场,BELONGS_TO_IND_NODE,2026-07-28,,联网搜索
3362998,日清食品有限公司,food_beverage_005_014,方便面与冲泡食品,BELONGS_TO_IND_NODE,2026-07-28,,联网搜索
9488848,瑞谷科技(大连)股份有限公司,food_beverage_007_018,冷链运输,BELONGS_TO_IND_NODE,2026-07-28,,联网搜索
3270080,黑龙江省北味菌业科技集团股份有限公司,food_beverage_006_013,果蔬原料,BELONGS_TO_IND_NODE,2026-07-28,,联网搜索
4126824,锡林郭勒盟羊羊牧业股份有限公司,food_beverage_005_005,肉制品加工,BELONGS_TO_IND_NODE,2026-07-28,,联网搜索
767569,临沂天喜实业有限责任公司,food_beverage_005_010,料理包与半成品菜,BELONGS_TO_IND_NODE,2026-07-28,,联网搜索
8351292,英氏控股集团股份有限公司,food_beverage_002_016,奶粉与干乳制品,BELONGS_TO_IND_NODE,2026-07-28,,联网搜索
1263451,内蒙古阜丰生物科技有限公司,food_beverage_003_013,味精与鸡精,BELONGS_TO_IND_NODE,2026-07-28,,联网搜索
2513213,福建万辰食品集团股份有限公司,food_beverage_007_003,便利店与折扣店,BELONGS_TO_IND_NODE,2026-07-28,,联网搜索
4791148,青海好朋友乳业有限公司,food_beverage_002_015,低温乳制品,BELONGS_TO_IND_NODE,2026-07-28,,联网搜索
348780,统一企业中国控股有限公司,food_beverage_002_004,无糖茶饮,BELONGS_TO_IND_NODE,2026-07-28,,联网搜索
348780,统一企业中国控股有限公司,food_beverage_005_014,方便面与冲泡食品,BELONGS_TO_IND_NODE,2026-07-28,,联网搜索
4789586,云南农垦物流有限公司,food_beverage_007_013,冷链物流与仓储,BELONGS_TO_IND_NODE,2026-07-28,,联网搜索
326410,新疆天山云牧乳业有限责任公司,food_beverage_002_012,乳制品制造,BELONGS_TO_IND_NODE,2026-07-28,,联网搜索
1317805,海南佳德信食品有限公司,food_beverage_004_001,休闲食品制造,BELONGS_TO_IND_NODE,2026-07-28,,联网搜索
332131,武汉商联(集团)股份有限公司,food_beverage_007_002,商超卖场,BELONGS_TO_IND_NODE,2026-07-28,,联网搜索
2500291,内蒙古骑士乳业集团股份有限公司,food_beverage_002_012,乳制品制造,BELONGS_TO_IND_NODE,2026-07-28,,联网搜索
288935,新疆生产建设兵团国有资产经营有限责任公司,food_beverage_006_001,农产品原料,BELONGS_TO_IND_NODE,2026-07-28,,联网搜索
4171341,重庆惠加益粮油食品有限公司,food_beverage_006_001,农产品原料,BELONGS_TO_IND_NODE,2026-07-28,,联网搜索
4107788,Top Standard Corporation,food_beverage_007_005,餐饮与团餐渠道,BELONGS_TO_IND_NODE,2026-07-28,,联网搜索
4107793,叙福楼集团有限公司,food_beverage_007_005,餐饮与团餐渠道,BELONGS_TO_IND_NODE,2026-07-28,,联网搜索
1125000,广新智慧供应链管理(北京)有限公司,food_beverage_007_015,冷链仓储,BELONGS_TO_IND_NODE,2026-07-28,,联网搜索
382185,珠海恒基达鑫国际化工仓储股份有限公司,food_beverage_007_015,冷链仓储,BELONGS_TO_IND_NODE,2026-07-28,,联网搜索
8113909,武汉东进包装有限公司,food_beverage_006_035,复合软包装,BELONGS_TO_IND_NODE,2026-07-28,,联网搜索
305183,南极电商股份有限公司,food_beverage_007_006,线上电商渠道,BELONGS_TO_IND_NODE,2026-07-28,,联网搜索
350763,万向三农集团有限公司,food_beverage_002_001,包装饮用水,BELONGS_TO_IND_NODE,2026-07-28,,联网搜索
795110,唐宫(中国)控股有限公司,food_beverage_007_005,餐饮与团餐渠道,BELONGS_TO_IND_NODE,2026-07-28,,联网搜索
1128297,德清唯信食品有限公司,food_beverage_005_008,预制菜与餐食加工,BELONGS_TO_IND_NODE,2026-07-28,,联网搜索
3020074,广州遇见小面餐饮股份有限公司,food_beverage_007_011,餐饮消费,BELONGS_TO_IND_NODE,2026-07-28,,联网搜索
67391070,山东丰香园食品股份有限公司,food_beverage_003_003,酱油,BELONGS_TO_IND_NODE,2026-07-28,,联网搜索
472185,碧生源控股有限公司,food_beverage_005_016,营养补充食品,BELONGS_TO_IND_NODE,2026-07-28,,联网搜索
3346154,台州银泰商业有限公司,food_beverage_007_002,商超卖场,BELONGS_TO_IND_NODE,2026-07-28,,联网搜索
281514,沈阳阳光新生活广场有限公司,food_beverage_007_015,冷链仓储,BELONGS_TO_IND_NODE,2026-07-28,,联网搜索
294032,大家乐集团有限公司,food_beverage_007_011,餐饮消费,BELONGS_TO_IND_NODE,2026-07-28,,联网搜索
3268462,湖南三十九铺茶业有限公司,food_beverage_007_003,便利店与折扣店,BELONGS_TO_IND_NODE,2026-07-28,,联网搜索
5025811,安徽颍美科技股份有限公司,food_beverage_006_037,标签与包装耗材,BELONGS_TO_IND_NODE,2026-07-28,,联网搜索
2844685,四川牧天食品股份有限公司,food_beverage_005_006,熟肉制品加工,BELONGS_TO_IND_NODE,2026-07-28,,联网搜索
285823,重庆重百科技集团股份有限公司,food_beverage_007_002,商超卖场,BELONGS_TO_IND_NODE,2026-07-28,,联网搜索
9547829,澳亚集团有限公司,food_beverage_006_012,生鲜乳,BELONGS_TO_IND_NODE,2026-07-28,,联网搜索
4123249,深圳市理德铭科技股份有限公司,food_beverage_007_003,便利店与折扣店,BELONGS_TO_IND_NODE,2026-07-28,,联网搜索
2491977,新疆永升嘉轩食品股份有限公司,food_beverage_005_002,速冻米面食品,BELONGS_TO_IND_NODE,2026-07-28,,联网搜索
1329612,合肥华联瑞安购物广场商业运营有限公司,food_beverage_007_002,商超卖场,BELONGS_TO_IND_NODE,2026-07-28,,联网搜索
2214648,无锡宝湾仓储设施有限公司,food_beverage_007_015,冷链仓储,BELONGS_TO_IND_NODE,2026-07-28,,联网搜索
4937290,深圳劲嘉新型智能包装有限公司,food_beverage_006_029,纸包装,BELONGS_TO_IND_NODE,2026-07-28,,联网搜索
352675,物美科技集团有限公司,food_beverage_007_002,商超卖场,BELONGS_TO_IND_NODE,2026-07-28,,联网搜索
4126833,广东好顺发智慧物流股份有限公司,food_beverage_007_018,冷链运输,BELONGS_TO_IND_NODE,2026-07-28,,联网搜索
285254,康师傅控股有限公司,food_beverage_002_003,茶饮料,BELONGS_TO_IND_NODE,2026-07-28,,联网搜索
285254,康师傅控股有限公司,food_beverage_005_014,方便面与冲泡食品,BELONGS_TO_IND_NODE,2026-07-28,,联网搜索
340024,新世界百货中国有限公司,food_beverage_007_002,商超卖场,BELONGS_TO_IND_NODE,2026-07-28,,联网搜索
552607,中国南山开发(集团)股份有限公司,food_beverage_007_018,冷链运输,BELONGS_TO_IND_NODE,2026-07-28,,联网搜索
3367084,天津食品集团有限公司,food_beverage_005_005,肉制品加工,BELONGS_TO_IND_NODE,2026-07-28,,联网搜索
290842,河南莲花食贸有限公司,food_beverage_005_007,方便食品制造,BELONGS_TO_IND_NODE,2026-07-28,,联网搜索
6931693,湖南星都物流有限责任公司,food_beverage_007_018,冷链运输,BELONGS_TO_IND_NODE,2026-07-28,,联网搜索
3356541,杭州安致电子商务股份有限公司,food_beverage_007_006,线上电商渠道,BELONGS_TO_IND_NODE,2026-07-28,,联网搜索
323298,绍兴咸亨食品股份有限公司,food_beverage_003_003,酱油,BELONGS_TO_IND_NODE,2026-07-28,,联网搜索
772397,宁波供销集团公司,food_beverage_007_001,线下现代渠道,BELONGS_TO_IND_NODE,2026-07-28,,联网搜索
286379,合肥百货大楼集团股份有限公司,food_beverage_007_002,商超卖场,BELONGS_TO_IND_NODE,2026-07-28,,联网搜索
320618,维维集团股份有限公司,food_beverage_002_010,豆奶与豆浆饮料,BELONGS_TO_IND_NODE,2026-07-28,,联网搜索
3356462,福建惠泽龙酒业股份有限公司,food_beverage_001_008,黄酒,BELONGS_TO_IND_NODE,2026-07-28,,联网搜索
885144,吉林金翼蛋品有限公司,food_beverage_006_009,畜禽产品,BELONGS_TO_IND_NODE,2026-07-28,,联网搜索
2556298,北京友宝在线科技股份有限公司,food_beverage_007_003,便利店与折扣店,BELONGS_TO_IND_NODE,2026-07-28,,联网搜索
3270217,美泰科技(青岛)股份有限公司,food_beverage_006_026,酶制剂与发酵配料,BELONGS_TO_IND_NODE,2026-07-28,,联网搜索
1327211,维维乳业有限公司,food_beverage_002_011,含乳饮料,BELONGS_TO_IND_NODE,2026-07-28,,联网搜索
851746,陈克明食品股份有限公司,food_beverage_005_007,方便食品制造,BELONGS_TO_IND_NODE,2026-07-28,,联网搜索
3390901,西藏达热瓦青稞酒业股份有限公司,food_beverage_001_008,黄酒,BELONGS_TO_IND_NODE,2026-07-28,,联网搜索
3279942,海南东源物流股份有限公司,food_beverage_007_015,冷链仓储,BELONGS_TO_IND_NODE,2026-07-28,,联网搜索
2807022,浙江艾格生物科技股份有限公司,food_beverage_006_025,营养强化剂,BELONGS_TO_IND_NODE,2026-07-28,,联网搜索
6361944,安徽泰格生物科技有限公司,food_beverage_006_026,酶制剂与发酵配料,BELONGS_TO_IND_NODE,2026-07-28,,联网搜索
4203540,广西大北农农牧食品有限公司,food_beverage_006_009,畜禽产品,BELONGS_TO_IND_NODE,2026-07-28,,联网搜索
810769,5100藏冰川有限公司,food_beverage_002_001,包装饮用水,BELONGS_TO_IND_NODE,2026-07-28,,联网搜索
513908,捷荣国际控股有限公司,food_beverage_002_003,茶饮料,BELONGS_TO_IND_NODE,2026-07-28,,联网搜索
2844586,安徽华运超市股份有限公司,food_beverage_007_001,线下现代渠道,BELONGS_TO_IND_NODE,2026-07-28,,联网搜索
347752,浙江惠同新材料股份有限公司,food_beverage_006_028,包装材料,BELONGS_TO_IND_NODE,2026-07-28,,联网搜索
10281586,江苏特味浓食品股份有限公司,food_beverage_003_002,复合调味料,BELONGS_TO_IND_NODE,2026-07-28,,联网搜索
302868,山东安德利集团有限公司,food_beverage_006_013,果蔬原料,BELONGS_TO_IND_NODE,2026-07-28,,联网搜索
769199,永辉超市股份有限公司,food_beverage_007_002,商超卖场,BELONGS_TO_IND_NODE,2026-07-28,,联网搜索
769199,永辉超市股份有限公司,food_beverage_007_003,便利店与折扣店,BELONGS_TO_IND_NODE,2026-07-28,,联网搜索
8325011,浙江德馨食品科技股份有限公司,food_beverage_006_021,饮料风味香精,BELONGS_TO_IND_NODE,2026-07-28,,联网搜索
8071144,名创优品集团控股有限公司,food_beverage_007_003,便利店与折扣店,BELONGS_TO_IND_NODE,2026-07-28,,联网搜索
2016051,惠生国际控股有限公司,food_beverage_005_005,肉制品加工,BELONGS_TO_IND_NODE,2026-07-28,,联网搜索
2501945,江西益家食品股份有限公司,food_beverage_005_002,速冻米面食品,BELONGS_TO_IND_NODE,2026-07-28,,联网搜索
2612398,常德金德新材料科技股份有限公司,food_beverage_006_035,复合软包装,BELONGS_TO_IND_NODE,2026-07-28,,联网搜索
2431346,上海商会网网络集团股份有限公司,food_beverage_007_006,线上电商渠道,BELONGS_TO_IND_NODE,2026-07-28,,联网搜索
8253554,十月稻田集团股份有限公司,food_beverage_006_002,粮食作物,BELONGS_TO_IND_NODE,2026-07-28,,联网搜索
347163,中彩网通控股有限公司,food_beverage_007_006,线上电商渠道,BELONGS_TO_IND_NODE,2026-07-28,,联网搜索
1957022,丹阳市江南面粉有限公司,food_beverage_006_003,制粉用小麦,BELONGS_TO_IND_NODE,2026-07-28,,联网搜索
624227,新疆中基红色番茄产业有限公司,food_beverage_006_014,果蔬汁原料,BELONGS_TO_IND_NODE,2026-07-28,,联网搜索
7908370,广西百菲乳业股份有限公司,food_beverage_002_012,乳制品制造,BELONGS_TO_IND_NODE,2026-07-28,,联网搜索
1148393,上海海顺新型药用包装材料股份有限公司,food_beverage_006_028,包装材料,BELONGS_TO_IND_NODE,2026-07-28,,联网搜索
2776691,北京网酒网电子商务股份有限公司,food_beverage_007_006,线上电商渠道,BELONGS_TO_IND_NODE,2026-07-28,,联网搜索
1357160,北京秋实农业股份有限公司,food_beverage_006_009,畜禽产品,BELONGS_TO_IND_NODE,2026-07-28,,联网搜索
2556887,山东环丰食品股份有限公司,food_beverage_006_002,粮食作物,BELONGS_TO_IND_NODE,2026-07-28,,联网搜索
879035,西安兴正元购物中心有限公司,food_beverage_007_002,商超卖场,BELONGS_TO_IND_NODE,2026-07-28,,联网搜索
2556746,北京万众凯旋互联网科技股份有限公司,food_beverage_007_006,线上电商渠道,BELONGS_TO_IND_NODE,2026-07-28,,联网搜索
2612404,深圳市法兰智联股份有限公司,food_beverage_006_028,包装材料,BELONGS_TO_IND_NODE,2026-07-28,,联网搜索
2116048,中国圣牧有机奶业有限公司,food_beverage_006_012,生鲜乳,BELONGS_TO_IND_NODE,2026-07-28,,联网搜索
527234,云南农垦集团有限责任公司,food_beverage_006_001,农产品原料,BELONGS_TO_IND_NODE,2026-07-28,,联网搜索
3282995,弥明生活百货控股有限公司,food_beverage_007_002,商超卖场,BELONGS_TO_IND_NODE,2026-07-28,,联网搜索
2844698,宁波瑞星时光商业股份有限公司,food_beverage_007_002,商超卖场,BELONGS_TO_IND_NODE,2026-07-28,,联网搜索
3263380,合肥华联瑞诚购物广场商业运营有限公司,food_beverage_007_002,商超卖场,BELONGS_TO_IND_NODE,2026-07-28,,联网搜索
5896795,修武县伊赛牛肉有限公司,food_beverage_005_005,肉制品加工,BELONGS_TO_IND_NODE,2026-07-28,,联网搜索
1263351,北京华联回龙观购物中心有限公司,food_beverage_007_002,商超卖场,BELONGS_TO_IND_NODE,2026-07-28,,联网搜索
2612414,合德堂控股(深圳)股份有限公司,food_beverage_002,乳品与非酒精饮料制造,BELONGS_TO_IND_NODE,2026-07-28,,联网搜索
351429,百盛商业集团有限公司,food_beverage_007_002,商超卖场,BELONGS_TO_IND_NODE,2026-07-28,,联网搜索
334455,中国波顿集团有限公司,food_beverage_006_020,香精香料,BELONGS_TO_IND_NODE,2026-07-28,,联网搜索
2808541,密尔克卫智能供应链服务集团股份有限公司,food_beverage_007_013,冷链物流与仓储,BELONGS_TO_IND_NODE,2026-07-28,,联网搜索
276911,阿拉尔新农乳业有限责任公司,food_beverage_002_012,乳制品制造,BELONGS_TO_IND_NODE,2026-07-28,,联网搜索
5045368,欢乐家食品集团股份有限公司,food_beverage_002_005,果汁与果蔬饮料,BELONGS_TO_IND_NODE,2026-07-28,,联网搜索
2707484,今米房集团控股有限公司,food_beverage_007_005,餐饮与团餐渠道,BELONGS_TO_IND_NODE,2026-07-28,,联网搜索
2844589,深圳价之链跨境电商有限公司,food_beverage_007_006,线上电商渠道,BELONGS_TO_IND_NODE,2026-07-28,,联网搜索
2844576,北京青鸟物流股份有限公司,food_beverage_007_018,冷链运输,BELONGS_TO_IND_NODE,2026-07-28,,联网搜索
8180892,浙江恒天粮食股份有限公司,food_beverage_006_002,粮食作物,BELONGS_TO_IND_NODE,2026-07-28,,联网搜索
3268485,湖南汇湘轩生物科技股份有限公司,food_beverage_003_003,酱油,BELONGS_TO_IND_NODE,2026-07-28,,联网搜索
862502,广西新迅达科技集团股份公司,food_beverage_007_006,线上电商渠道,BELONGS_TO_IND_NODE,2026-07-28,,联网搜索
2423330,宝尊电商有限公司,food_beverage_007_006,线上电商渠道,BELONGS_TO_IND_NODE,2026-07-28,,联网搜索
77647828,小菜园国际控股有限公司,food_beverage_007_005,餐饮与团餐渠道,BELONGS_TO_IND_NODE,2026-07-28,,联网搜索
5259432,快餐帝国控股有限公司,food_beverage_004_001,休闲食品制造,BELONGS_TO_IND_NODE,2026-07-28,,联网搜索
1355380,广州天惠食品股份有限公司,food_beverage_003_001,发酵调味品,BELONGS_TO_IND_NODE,2026-07-28,,联网搜索
1364185,紫燕食品集团股份有限公司,food_beverage_004_003,卤味与肉类零食,BELONGS_TO_IND_NODE,2026-07-28,,联网搜索
2556927,内蒙古佰惠生新农业科技股份有限公司,food_beverage_006_007,糖料作物,BELONGS_TO_IND_NODE,2026-07-28,,联网搜索
2607360,上海馋神国际贸易股份有限公司,food_beverage_006_013,果蔬原料,BELONGS_TO_IND_NODE,2026-07-28,,联网搜索
823495,新疆晟源生物科技股份有限公司,food_beverage_006_007,糖料作物,BELONGS_TO_IND_NODE,2026-07-28,,联网搜索
1322030,福建文鑫莲业有限责任公司,food_beverage_006_013,果蔬原料,BELONGS_TO_IND_NODE,2026-07-28,,联网搜索
1334207,欧浦智网股份有限公司,food_beverage_007_015,冷链仓储,BELONGS_TO_IND_NODE,2026-07-28,,联网搜索
1286603,西藏徒河食品股份有限公司,food_beverage_005_005,肉制品加工,BELONGS_TO_IND_NODE,2026-07-28,,联网搜索
2455037,河南振新生物技术股份有限公司,food_beverage_006_017,食品添加剂与配料,BELONGS_TO_IND_NODE,2026-07-28,,联网搜索
851747,湖南克明食品集团有限公司,food_beverage_005_007,方便食品制造,BELONGS_TO_IND_NODE,2026-07-28,,联网搜索
2497542,保正(上海)供应链管理股份有限公司,food_beverage_007_013,冷链物流与仓储,BELONGS_TO_IND_NODE,2026-07-28,,联网搜索
300780,保龄宝生物股份有限公司,food_beverage_006_018,甜味剂,BELONGS_TO_IND_NODE,2026-07-28,,联网搜索
1253649,齐齐哈尔安泰生物工程有限公司,food_beverage_003_006,酵母及衍生品,BELONGS_TO_IND_NODE,2026-07-28,,联网搜索
2770265,上海丁义兴食品股份有限公司,food_beverage_005_005,肉制品加工,BELONGS_TO_IND_NODE,2026-07-28,,联网搜索
2556647,江西友尼宝农业科技股份有限公司,food_beverage_006_005,油料作物,BELONGS_TO_IND_NODE,2026-07-28,,联网搜索
1346776,湖北任森农业科技发展股份有限公司,food_beverage_006_013,果蔬原料,BELONGS_TO_IND_NODE,2026-07-28,,联网搜索
2556543,内蒙古额尔敦羊业股份有限公司,food_beverage_005_005,肉制品加工,BELONGS_TO_IND_NODE,2026-07-28,,联网搜索
1153559,广东百味佳味业科技股份有限公司,food_beverage_003_011,基础调味品,BELONGS_TO_IND_NODE,2026-07-28,,联网搜索
2556706,福建高速物流股份有限公司,food_beverage_007_015,冷链仓储,BELONGS_TO_IND_NODE,2026-07-28,,联网搜索
282909,稻香控股有限公司,food_beverage_007_005,餐饮与团餐渠道,BELONGS_TO_IND_NODE,2026-07-28,,联网搜索
2399376,福建省聚元食品股份有限公司,food_beverage_005_006,熟肉制品加工,BELONGS_TO_IND_NODE,2026-07-28,,联网搜索
2497769,华文包装有限责任公司,food_beverage_006_035,复合软包装,BELONGS_TO_IND_NODE,2026-07-28,,联网搜索
2770222,洛阳餐旅实业股份有限公司,food_beverage_007_005,餐饮与团餐渠道,BELONGS_TO_IND_NODE,2026-07-28,,联网搜索
2497792,广州凡科互联网科技股份有限公司,food_beverage_007_006,线上电商渠道,BELONGS_TO_IND_NODE,2026-07-28,,联网搜索
2785693,浙江明辉蔬果配送股份有限公司,food_beverage_005_009,净菜产品,BELONGS_TO_IND_NODE,2026-07-28,,联网搜索
2769593,汕头市潮庭食品股份有限公司,food_beverage_005_005,肉制品加工,BELONGS_TO_IND_NODE,2026-07-28,,联网搜索
2786371,浙江启利兴光可可制品股份有限公司,food_beverage_006_018,甜味剂,BELONGS_TO_IND_NODE,2026-07-28,,联网搜索
2786379,山西天生红枣业股份有限公司,food_beverage_001_008,黄酒,BELONGS_TO_IND_NODE,2026-07-28,,联网搜索
1164850,浙江天子股份有限公司,food_beverage_006_013,果蔬原料,BELONGS_TO_IND_NODE,2026-07-28,,联网搜索
2556594,山东凯欣绿色食品股份有限公司,food_beverage_006_013,果蔬原料,BELONGS_TO_IND_NODE,2026-07-28,,联网搜索
1281797,广东颐丰智慧农业股份有限公司,food_beverage_005_005,肉制品加工,BELONGS_TO_IND_NODE,2026-07-28,,联网搜索
1200138,广东省盐业集团有限公司,food_beverage_003_012,食盐,BELONGS_TO_IND_NODE,2026-07-28,,联网搜索
2588857,广东天元实业集团股份有限公司,food_beverage_006_029,纸包装,BELONGS_TO_IND_NODE,2026-07-28,,联网搜索
2547559,新疆瑞兆源生态农业有限公司,food_beverage_006_001,农产品原料,BELONGS_TO_IND_NODE,2026-07-28,,联网搜索
2769565,贵州五福坊食品(集团)股份有限公司,food_beverage_005_005,肉制品加工,BELONGS_TO_IND_NODE,2026-07-28,,联网搜索
2786387,上海印克电子商务股份有限公司,food_beverage_007_006,线上电商渠道,BELONGS_TO_IND_NODE,2026-07-28,,联网搜索
2770202,安徽省绿福农业科技股份有限公司,food_beverage_006_002,粮食作物,BELONGS_TO_IND_NODE,2026-07-28,,联网搜索
295106,中国淀粉控股有限公司,food_beverage_006_002,粮食作物,BELONGS_TO_IND_NODE,2026-07-28,,联网搜索
307320,杭州联华华商集团有限公司,food_beverage_007_002,商超卖场,BELONGS_TO_IND_NODE,2026-07-28,,联网搜索
326720,中科云网科技集团股份有限公司,food_beverage_007_011,餐饮消费,BELONGS_TO_IND_NODE,2026-07-28,,联网搜索
316040,佳宁娜集团控股有限公司,food_beverage_007_011,餐饮消费,BELONGS_TO_IND_NODE,2026-07-28,,联网搜索
891234,北票市宏发食品有限公司,food_beverage_005_005,肉制品加工,BELONGS_TO_IND_NODE,2026-07-28,,联网搜索
2556415,名品世家酒业连锁股份有限公司,food_beverage_007_001,线下现代渠道,BELONGS_TO_IND_NODE,2026-07-28,,联网搜索
2556375,吉林永丰食品股份有限公司,food_beverage_006_002,粮食作物,BELONGS_TO_IND_NODE,2026-07-28,,联网搜索
2500735,回头客食品集团股份有限公司,food_beverage_004_010,饼干,BELONGS_TO_IND_NODE,2026-07-28,,联网搜索
8001617,乐饮创新科技(青岛)有限公司,food_beverage_002_002,碳酸饮料,BELONGS_TO_IND_NODE,2026-07-28,,联网搜索
6443129,通富弘业有限责任公司,food_beverage_007_015,冷链仓储,BELONGS_TO_IND_NODE,2026-07-28,,联网搜索
2498262,浙江环球渔场股份有限公司,food_beverage_005_001,速冻食品制造,BELONGS_TO_IND_NODE,2026-07-28,,联网搜索
1268080,莒南县鸿润食品有限公司,food_beverage_005_005,肉制品加工,BELONGS_TO_IND_NODE,2026-07-28,,联网搜索
1148980,重庆供销生鲜连锁有限公司,food_beverage_007_001,线下现代渠道,BELONGS_TO_IND_NODE,2026-07-28,,联网搜索
74305912,古茗控股有限公司,food_beverage_007_005,餐饮与团餐渠道,BELONGS_TO_IND_NODE,2026-07-28,,联网搜索
2556630,上海伊秀餐饮管理股份有限公司,food_beverage_007_005,餐饮与团餐渠道,BELONGS_TO_IND_NODE,2026-07-28,,联网搜索
3343236,炙龙控股有限公司,food_beverage_007_005,餐饮与团餐渠道,BELONGS_TO_IND_NODE,2026-07-28,,联网搜索
2556936,浙江济公缘控股股份有限公司,food_beverage_003_001,发酵调味品,BELONGS_TO_IND_NODE,2026-07-28,,联网搜索
1356152,湖北黄商集团股份有限公司,food_beverage_007_002,商超卖场,BELONGS_TO_IND_NODE,2026-07-28,,联网搜索
2775881,同庆楼餐饮股份有限公司,food_beverage_007_005,餐饮与团餐渠道,BELONGS_TO_IND_NODE,2026-07-28,,联网搜索
1344748,福建东吾洋食品股份有限公司,food_beverage_005_005,肉制品加工,BELONGS_TO_IND_NODE,2026-07-28,,联网搜索
1154176,中储粮油脂有限公司,food_beverage_006_009,畜禽产品,BELONGS_TO_IND_NODE,2026-07-28,,联网搜索
1164855,河北美客多食品集团股份有限公司,food_beverage_005_006,熟肉制品加工,BELONGS_TO_IND_NODE,2026-07-28,,联网搜索
1195716,南达新农业股份有限公司,food_beverage_002_013,常温液态奶,BELONGS_TO_IND_NODE,2026-07-28,,联网搜索
2772723,河南酒便利商业股份有限公司,food_beverage_007_003,便利店与折扣店,BELONGS_TO_IND_NODE,2026-07-28,,联网搜索
1957561,深圳市铭可达物流有限公司,food_beverage_007_018,冷链运输,BELONGS_TO_IND_NODE,2026-07-28,,联网搜索
4227739,陕西水务发展供水集团有限公司,food_beverage_002_001,包装饮用水,BELONGS_TO_IND_NODE,2026-07-28,,联网搜索
602146,北京供销社投资管理中心,food_beverage_007_001,线下现代渠道,BELONGS_TO_IND_NODE,2026-07-28,,联网搜索
2414863,厦门大顺集团股份有限公司,food_beverage_007_015,冷链仓储,BELONGS_TO_IND_NODE,2026-07-28,,联网搜索
2505023,天津正大珍吾堂食品股份有限公司,food_beverage_002_007,功能饮料,BELONGS_TO_IND_NODE,2026-07-28,,联网搜索
5228070,赏之味控股有限公司,food_beverage_007_011,餐饮消费,BELONGS_TO_IND_NODE,2026-07-28,,联网搜索
2497018,福建古甜食品科技股份有限公司,food_beverage_006_013,果蔬原料,BELONGS_TO_IND_NODE,2026-07-28,,联网搜索
2431617,广东裕丰食品股份有限公司,food_beverage_005_005,肉制品加工,BELONGS_TO_IND_NODE,2026-07-28,,联网搜索
356817,新疆西部牧业股份有限公司,food_beverage_002_012,乳制品制造,BELONGS_TO_IND_NODE,2026-07-28,,联网搜索
3305076,西咸新区茯茶镇文化产业集团有限公司,food_beverage_002_003,茶饮料,BELONGS_TO_IND_NODE,2026-07-28,,联网搜索
2556938,广东尚鑫新材料股份有限公司,food_beverage_006_035,复合软包装,BELONGS_TO_IND_NODE,2026-07-28,,联网搜索
2785818,浙江久晟油茶科技有限公司,food_beverage_006_005,油料作物,BELONGS_TO_IND_NODE,2026-07-28,,联网搜索
2612512,江西源森油茶科技股份有限公司,food_beverage_006_005,油料作物,BELONGS_TO_IND_NODE,2026-07-28,,联网搜索
2502524,福鼎白茶股份有限公司,food_beverage_006_015,茶叶与植物原料,BELONGS_TO_IND_NODE,2026-07-28,,联网搜索
282260,第一太平有限公司,food_beverage_004_004,烘焙食品制造,BELONGS_TO_IND_NODE,2026-07-28,,联网搜索
1950366,新疆供销投资(控股)集团有限责任公司,food_beverage_007_002,商超卖场,BELONGS_TO_IND_NODE,2026-07-28,,联网搜索
2957612,上海中知润物联科技股份有限公司,food_beverage_007_015,冷链仓储,BELONGS_TO_IND_NODE,2026-07-28,,联网搜索
6344415,铜仁市黔东汇能物流有限公司,food_beverage_007_015,冷链仓储,BELONGS_TO_IND_NODE,2026-07-28,,联网搜索
1073175,上海爱婴室商务服务股份有限公司,food_beverage_007_002,商超卖场,BELONGS_TO_IND_NODE,2026-07-28,,联网搜索
1676161,中海海洋科技股份有限公司,food_beverage_006_010,水产品,BELONGS_TO_IND_NODE,2026-07-28,,联网搜索
6608234,河北君乐宝君源乳业有限公司,food_beverage_002_012,乳制品制造,BELONGS_TO_IND_NODE,2026-07-28,,联网搜索
2785647,河南省鑫贞德有机农业股份有限公司,food_beverage_006_001,农产品原料,BELONGS_TO_IND_NODE,2026-07-28,,联网搜索
341228,中国汇源果汁集团有限公司,food_beverage_002_005,果汁与果蔬饮料,BELONGS_TO_IND_NODE,2026-07-28,,联网搜索
4106769,杭州新丰小吃股份有限公司,food_beverage_007_011,餐饮消费,BELONGS_TO_IND_NODE,2026-07-28,,联网搜索
2770286,上海新东锦食品股份有限公司,food_beverage_003_001,发酵调味品,BELONGS_TO_IND_NODE,2026-07-28,,联网搜索
2538891,海南香树沉香产业集团股份有限公司,food_beverage_006_015,茶叶与植物原料,BELONGS_TO_IND_NODE,2026-07-28,,联网搜索
2538906,湖南梅山黑茶股份有限公司,food_beverage_002_003,茶饮料,BELONGS_TO_IND_NODE,2026-07-28,,联网搜索
1113093,北京亦庄绿得金种养殖有限公司,food_beverage_007_011,餐饮消费,BELONGS_TO_IND_NODE,2026-07-28,,联网搜索
7891523,红星冷链(湖南)股份有限公司,food_beverage_007_013,冷链物流与仓储,BELONGS_TO_IND_NODE,2026-07-28,,联网搜索
2588871,广东利泰大健康产业股份有限公司,food_beverage_002_003,茶饮料,BELONGS_TO_IND_NODE,2026-07-28,,联网搜索
1967128,移动互联(中国)控股有限公司,food_beverage_006_029,纸包装,BELONGS_TO_IND_NODE,2026-07-28,,联网搜索
2612396,烟台鲁顺食品股份有限公司,food_beverage_006_013,果蔬原料,BELONGS_TO_IND_NODE,2026-07-28,,联网搜索
5124810,TS Wonders Holding Limited,food_beverage_004_001,休闲食品制造,BELONGS_TO_IND_NODE,2026-07-28,,联网搜索
304756,安井食品集团股份有限公司,food_beverage_005_002,速冻米面食品,BELONGS_TO_IND_NODE,2026-07-28,,联网搜索
304756,安井食品集团股份有限公司,food_beverage_005_004,速冻火锅料,BELONGS_TO_IND_NODE,2026-07-28,,联网搜索
2790035,福建坤兴海洋股份有限公司,food_beverage_005_005,肉制品加工,BELONGS_TO_IND_NODE,2026-07-28,,联网搜索
1253707,上海元祖梦果子股份有限公司,food_beverage_004_004,烘焙食品制造,BELONGS_TO_IND_NODE,2026-07-28,,联网搜索
1788423,浙江圣达生物药业股份有限公司,food_beverage_006_025,营养强化剂,BELONGS_TO_IND_NODE,2026-07-28,,联网搜索
2612408,北京六智信息技术股份有限公司,food_beverage_007_006,线上电商渠道,BELONGS_TO_IND_NODE,2026-07-28,,联网搜索
305656,华宝国际控股有限公司,food_beverage_006_020,香精香料,BELONGS_TO_IND_NODE,2026-07-28,,联网搜索
587316,北京市朝批双隆酒业销售有限责任公司,food_beverage_007,食品饮料流通与消费渠道,BELONGS_TO_IND_NODE,2026-07-28,,联网搜索
1951594,山东省博发油脂有限公司,food_beverage_006_005,油料作物,BELONGS_TO_IND_NODE,2026-07-28,,联网搜索
5307728,广西百色润东实业有限公司,food_beverage_007,食品饮料流通与消费渠道,BELONGS_TO_IND_NODE,2026-07-28,,联网搜索
891131,优雅电子商务(北京)股份有限公司,food_beverage_007_006,线上电商渠道,BELONGS_TO_IND_NODE,2026-07-28,,联网搜索
1072412,望湘园(上海)餐饮管理股份有限公司,food_beverage_007_005,餐饮与团餐渠道,BELONGS_TO_IND_NODE,2026-07-28,,联网搜索
863152,上海来伊份股份有限公司,food_beverage_004_001,休闲食品制造,BELONGS_TO_IND_NODE,2026-07-28,,联网搜索
2503862,河南去吧看看网络科技股份有限公司,food_beverage_007,食品饮料流通与消费渠道,BELONGS_TO_IND_NODE,2026-07-28,,联网搜索
876381,上海新通联包装股份有限公司,food_beverage_006_029,纸包装,BELONGS_TO_IND_NODE,2026-07-28,,联网搜索
317249,大快活集团有限公司,food_beverage_007_005,餐饮与团餐渠道,BELONGS_TO_IND_NODE,2026-07-28,,联网搜索
1882798,西安小六饮食(集团)股份有限公司,food_beverage_007_011,餐饮消费,BELONGS_TO_IND_NODE,2026-07-28,,联网搜索
7736429,九毛九国际控股有限公司,food_beverage_007_011,餐饮消费,BELONGS_TO_IND_NODE,2026-07-28,,联网搜索
3265061,安徽安和生物科技有限公司,food_beverage_003_001,发酵调味品,BELONGS_TO_IND_NODE,2026-07-28,,联网搜索
855255,上海酷武供应链管理有限公司,food_beverage_007_015,冷链仓储,BELONGS_TO_IND_NODE,2026-07-28,,联网搜索
2538996,山东汉诺佳池酒业股份有限公司,food_beverage_001_008,黄酒,BELONGS_TO_IND_NODE,2026-07-28,,联网搜索
851532,华致酒行连锁管理股份有限公司,food_beverage_007_001,线下现代渠道,BELONGS_TO_IND_NODE,2026-07-28,,联网搜索
1886952,安徽富硒香生物食品股份有限公司,food_beverage_006_002,粮食作物,BELONGS_TO_IND_NODE,2026-07-28,,联网搜索
2538885,健隆生物科技股份有限公司,food_beverage_003_001,发酵调味品,BELONGS_TO_IND_NODE,2026-07-28,,联网搜索
876023,酒仙控股集团股份有限公司,food_beverage_007_006,线上电商渠道,BELONGS_TO_IND_NODE,2026-07-28,,联网搜索
6251430,宁波索宝蛋白科技股份有限公司,food_beverage_006_006,大豆及蛋白粕,BELONGS_TO_IND_NODE,2026-07-28,,联网搜索
8020721,鲜美来食品股份有限公司,food_beverage_005_004,速冻火锅料,BELONGS_TO_IND_NODE,2026-07-28,,联网搜索
4110525,东莞市深粮物流有限公司,food_beverage_007_015,冷链仓储,BELONGS_TO_IND_NODE,2026-07-28,,联网搜索
1794660,广州南沙弘达仓储有限公司,food_beverage_007_015,冷链仓储,BELONGS_TO_IND_NODE,2026-07-28,,联网搜索
1071537,浙江青莲食品股份有限公司,food_beverage_005_005,肉制品加工,BELONGS_TO_IND_NODE,2026-07-28,,联网搜索
1155751,山东高速物流集团有限公司,food_beverage_007_018,冷链运输,BELONGS_TO_IND_NODE,2026-07-28,,联网搜索
7860523,文明蒙恬(广州)集团股份有限公司,food_beverage_007_002,商超卖场,BELONGS_TO_IND_NODE,2026-07-28,,联网搜索
890781,内蒙古奶联科技有限公司,food_beverage_002_012,乳制品制造,BELONGS_TO_IND_NODE,2026-07-28,,联网搜索
7401501,江苏九龙珠品牌管理股份有限公司,food_beverage_002_003,茶饮料,BELONGS_TO_IND_NODE,2026-07-28,,联网搜索
1081517,四川菊乐食品股份有限公司,food_beverage_002_013,常温液态奶,BELONGS_TO_IND_NODE,2026-07-28,,联网搜索
1070417,惠州东进农牧股份有限公司,food_beverage_006_009,畜禽产品,BELONGS_TO_IND_NODE,2026-07-28,,联网搜索
1086336,江苏联通纪元印务股份有限公司,food_beverage_006_029,纸包装,BELONGS_TO_IND_NODE,2026-07-28,,联网搜索
1748949,南京江宁滨江物流有限公司,food_beverage_007_015,冷链仓储,BELONGS_TO_IND_NODE,2026-07-28,,联网搜索
6923738,幺麻子食品股份有限公司,food_beverage_003_008,火锅底料,BELONGS_TO_IND_NODE,2026-07-28,,联网搜索
6365592,中物(铜仁)物流有限公司,food_beverage_007_015,冷链仓储,BELONGS_TO_IND_NODE,2026-07-28,,联网搜索
338908,中国绍兴黄酒集团有限公司,food_beverage_001_008,黄酒,BELONGS_TO_IND_NODE,2026-07-28,,联网搜索
5162030,广东温氏乳业股份有限公司,food_beverage_002_012,乳制品制造,BELONGS_TO_IND_NODE,2026-07-28,,联网搜索
890087,力诚国际贸易股份有限公司,food_beverage_007_001,线下现代渠道,BELONGS_TO_IND_NODE,2026-07-28,,联网搜索
2455041,甘肃爽口源生态科技股份有限公司,food_beverage_006_013,果蔬原料,BELONGS_TO_IND_NODE,2026-07-28,,联网搜索
2789271,宁夏原歌葡萄酒庄股份有限公司,food_beverage_001_007,葡萄酒,BELONGS_TO_IND_NODE,2026-07-28,,联网搜索
7872168,平凉静宁苹果产业发展股份有限公司,food_beverage_007_002,商超卖场,BELONGS_TO_IND_NODE,2026-07-28,,联网搜索
2369963,杭州诺晟信息技术股份有限公司,food_beverage_007_006,线上电商渠道,BELONGS_TO_IND_NODE,2026-07-28,,联网搜索
489135,江苏华地国际控股集团有限公司,food_beverage_007_002,商超卖场,BELONGS_TO_IND_NODE,2026-07-28,,联网搜索
2281399,兰州亚成生物科技股份有限公司,food_beverage_005_005,肉制品加工,BELONGS_TO_IND_NODE,2026-07-28,,联网搜索
2538889,海南福润生物技术股份有限公司,food_beverage_002_007,功能饮料,BELONGS_TO_IND_NODE,2026-07-28,,联网搜索
5241675,浙江三阳包装产业股份有限公司,food_beverage_006_035,复合软包装,BELONGS_TO_IND_NODE,2026-07-28,,联网搜索
857620,龙洲集团股份有限公司,food_beverage_007_018,冷链运输,BELONGS_TO_IND_NODE,2026-07-28,,联网搜索
4153613,广东海力储存设备股份有限公司,food_beverage_007_015,冷链仓储,BELONGS_TO_IND_NODE,2026-07-28,,联网搜索
1125981,四川省粮油集团有限责任公司,food_beverage_006_002,粮食作物,BELONGS_TO_IND_NODE,2026-07-28,,联网搜索
381276,阿尔法企业控股有限公司,food_beverage_007_015,冷链仓储,BELONGS_TO_IND_NODE,2026-07-28,,联网搜索
321447,中国中纺集团有限公司,food_beverage_006_005,油料作物,BELONGS_TO_IND_NODE,2026-07-28,,联网搜索
774216,海欣食品股份有限公司,food_beverage_005_004,速冻火锅料,BELONGS_TO_IND_NODE,2026-07-28,,联网搜索
2610345,澳至尊国际控股有限公司,food_beverage_005_016,营养补充食品,BELONGS_TO_IND_NODE,2026-07-28,,联网搜索
2547553,杭州砂之船商业管理股份有限公司,food_beverage_007_002,商超卖场,BELONGS_TO_IND_NODE,2026-07-28,,联网搜索
6985180,浙江秀龙包装材料有限公司,food_beverage_006_035,复合软包装,BELONGS_TO_IND_NODE,2026-07-28,,联网搜索
1806579,湖南贵太太茶油科技股份有限公司,food_beverage_006_005,油料作物,BELONGS_TO_IND_NODE,2026-07-28,,联网搜索
6764330,山东能源(海南)智慧国际科技有限公司,food_beverage_007_015,冷链仓储,BELONGS_TO_IND_NODE,2026-07-28,,联网搜索
2509922,上海粤珍小厨餐饮管理股份有限公司,food_beverage_007_005,餐饮与团餐渠道,BELONGS_TO_IND_NODE,2026-07-28,,联网搜索
2508001,湖北万星面业股份有限公司,food_beverage_005_002,速冻米面食品,BELONGS_TO_IND_NODE,2026-07-28,,联网搜索
382143,中国奇点国峰控股有限公司,food_beverage_007_001,线下现代渠道,BELONGS_TO_IND_NODE,2026-07-28,,联网搜索
1677459,驰骋控股集团股份有限公司,food_beverage_007_001,线下现代渠道,BELONGS_TO_IND_NODE,2026-07-28,,联网搜索
520546,内蒙古奈伦农业科技股份有限公司,food_beverage_006_001,农产品原料,BELONGS_TO_IND_NODE,2026-07-28,,联网搜索
6177617,北京市慕田峪长城缆车服务有限公司,food_beverage_007_005,餐饮与团餐渠道,BELONGS_TO_IND_NODE,2026-07-28,,联网搜索
779533,北京御食园食品股份有限公司,food_beverage_004_001,休闲食品制造,BELONGS_TO_IND_NODE,2026-07-28,,联网搜索
1128945,农夫山泉股份有限公司,food_beverage_002_001,包装饮用水,BELONGS_TO_IND_NODE,2026-07-28,,联网搜索
1751855,河南佳源乳业股份有限公司,food_beverage_002_012,乳制品制造,BELONGS_TO_IND_NODE,2026-07-28,,联网搜索
2169710,山东婴儿乐股份有限公司,food_beverage_005_016,营养补充食品,BELONGS_TO_IND_NODE,2026-07-28,,联网搜索
7244548,遵义辣椒产业集团有限公司,food_beverage_003_008,火锅底料,BELONGS_TO_IND_NODE,2026-07-28,,联网搜索
2028942,有友食品股份有限公司,food_beverage_004_003,卤味与肉类零食,BELONGS_TO_IND_NODE,2026-07-28,,联网搜索
7981032,春雪食品集团股份有限公司,food_beverage_005_008,预制菜与餐食加工,BELONGS_TO_IND_NODE,2026-07-28,,联网搜索
4178373,欣融国际控股有限公司,food_beverage_006_017,食品添加剂与配料,BELONGS_TO_IND_NODE,2026-07-28,,联网搜索
1149066,家家悦集团股份有限公司,food_beverage_007_002,商超卖场,BELONGS_TO_IND_NODE,2026-07-28,,联网搜索
863109,广州酒家集团股份有限公司,food_beverage_004_004,烘焙食品制造,BELONGS_TO_IND_NODE,2026-07-28,,联网搜索
1736208,东鹏饮料(集团)股份有限公司,food_beverage_002_007,功能饮料,BELONGS_TO_IND_NODE,2026-07-28,,联网搜索
1367131,现代牧业(集团)有限公司,food_beverage_006_012,生鲜乳,BELONGS_TO_IND_NODE,2026-07-28,,联网搜索
901377,天津桂发祥十八街麻花食品股份有限公司,food_beverage_004_012,中长保糕点,BELONGS_TO_IND_NODE,2026-07-28,,联网搜索
7980063,江西金田麦食品股份有限公司,food_beverage_005_014,方便面与冲泡食品,BELONGS_TO_IND_NODE,2026-07-28,,联网搜索
5163114,裕程物流集团有限公司,food_beverage_007_019,干线冷链运输,BELONGS_TO_IND_NODE,2026-07-28,,联网搜索
1164902,黄山王光熙松萝茶业股份公司,food_beverage_006_016,茶叶萃取原料,BELONGS_TO_IND_NODE,2026-07-28,,联网搜索
1164905,金菜地食品股份有限公司,food_beverage_003_005,豆瓣酱与腐乳,BELONGS_TO_IND_NODE,2026-07-28,,联网搜索
8260750,扬腾创新(福建)信息科技股份有限公司,food_beverage_007_007,内容电商,BELONGS_TO_IND_NODE,2026-07-28,,联网搜索
2553426,新享时代集团有限公司,food_beverage_007_011,餐饮消费,BELONGS_TO_IND_NODE,2026-07-28,,联网搜索
1736380,重庆旺峰肉业股份有限公司,food_beverage_005_005,肉制品加工,BELONGS_TO_IND_NODE,2026-07-28,,联网搜索
1071322,宏图智能数字科技股份有限公司,food_beverage_007_018,冷链运输,BELONGS_TO_IND_NODE,2026-07-28,,联网搜索
1730385,深圳市中海通物流股份有限公司,food_beverage_007_015,冷链仓储,BELONGS_TO_IND_NODE,2026-07-28,,联网搜索
4222115,湖南洪盛源油茶科技股份有限公司,food_beverage_006_005,油料作物,BELONGS_TO_IND_NODE,2026-07-28,,联网搜索
4222116,青岛三木水产股份有限公司,food_beverage_006_010,水产品,BELONGS_TO_IND_NODE,2026-07-28,,联网搜索
7912015,星盛商业管理股份有限公司,food_beverage_007_002,商超卖场,BELONGS_TO_IND_NODE,2026-07-28,,联网搜索
6168908,立高食品股份有限公司,food_beverage_004_005,短保烘焙,BELONGS_TO_IND_NODE,2026-07-28,,联网搜索
6168908,立高食品股份有限公司,food_beverage_006_027,烘焙酵母,BELONGS_TO_IND_NODE,2026-07-28,,联网搜索
1165087,大连林家铺子食品股份有限公司,food_beverage_004_009,蜜饯果冻,BELONGS_TO_IND_NODE,2026-07-28,,联网搜索
1740866,深圳市凯东源现代物流股份有限公司,food_beverage_007_015,冷链仓储,BELONGS_TO_IND_NODE,2026-07-28,,联网搜索
1740866,深圳市凯东源现代物流股份有限公司,food_beverage_007_018,冷链运输,BELONGS_TO_IND_NODE,2026-07-28,,联网搜索
1352060,山东惠发食品股份有限公司,food_beverage_005_004,速冻火锅料,BELONGS_TO_IND_NODE,2026-07-28,,联网搜索
1352060,山东惠发食品股份有限公司,food_beverage_005_006,熟肉制品加工,BELONGS_TO_IND_NODE,2026-07-28,,联网搜索
9422656,青岛西海岸新区保税物流中心有限公司,food_beverage_007_015,冷链仓储,BELONGS_TO_IND_NODE,2026-07-28,,联网搜索
1360251,南京龙潭物流基地开发有限公司,food_beverage_007_015,冷链仓储,BELONGS_TO_IND_NODE,2026-07-28,,联网搜索
2538920,天津狗不理食品股份有限公司,food_beverage_004_004,烘焙食品制造,BELONGS_TO_IND_NODE,2026-07-28,,联网搜索
6099886,内蒙古申昊农业科技有限公司,food_beverage_006_002,粮食作物,BELONGS_TO_IND_NODE,2026-07-28,,联网搜索
2538942,新疆东方红番茄股份有限公司,food_beverage_006_013,果蔬原料,BELONGS_TO_IND_NODE,2026-07-28,,联网搜索
7891813,普洱澜沧古茶股份有限公司,food_beverage_006_015,茶叶与植物原料,BELONGS_TO_IND_NODE,2026-07-28,,联网搜索
2539146,四川唯鸿生物科技股份公司,food_beverage_006_013,果蔬原料,BELONGS_TO_IND_NODE,2026-07-28,,联网搜索
6489312,河南志情面业有限责任公司,food_beverage_006_003,制粉用小麦,BELONGS_TO_IND_NODE,2026-07-28,,联网搜索
1303008,厦门乐麦网络技术股份有限公司,food_beverage_007_006,线上电商渠道,BELONGS_TO_IND_NODE,2026-07-28,,联网搜索
4950803,浙江码尚科技股份有限公司,food_beverage_006_035,复合软包装,BELONGS_TO_IND_NODE,2026-07-28,,联网搜索
5563484,江苏鹤乡菊海现代农业产业园发展有限公司,food_beverage_006_013,果蔬原料,BELONGS_TO_IND_NODE,2026-07-28,,联网搜索
3325745,新希望乳业股份有限公司,food_beverage_002_013,常温液态奶,BELONGS_TO_IND_NODE,2026-07-28,,联网搜索
3325745,新希望乳业股份有限公司,food_beverage_002_015,低温乳制品,BELONGS_TO_IND_NODE,2026-07-28,,联网搜索
6108137,太兴集团控股有限公司,food_beverage_007_005,餐饮与团餐渠道,BELONGS_TO_IND_NODE,2026-07-28,,联网搜索
1113184,江西天新药业股份有限公司,food_beverage_006_025,营养强化剂,BELONGS_TO_IND_NODE,2026-07-28,,联网搜索
278335,国美零售控股有限公司,food_beverage_007_001,线下现代渠道,BELONGS_TO_IND_NODE,2026-07-28,,联网搜索
3351741,乐氏国际控股集团有限公司,food_beverage_007_015,冷链仓储,BELONGS_TO_IND_NODE,2026-07-28,,联网搜索
5387853,江西国光商业连锁股份有限公司,food_beverage_007_002,商超卖场,BELONGS_TO_IND_NODE,2026-07-28,,联网搜索
1184363,翠华控股有限公司,food_beverage_007_005,餐饮与团餐渠道,BELONGS_TO_IND_NODE,2026-07-28,,联网搜索
6469501,四川金盆地(集团)有限公司,food_beverage_001_001,白酒,BELONGS_TO_IND_NODE,2026-07-28,,联网搜索
1129425,浙江江山恒亮蜂产品股份有限公司,food_beverage_006_018,甜味剂,BELONGS_TO_IND_NODE,2026-07-28,,联网搜索
1719190,江苏科地现代农业有限公司,food_beverage_006_001,农产品原料,BELONGS_TO_IND_NODE,2026-07-28,,联网搜索
6430117,陕西西瑞(集团)有限责任公司,food_beverage_007_015,冷链仓储,BELONGS_TO_IND_NODE,2026-07-28,,联网搜索
356358,浙江诸暨第一百货有限公司,food_beverage_007_002,商超卖场,BELONGS_TO_IND_NODE,2026-07-28,,联网搜索
6606383,福建省木兰投资集团有限公司,food_beverage_005_005,肉制品加工,BELONGS_TO_IND_NODE,2026-07-28,,联网搜索
3355965,杭州安赛生物科技有限公司,food_beverage_006_018,甜味剂,BELONGS_TO_IND_NODE,2026-07-28,,联网搜索
1159153,新疆冠农集团有限责任公司,food_beverage_006_001,农产品原料,BELONGS_TO_IND_NODE,2026-07-28,,联网搜索
3356274,张家港福吉佳食品股份有限公司,food_beverage_004_010,饼干,BELONGS_TO_IND_NODE,2026-07-28,,联网搜索
267052,长寿花食品股份有限公司,food_beverage_006_005,油料作物,BELONGS_TO_IND_NODE,2026-07-28,,联网搜索
3317340,吉林唐豆豆食品股份有限公司,food_beverage_004_002,坚果炒货,BELONGS_TO_IND_NODE,2026-07-28,,联网搜索
4992654,五谷磨房食品国际控股有限公司,food_beverage_004_002,坚果炒货,BELONGS_TO_IND_NODE,2026-07-28,,联网搜索
3355938,滨州隆鑫天润食品股份有限公司,food_beverage_006_002,粮食作物,BELONGS_TO_IND_NODE,2026-07-28,,联网搜索
190618612,龙丰集团控股有限公司,food_beverage_007_002,商超卖场,BELONGS_TO_IND_NODE,2026-07-28,,联网搜索
304471,中国绿色食品(控股)有限公司,food_beverage_006_013,果蔬原料,BELONGS_TO_IND_NODE,2026-07-28,,联网搜索
1253129,泛湾物流股份有限公司,food_beverage_007_015,冷链仓储,BELONGS_TO_IND_NODE,2026-07-28,,联网搜索
1122057,西安力邦临床营养股份有限公司,food_beverage_005_011,保健食品制造,BELONGS_TO_IND_NODE,2026-07-28,,联网搜索
3356657,江苏味巴哥食品股份有限公司,food_beverage_005_006,熟肉制品加工,BELONGS_TO_IND_NODE,2026-07-28,,联网搜索
3293738,山东凤祥股份有限公司,food_beverage_005_005,肉制品加工,BELONGS_TO_IND_NODE,2026-07-28,,联网搜索
3356184,山东东阿百年堂阿胶生物制品股份有限公司,food_beverage_005_016,营养补充食品,BELONGS_TO_IND_NODE,2026-07-28,,联网搜索
3320132,运兴泰集团控股有限公司,food_beverage_005_005,肉制品加工,BELONGS_TO_IND_NODE,2026-07-28,,联网搜索
1146100,云浮市新金山生物科技股份有限公司,food_beverage_006_018,甜味剂,BELONGS_TO_IND_NODE,2026-07-28,,联网搜索
1324486,山东国新食品有限公司,food_beverage_005_005,肉制品加工,BELONGS_TO_IND_NODE,2026-07-28,,联网搜索
3347614,1957 & Co.(Hospitality) Limited,food_beverage_007_005,餐饮与团餐渠道,BELONGS_TO_IND_NODE,2026-07-28,,联网搜索
3356574,贵州博联茶业股份有限公司,food_beverage_006_015,茶叶与植物原料,BELONGS_TO_IND_NODE,2026-07-28,,联网搜索
5387854,甘源食品股份有限公司,food_beverage_004_002,坚果炒货,BELONGS_TO_IND_NODE,2026-07-28,,联网搜索
338302,上海万庆仓储有限公司,food_beverage_007_015,冷链仓储,BELONGS_TO_IND_NODE,2026-07-28,,联网搜索
9825878,沈阳诚真餐饮有限公司,food_beverage_007_005,餐饮与团餐渠道,BELONGS_TO_IND_NODE,2026-07-28,,联网搜索
5050559,秀商时代控股有限公司,food_beverage_007_006,线上电商渠道,BELONGS_TO_IND_NODE,2026-07-28,,联网搜索
1146945,香驰控股有限公司,food_beverage_006_005,油料作物,BELONGS_TO_IND_NODE,2026-07-28,,联网搜索
1127774,内蒙古蒙都羊业食品股份有限公司,food_beverage_005_005,肉制品加工,BELONGS_TO_IND_NODE,2026-07-28,,联网搜索
1334751,华凯易佰科技股份有限公司,food_beverage_007_006,线上电商渠道,BELONGS_TO_IND_NODE,2026-07-28,,联网搜索
1114957,浙江一鸣食品股份有限公司,food_beverage_002_015,低温乳制品,BELONGS_TO_IND_NODE,2026-07-28,,联网搜索
1293820,香草香草(北京)科技股份有限公司,food_beverage_007_005,餐饮与团餐渠道,BELONGS_TO_IND_NODE,2026-07-28,,联网搜索
1783585,南通光合生物技术股份有限公司,food_beverage_006_026,酶制剂与发酵配料,BELONGS_TO_IND_NODE,2026-07-28,,联网搜索
1165327,江西省百乐米业股份有限公司,food_beverage_006_002,粮食作物,BELONGS_TO_IND_NODE,2026-07-28,,联网搜索
1164566,金乡县华光食品进出口有限公司,food_beverage_006_013,果蔬原料,BELONGS_TO_IND_NODE,2026-07-28,,联网搜索
277047,苏宁易购集团股份有限公司,food_beverage_007_006,线上电商渠道,BELONGS_TO_IND_NODE,2026-07-28,,联网搜索
781652,朗源股份有限公司,food_beverage_006_013,果蔬原料,BELONGS_TO_IND_NODE,2026-07-28,,联网搜索
5058710,Legion Consortium Limited,food_beverage_007_015,冷链仓储,BELONGS_TO_IND_NODE,2026-07-28,,联网搜索
1284471,东莞铭丰包装股份有限公司,food_beverage_006_029,纸包装,BELONGS_TO_IND_NODE,2026-07-28,,联网搜索
1731025,河北千喜鹤饮食股份有限公司,food_beverage_007_005,餐饮与团餐渠道,BELONGS_TO_IND_NODE,2026-07-28,,联网搜索
1710568,黄骅市鑫茂肉类食品有限公司,food_beverage_005_005,肉制品加工,BELONGS_TO_IND_NODE,2026-07-28,,联网搜索
1326435,浙江银泰百货有限公司,food_beverage_007_002,商超卖场,BELONGS_TO_IND_NODE,2026-07-28,,联网搜索
1090456,江苏联泰时尚购物广场置业有限公司,food_beverage_007_002,商超卖场,BELONGS_TO_IND_NODE,2026-07-28,,联网搜索
5235398,无锡华商通科技有限公司,food_beverage_007_006,线上电商渠道,BELONGS_TO_IND_NODE,2026-07-28,,联网搜索
6562787,东莞长安万达广场有限公司,food_beverage_007_002,商超卖场,BELONGS_TO_IND_NODE,2026-07-28,,联网搜索
1881999,北京华都饭店有限责任公司,food_beverage_007_005,餐饮与团餐渠道,BELONGS_TO_IND_NODE,2026-07-28,,联网搜索
1147197,伟鸿食品股份有限公司,food_beverage_005_006,熟肉制品加工,BELONGS_TO_IND_NODE,2026-07-28,,联网搜索
1128704,肇东汇源食品饮料有限公司,food_beverage_002_005,果汁与果蔬饮料,BELONGS_TO_IND_NODE,2026-07-28,,联网搜索
642019,江苏润恒物流发展有限公司,food_beverage_007_013,冷链物流与仓储,BELONGS_TO_IND_NODE,2026-07-28,,联网搜索
5202424,上海界龙派而普包装科技有限公司,food_beverage_006_035,复合软包装,BELONGS_TO_IND_NODE,2026-07-28,,联网搜索
6462209,吉林梅花氨基酸有限责任公司,food_beverage_003_013,味精与鸡精,BELONGS_TO_IND_NODE,2026-07-28,,联网搜索
1736639,青岛天璇物流股份有限公司,food_beverage_007_015,冷链仓储,BELONGS_TO_IND_NODE,2026-07-28,,联网搜索
1736639,青岛天璇物流股份有限公司,food_beverage_007_018,冷链运输,BELONGS_TO_IND_NODE,2026-07-28,,联网搜索
5386571,中饮巴比食品股份有限公司,food_beverage_004_004,烘焙食品制造,BELONGS_TO_IND_NODE,2026-07-28,,联网搜索
1299128,中国供销集团南通供销产业发展有限公司,food_beverage_006_001,农产品原料,BELONGS_TO_IND_NODE,2026-07-28,,联网搜索
4316063,中海外江苏贸易发展有限公司,food_beverage_007_002,商超卖场,BELONGS_TO_IND_NODE,2026-07-28,,联网搜索
8030048,牧同科技股份有限公司,food_beverage_002_012,乳制品制造,BELONGS_TO_IND_NODE,2026-07-28,,联网搜索
7921545,黄淮农产品股份有限公司,food_beverage_007_002,商超卖场,BELONGS_TO_IND_NODE,2026-07-28,,联网搜索
1126057,山东圣水峪矿泉水有限公司,food_beverage_002_001,包装饮用水,BELONGS_TO_IND_NODE,2026-07-28,,联网搜索
1288524,山东大地肉牛清真食品股份有限公司,food_beverage_005_005,肉制品加工,BELONGS_TO_IND_NODE,2026-07-28,,联网搜索
7257914,内蒙古田牧实业(集团)股份有限公司,food_beverage_007_002,商超卖场,BELONGS_TO_IND_NODE,2026-07-28,,联网搜索
6276938,佛山睿信物流管理有限公司,food_beverage_007_015,冷链仓储,BELONGS_TO_IND_NODE,2026-07-28,,联网搜索
1249915,河南神州康达科技发展股份有限公司,food_beverage_002_002,碳酸饮料,BELONGS_TO_IND_NODE,2026-07-28,,联网搜索
2177199,上海上房现代物流有限公司,food_beverage_007_015,冷链仓储,BELONGS_TO_IND_NODE,2026-07-28,,联网搜索
5133149,江西齐云山食品股份有限公司,food_beverage_004_009,蜜饯果冻,BELONGS_TO_IND_NODE,2026-07-28,,联网搜索
6452628,中垦牧乳业(集团)股份有限公司,food_beverage_002_012,乳制品制造,BELONGS_TO_IND_NODE,2026-07-28,,联网搜索
1703438,广西博宣食品有限公司,food_beverage_006_007,糖料作物,BELONGS_TO_IND_NODE,2026-07-28,,联网搜索
5917975,西安德乾仓储发展有限公司,food_beverage_007_015,冷链仓储,BELONGS_TO_IND_NODE,2026-07-28,,联网搜索
102547814,永康控股有限公司,food_beverage_007_015,冷链仓储,BELONGS_TO_IND_NODE,2026-07-28,,联网搜索
